dataset,scenario,method,metric,score
bct,full_annotated_supervised,ItClust,ARI_cluster/label,0.999187
bct,full_annotated_supervised,ItClust,ASW_label,0.978693
bct,full_annotated_supervised,ItClust,ASW_label/batch,0.889558
bct,full_annotated_supervised,ItClust,NMI_cluster/label,0.997495
bct,full_annotated_supervised,ItClust,graph_conn,1
bct,full_annotated_supervised,ItClust,isolated_label_F1,0.999784
bct,full_annotated_supervised,ItClust,isolated_label_silhouette,0.978077
bct,full_annotated_supervised,ItClust,kBET,0.406853
bct,full_annotated_supervised,ItClust,lisi_b,0.368578
bct,full_annotated_supervised,ItClust,lisi_c,0.999758
bct,full_annotated_supervised,ItClust,lisi_f1,0.538594
bct,full_annotated_supervised,ItClust,pos_rate,0.999652
bct,full_annotated_supervised,ItClust,truepos_rate,0.552636
bct,full_annotated_supervised,STACAS,ARI_cluster/label,0.988283
bct,full_annotated_supervised,STACAS,ASW_label,0.68764
bct,full_annotated_supervised,STACAS,ASW_label/batch,0.877948
bct,full_annotated_supervised,STACAS,NMI_cluster/label,0.973115
bct,full_annotated_supervised,STACAS,graph_conn,1
bct,full_annotated_supervised,STACAS,isolated_label_F1,0.995706
bct,full_annotated_supervised,STACAS,isolated_label_silhouette,0.677556
bct,full_annotated_supervised,STACAS,kBET,0.0367791
bct,full_annotated_supervised,STACAS,lisi_b,0.104235
bct,full_annotated_supervised,STACAS,lisi_c,0.996982
bct,full_annotated_supervised,STACAS,lisi_f1,0.188737
bct,full_annotated_supervised,STACAS,pos_rate,0.997042
bct,full_annotated_supervised,STACAS,truepos_rate,0.0509831
bct,full_annotated_supervised,scANVI,ARI_cluster/label,0.979132
bct,full_annotated_supervised,scANVI,ASW_label,0.592679
bct,full_annotated_supervised,scANVI,ASW_label/batch,0.957571
bct,full_annotated_supervised,scANVI,NMI_cluster/label,0.959885
bct,full_annotated_supervised,scANVI,graph_conn,1
bct,full_annotated_supervised,scANVI,isolated_label_F1,0.989801
bct,full_annotated_supervised,scANVI,isolated_label_silhouette,0.596444
bct,full_annotated_supervised,scANVI,kBET,0.220818
bct,full_annotated_supervised,scANVI,lisi_b,0.306423
bct,full_annotated_supervised,scANVI,lisi_c,0.990703
bct,full_annotated_supervised,scANVI,lisi_f1,0.468072
bct,full_annotated_supervised,scANVI,pos_rate,0.995998
bct,full_annotated_supervised,scANVI,truepos_rate,0.350966
bct,full_annotated_supervised,scDREAMER,ARI_cluster/label,0.986269
bct,full_annotated_supervised,scDREAMER,ASW_label,0.753792
bct,full_annotated_supervised,scDREAMER,ASW_label/batch,0.937058
bct,full_annotated_supervised,scDREAMER,NMI_cluster/label,0.971715
bct,full_annotated_supervised,scDREAMER,graph_conn,1
bct,full_annotated_supervised,scDREAMER,isolated_label_F1,0.993115
bct,full_annotated_supervised,scDREAMER,isolated_label_silhouette,0.749405
bct,full_annotated_supervised,scDREAMER,kBET,0.377254
bct,full_annotated_supervised,scDREAMER,lisi_b,0.347459
bct,full_annotated_supervised,scDREAMER,lisi_c,0.997497
bct,full_annotated_supervised,scDREAMER,lisi_f1,0.515391
bct,full_annotated_supervised,scDREAMER,pos_rate,0.999826
bct,full_annotated_supervised,scDREAMER,truepos_rate,0.551766
bct,full_annotated_supervised,scGEN,ARI_cluster/label,0.984311
bct,full_annotated_supervised,scGEN,ASW_label,0.672742
bct,full_annotated_supervised,scGEN,ASW_label/batch,0.903942
bct,full_annotated_supervised,scGEN,NMI_cluster/label,0.967745
bct,full_annotated_supervised,scGEN,graph_conn,0.999776
bct,full_annotated_supervised,scGEN,isolated_label_F1,0.993995
bct,full_annotated_supervised,scGEN,isolated_label_silhouette,0.666314
bct,full_annotated_supervised,scGEN,kBET,0.187562
bct,full_annotated_supervised,scGEN,lisi_b,0.229025
bct,full_annotated_supervised,scGEN,lisi_c,0.994496
bct,full_annotated_supervised,scGEN,lisi_f1,0.372309
bct,full_annotated_supervised,scGEN,pos_rate,0.995824
bct,full_annotated_supervised,scGEN,truepos_rate,0.28554
bct,partially_annotated_batches_1,ItClust,ARI_cluster/label,0.534977
bct,partially_annotated_batches_1,ItClust,ASW_label,0.791981
bct,partially_annotated_batches_1,ItClust,ASW_label/batch,0.635309
bct,partially_annotated_batches_1,ItClust,NMI_cluster/label,0.637221
bct,partially_annotated_batches_1,ItClust,graph_conn,0.755941
bct,partially_annotated_batches_1,ItClust,kBET,0
bct,partially_annotated_batches_1,ItClust,lisi_b,0.114
bct,partially_annotated_batches_1,ItClust,lisi_c,0.909
bct,partially_annotated_batches_1,ItClust,lisi_f1,0.203
bct,partially_annotated_batches_1,ItClust,pos_rate,0.91352
bct,partially_annotated_batches_1,ItClust,truepos_rate,0
bct,partially_annotated_batches_1,scANVI,ARI_cluster/label,0.972229
bct,partially_annotated_batches_1,scANVI,ASW_label,0.583573
bct,partially_annotated_batches_1,scANVI,ASW_label/batch,0.957282
bct,partially_annotated_batches_1,scANVI,NMI_cluster/label,0.947327
bct,partially_annotated_batches_1,scANVI,graph_conn,1
bct,partially_annotated_batches_1,scANVI,kBET,0.205751
bct,partially_annotated_batches_1,scANVI,lisi_b,0.31
bct,partially_annotated_batches_1,scANVI,lisi_c,0.989
bct,partially_annotated_batches_1,scANVI,lisi_f1,0.471
bct,partially_annotated_batches_1,scANVI,pos_rate,0.99565
bct,partially_annotated_batches_1,scANVI,truepos_rate,0.344876
bct,partially_annotated_batches_1,scDREAMER,ARI_cluster/label,0.762044
bct,partially_annotated_batches_1,scDREAMER,ASW_label,0.693441
bct,partially_annotated_batches_1,scDREAMER,ASW_label/batch,0.878734
bct,partially_annotated_batches_1,scDREAMER,NMI_cluster/label,0.783903
bct,partially_annotated_batches_1,scDREAMER,graph_conn,0.999776
bct,partially_annotated_batches_1,scDREAMER,kBET,0.001416
bct,partially_annotated_batches_1,scDREAMER,lisi_b,0.151
bct,partially_annotated_batches_1,scDREAMER,lisi_c,0.996
bct,partially_annotated_batches_1,scDREAMER,lisi_f1,0.263
bct,partially_annotated_batches_1,scDREAMER,pos_rate,0.998086
bct,partially_annotated_batches_1,scDREAMER,truepos_rate,0.00295807
bct,partially_annotated_batches_1,scGEN,ARI_cluster/label,0.77441
bct,partially_annotated_batches_1,scGEN,ASW_label,0.644998
bct,partially_annotated_batches_1,scGEN,ASW_label/batch,0.905148
bct,partially_annotated_batches_1,scGEN,NMI_cluster/label,0.8048
bct,partially_annotated_batches_1,scGEN,graph_conn,1
bct,partially_annotated_batches_1,scGEN,kBET,0.008618
bct,partially_annotated_batches_1,scGEN,lisi_b,0.116
bct,partially_annotated_batches_1,scGEN,lisi_c,0.995
bct,partially_annotated_batches_1,scGEN,lisi_f1,0.207
bct,partially_annotated_batches_1,scGEN,pos_rate,0.996346
bct,partially_annotated_batches_1,scGEN,truepos_rate,0.0351488
bct,partially_annotated_batches_2,ItClust,ARI_cluster/label,0.0920748
bct,partially_annotated_batches_2,ItClust,ASW_label,0.542092
bct,partially_annotated_batches_2,ItClust,ASW_label/batch,0.521031
bct,partially_annotated_batches_2,ItClust,NMI_cluster/label,0.219781
bct,partially_annotated_batches_2,ItClust,graph_conn,0.897186
bct,partially_annotated_batches_2,ItClust,kBET,0
bct,partially_annotated_batches_2,ItClust,lisi_b,0.127
bct,partially_annotated_batches_2,ItClust,lisi_c,0.746
bct,partially_annotated_batches_2,ItClust,lisi_f1,0.217
bct,partially_annotated_batches_2,ItClust,pos_rate,0.759701
bct,partially_annotated_batches_2,ItClust,truepos_rate,0.153123
bct,partially_annotated_batches_2,scANVI,ARI_cluster/label,0.967572
bct,partially_annotated_batches_2,scANVI,ASW_label,0.581557
bct,partially_annotated_batches_2,scANVI,ASW_label/batch,0.95724
bct,partially_annotated_batches_2,scANVI,NMI_cluster/label,0.940795
bct,partially_annotated_batches_2,scANVI,graph_conn,1
bct,partially_annotated_batches_2,scANVI,kBET,0.222732
bct,partially_annotated_batches_2,scANVI,lisi_b,0.32
bct,partially_annotated_batches_2,scANVI,lisi_c,0.988
bct,partially_annotated_batches_2,scANVI,lisi_f1,0.484
bct,partially_annotated_batches_2,scANVI,pos_rate,0.994606
bct,partially_annotated_batches_2,scANVI,truepos_rate,0.371846
bct,partially_annotated_batches_2,scDREAMER,ARI_cluster/label,0.762313
bct,partially_annotated_batches_2,scDREAMER,ASW_label,0.679991
bct,partially_annotated_batches_2,scDREAMER,ASW_label/batch,0.872744
bct,partially_annotated_batches_2,scDREAMER,NMI_cluster/label,0.785835
bct,partially_annotated_batches_2,scDREAMER,graph_conn,1
bct,partially_annotated_batches_2,scDREAMER,kBET,0.006498
bct,partially_annotated_batches_2,scDREAMER,lisi_b,0.144
bct,partially_annotated_batches_2,scDREAMER,lisi_c,0.994
bct,partially_annotated_batches_2,scDREAMER,lisi_f1,0.251
bct,partially_annotated_batches_2,scDREAMER,pos_rate,0.996694
bct,partially_annotated_batches_2,scDREAMER,truepos_rate,0.00261006
bct,partially_annotated_batches_2,scGEN,ARI_cluster/label,0.611647
bct,partially_annotated_batches_2,scGEN,ASW_label,0.640573
bct,partially_annotated_batches_2,scGEN,ASW_label/batch,0.804969
bct,partially_annotated_batches_2,scGEN,NMI_cluster/label,0.699086
bct,partially_annotated_batches_2,scGEN,graph_conn,1
bct,partially_annotated_batches_2,scGEN,kBET,0.004351
bct,partially_annotated_batches_2,scGEN,lisi_b,0.034
bct,partially_annotated_batches_2,scGEN,lisi_c,0.994
bct,partially_annotated_batches_2,scGEN,lisi_f1,0.066
bct,partially_annotated_batches_2,scGEN,pos_rate,0.996172
bct,partially_annotated_batches_2,scGEN,truepos_rate,0.0215765
bct,randomly_missing_30,ItClust,ARI_cluster/label,0.552825
bct,randomly_missing_30,ItClust,ASW_label,0.758113
bct,randomly_missing_30,ItClust,ASW_label/batch,0.963559
bct,randomly_missing_30,ItClust,NMI_cluster/label,0.622579
bct,randomly_missing_30,ItClust,graph_conn,0.995511
bct,randomly_missing_30,ItClust,isolated_label_F1,0.792103
bct,randomly_missing_30,ItClust,isolated_label_silhouette,0.755775
bct,randomly_missing_30,ItClust,kBET,0.589834
bct,randomly_missing_30,ItClust,lisi_b,0.479943
bct,randomly_missing_30,ItClust,lisi_c,0.958804
bct,randomly_missing_30,ItClust,lisi_f1,0.639683
bct,randomly_missing_30,ItClust,pos_rate,0.968853
bct,randomly_missing_30,ItClust,truepos_rate,0.71359
bct,randomly_missing_30,STACAS,ARI_cluster/label,0.989644
bct,randomly_missing_30,STACAS,ASW_label,0.684959
bct,randomly_missing_30,STACAS,ASW_label/batch,0.875109
bct,randomly_missing_30,STACAS,NMI_cluster/label,0.975805
bct,randomly_missing_30,STACAS,graph_conn,1
bct,randomly_missing_30,STACAS,isolated_label_F1,0.996027
bct,randomly_missing_30,STACAS,isolated_label_silhouette,0.674905
bct,randomly_missing_30,STACAS,kBET,0.0264118
bct,randomly_missing_30,STACAS,lisi_b,0.0931712
bct,randomly_missing_30,STACAS,lisi_c,0.996846
bct,randomly_missing_30,STACAS,lisi_f1,0.170414
bct,randomly_missing_30,STACAS,pos_rate,0.996694
bct,randomly_missing_30,STACAS,truepos_rate,0.0365408
bct,randomly_missing_30,scANVI,ARI_cluster/label,0.982941
bct,randomly_missing_30,scANVI,ASW_label,0.586992
bct,randomly_missing_30,scANVI,ASW_label/batch,0.954959
bct,randomly_missing_30,scANVI,NMI_cluster/label,0.963111
bct,randomly_missing_30,scANVI,graph_conn,1
bct,randomly_missing_30,scANVI,isolated_label_F1,0.992625
bct,randomly_missing_30,scANVI,isolated_label_silhouette,0.590418
bct,randomly_missing_30,scANVI,kBET,0.223599
bct,randomly_missing_30,scANVI,lisi_b,0.316505
bct,randomly_missing_30,scANVI,lisi_c,0.990537
bct,randomly_missing_30,scANVI,lisi_f1,0.479724
bct,randomly_missing_30,scANVI,pos_rate,0.995302
bct,randomly_missing_30,scANVI,truepos_rate,0.348182
bct,randomly_missing_30,scDREAMER,ARI_cluster/label,0.702433
bct,randomly_missing_30,scDREAMER,ASW_label,0.743407
bct,randomly_missing_30,scDREAMER,ASW_label/batch,0.941859
bct,randomly_missing_30,scDREAMER,NMI_cluster/label,0.8004
bct,randomly_missing_30,scDREAMER,graph_conn,0.999776
bct,randomly_missing_30,scDREAMER,isolated_label_F1,0.877667
bct,randomly_missing_30,scDREAMER,isolated_label_silhouette,0.738049
bct,randomly_missing_30,scDREAMER,kBET,0.390181
bct,randomly_missing_30,scDREAMER,lisi_b,0.363749
bct,randomly_missing_30,scDREAMER,lisi_c,0.995919
bct,randomly_missing_30,scDREAMER,lisi_f1,0.532872
bct,randomly_missing_30,scDREAMER,pos_rate,0.996868
bct,randomly_missing_30,scDREAMER,truepos_rate,0.578389
bct,randomly_missing_30,scGEN,ARI_cluster/label,0.981043
bct,randomly_missing_30,scGEN,ASW_label,0.645202
bct,randomly_missing_30,scGEN,ASW_label/batch,0.903402
bct,randomly_missing_30,scGEN,NMI_cluster/label,0.961522
bct,randomly_missing_30,scGEN,graph_conn,0.999119
bct,randomly_missing_30,scGEN,isolated_label_F1,0.993482
bct,randomly_missing_30,scGEN,isolated_label_silhouette,0.636735
bct,randomly_missing_30,scGEN,kBET,0.19912
bct,randomly_missing_30,scGEN,lisi_b,0.231816
bct,randomly_missing_30,scGEN,lisi_c,0.992281
bct,randomly_missing_30,scGEN,lisi_f1,0.375831
bct,randomly_missing_30,scGEN,pos_rate,0.993736
bct,randomly_missing_30,scGEN,truepos_rate,0.301723
bct,randomly_missing_50,ItClust,ARI_cluster/label,0.375277
bct,randomly_missing_50,ItClust,ASW_label,0.618435
bct,randomly_missing_50,ItClust,ASW_label/batch,0.916753
bct,randomly_missing_50,ItClust,NMI_cluster/label,0.501843
bct,randomly_missing_50,ItClust,graph_conn,0.837616
bct,randomly_missing_50,ItClust,isolated_label_F1,0.681622
bct,randomly_missing_50,ItClust,isolated_label_silhouette,0.619311
bct,randomly_missing_50,ItClust,kBET,0.651732
bct,randomly_missing_50,ItClust,lisi_b,0.493723
bct,randomly_missing_50,ItClust,lisi_c,0.910042
bct,randomly_missing_50,ItClust,lisi_f1,0.640148
bct,randomly_missing_50,ItClust,pos_rate,0.93092
bct,randomly_missing_50,ItClust,truepos_rate,0.784757
bct,randomly_missing_50,STACAS,ARI_cluster/label,0.99059
bct,randomly_missing_50,STACAS,ASW_label,0.685609
bct,randomly_missing_50,STACAS,ASW_label/batch,0.876285
bct,randomly_missing_50,STACAS,NMI_cluster/label,0.978273
bct,randomly_missing_50,STACAS,graph_conn,1
bct,randomly_missing_50,STACAS,isolated_label_F1,0.996242
bct,randomly_missing_50,STACAS,isolated_label_silhouette,0.675469
bct,randomly_missing_50,STACAS,kBET,0.0262967
bct,randomly_missing_50,STACAS,lisi_b,0.0916914
bct,randomly_missing_50,STACAS,lisi_c,0.996838
bct,randomly_missing_50,STACAS,lisi_f1,0.167936
bct,randomly_missing_50,STACAS,pos_rate,0.996346
bct,randomly_missing_50,STACAS,truepos_rate,0.0306247
bct,randomly_missing_50,scANVI,ARI_cluster/label,0.973793
bct,randomly_missing_50,scANVI,ASW_label,0.585865
bct,randomly_missing_50,scANVI,ASW_label/batch,0.9572
bct,randomly_missing_50,scANVI,NMI_cluster/label,0.949706
bct,randomly_missing_50,scANVI,graph_conn,1
bct,randomly_missing_50,scANVI,isolated_label_F1,0.990736
bct,randomly_missing_50,scANVI,isolated_label_silhouette,0.589085
bct,randomly_missing_50,scANVI,kBET,0.211966
bct,randomly_missing_50,scANVI,lisi_b,0.306985
bct,randomly_missing_50,scANVI,lisi_c,0.988879
bct,randomly_missing_50,scANVI,lisi_f1,0.468523
bct,randomly_missing_50,scANVI,pos_rate,0.994954
bct,randomly_missing_50,scANVI,truepos_rate,0.345224
bct,randomly_missing_50,scDREAMER,ARI_cluster/label,0.635055
bct,randomly_missing_50,scDREAMER,ASW_label,0.734104
bct,randomly_missing_50,scDREAMER,ASW_label/batch,0.939064
bct,randomly_missing_50,scDREAMER,NMI_cluster/label,0.771985
bct,randomly_missing_50,scDREAMER,graph_conn,0.999776
bct,randomly_missing_50,scDREAMER,isolated_label_F1,0.779149
bct,randomly_missing_50,scDREAMER,isolated_label_silhouette,0.728411
bct,randomly_missing_50,scDREAMER,kBET,0.390234
bct,randomly_missing_50,scDREAMER,lisi_b,0.365587
bct,randomly_missing_50,scDREAMER,lisi_c,0.995348
bct,randomly_missing_50,scDREAMER,lisi_f1,0.534759
bct,randomly_missing_50,scDREAMER,pos_rate,0.996346
bct,randomly_missing_50,scDREAMER,truepos_rate,0.572473
bct,randomly_missing_50,scGEN,ARI_cluster/label,0.977304
bct,randomly_missing_50,scGEN,ASW_label,0.64453
bct,randomly_missing_50,scGEN,ASW_label/batch,0.86694
bct,randomly_missing_50,scGEN,NMI_cluster/label,0.956523
bct,randomly_missing_50,scGEN,graph_conn,0.999552
bct,randomly_missing_50,scGEN,isolated_label_F1,0.991493
bct,randomly_missing_50,scGEN,isolated_label_silhouette,0.636369
bct,randomly_missing_50,scGEN,kBET,0.147995
bct,randomly_missing_50,scGEN,lisi_b,0.183504
bct,randomly_missing_50,scGEN,lisi_c,0.992814
bct,randomly_missing_50,scGEN,lisi_f1,0.309755
bct,randomly_missing_50,scGEN,pos_rate,0.993562
bct,randomly_missing_50,scGEN,truepos_rate,0.215591
bct,randomly_missing_70,ItClust,ARI_cluster/label,0.381155
bct,randomly_missing_70,ItClust,ASW_label,0.548264
bct,randomly_missing_70,ItClust,ASW_label/batch,0.896215
bct,randomly_missing_70,ItClust,NMI_cluster/label,0.510052
bct,randomly_missing_70,ItClust,graph_conn,0.773027
bct,randomly_missing_70,ItClust,isolated_label_F1,0.636681
bct,randomly_missing_70,ItClust,isolated_label_silhouette,0.539852
bct,randomly_missing_70,ItClust,kBET,0.578955
bct,randomly_missing_70,ItClust,lisi_b,0.466149
bct,randomly_missing_70,ItClust,lisi_c,0.908284
bct,randomly_missing_70,ItClust,lisi_f1,0.616102
bct,randomly_missing_70,ItClust,pos_rate,0.91961
bct,randomly_missing_70,ItClust,truepos_rate,0.652688
bct,randomly_missing_70,STACAS,ARI_cluster/label,0.990574
bct,randomly_missing_70,STACAS,ASW_label,0.684957
bct,randomly_missing_70,STACAS,ASW_label/batch,0.874057
bct,randomly_missing_70,STACAS,NMI_cluster/label,0.977762
bct,randomly_missing_70,STACAS,graph_conn,1
bct,randomly_missing_70,STACAS,isolated_label_F1,0.952341
bct,randomly_missing_70,STACAS,isolated_label_silhouette,0.674769
bct,randomly_missing_70,STACAS,kBET,0.026968
bct,randomly_missing_70,STACAS,lisi_b,0.0922893
bct,randomly_missing_70,STACAS,lisi_c,0.996867
bct,randomly_missing_70,STACAS,lisi_f1,0.168938
bct,randomly_missing_70,STACAS,pos_rate,0.996346
bct,randomly_missing_70,STACAS,truepos_rate,0.0313207
bct,randomly_missing_70,scANVI,ARI_cluster/label,0.97631
bct,randomly_missing_70,scANVI,ASW_label,0.582628
bct,randomly_missing_70,scANVI,ASW_label/batch,0.958171
bct,randomly_missing_70,scANVI,NMI_cluster/label,0.949878
bct,randomly_missing_70,scANVI,graph_conn,1
bct,randomly_missing_70,scANVI,isolated_label_F1,0.990176
bct,randomly_missing_70,scANVI,isolated_label_silhouette,0.585208
bct,randomly_missing_70,scANVI,kBET,0.233521
bct,randomly_missing_70,scANVI,lisi_b,0.312317
bct,randomly_missing_70,scANVI,lisi_c,0.987959
bct,randomly_missing_70,scANVI,lisi_f1,0.474602
bct,randomly_missing_70,scANVI,pos_rate,0.99478
bct,randomly_missing_70,scANVI,truepos_rate,0.362276
bct,randomly_missing_70,scDREAMER,ARI_cluster/label,0.703579
bct,randomly_missing_70,scDREAMER,ASW_label,0.725192
bct,randomly_missing_70,scDREAMER,ASW_label/batch,0.947203
bct,randomly_missing_70,scDREAMER,NMI_cluster/label,0.79867
bct,randomly_missing_70,scDREAMER,graph_conn,1
bct,randomly_missing_70,scDREAMER,isolated_label_F1,0.813466
bct,randomly_missing_70,scDREAMER,isolated_label_silhouette,0.719819
bct,randomly_missing_70,scDREAMER,kBET,0.430289
bct,randomly_missing_70,scDREAMER,lisi_b,0.367914
bct,randomly_missing_70,scDREAMER,lisi_c,0.994315
bct,randomly_missing_70,scDREAMER,lisi_f1,0.537093
bct,randomly_missing_70,scDREAMER,pos_rate,0.995302
bct,randomly_missing_70,scDREAMER,truepos_rate,0.601705
bct,randomly_missing_70,scGEN,ARI_cluster/label,0.975791
bct,randomly_missing_70,scGEN,ASW_label,0.639255
bct,randomly_missing_70,scGEN,ASW_label/batch,0.860444
bct,randomly_missing_70,scGEN,NMI_cluster/label,0.952341
bct,randomly_missing_70,scGEN,graph_conn,0.999103
bct,randomly_missing_70,scGEN,isolated_label_F1,0.992633
bct,randomly_missing_70,scGEN,isolated_label_silhouette,0.626386
bct,randomly_missing_70,scGEN,kBET,0.101819
bct,randomly_missing_70,scGEN,lisi_b,0.151502
bct,randomly_missing_70,scGEN,lisi_c,0.991421
bct,randomly_missing_70,scGEN,lisi_f1,0.262839
bct,randomly_missing_70,scGEN,pos_rate,0.993562
bct,randomly_missing_70,scGEN,truepos_rate,0.122847
bct,randomly_wrong_30,ItClust,ARI_cluster/label,0.198813
bct,randomly_wrong_30,ItClust,ASW_label,0.638452
bct,randomly_wrong_30,ItClust,ASW_label/batch,0.927388
bct,randomly_wrong_30,ItClust,NMI_cluster/label,0.258525
bct,randomly_wrong_30,ItClust,graph_conn,0.846186
bct,randomly_wrong_30,ItClust,kBET,0.499687
bct,randomly_wrong_30,ItClust,pos_rate,0.776405
bct,randomly_wrong_30,ItClust,truepos_rate,0.543588
bct,randomly_wrong_30,STACAS,ARI_cluster/label,0.953609
bct,randomly_wrong_30,STACAS,ASW_label,0.60847
bct,randomly_wrong_30,STACAS,ASW_label/batch,0.827073
bct,randomly_wrong_30,STACAS,NMI_cluster/label,0.92862
bct,randomly_wrong_30,STACAS,graph_conn,0.999749
bct,randomly_wrong_30,STACAS,kBET,0.0830235
bct,randomly_wrong_30,STACAS,pos_rate,0.99478
bct,randomly_wrong_30,STACAS,truepos_rate,0.103532
bct,randomly_wrong_30,scANVI,ARI_cluster/label,0.973075
bct,randomly_wrong_30,scANVI,ASW_label,0.566679
bct,randomly_wrong_30,scANVI,ASW_label/batch,0.95527
bct,randomly_wrong_30,scANVI,NMI_cluster/label,0.945951
bct,randomly_wrong_30,scANVI,graph_conn,1
bct,randomly_wrong_30,scANVI,kBET,0.215019
bct,randomly_wrong_30,scANVI,pos_rate,0.993736
bct,randomly_wrong_30,scANVI,truepos_rate,0.342962
bct,randomly_wrong_30,scDREAMER,ARI_cluster/label,0.59761
bct,randomly_wrong_30,scDREAMER,ASW_label,0.692071
bct,randomly_wrong_30,scDREAMER,ASW_label/batch,0.951042
bct,randomly_wrong_30,scDREAMER,NMI_cluster/label,0.706338
bct,randomly_wrong_30,scDREAMER,graph_conn,1
bct,randomly_wrong_30,scDREAMER,kBET,0.46113
bct,randomly_wrong_30,scDREAMER,pos_rate,0.996694
bct,randomly_wrong_30,scDREAMER,truepos_rate,0.63233
bct,randomly_wrong_30,scGEN,ARI_cluster/label,0.981062
bct,randomly_wrong_30,scGEN,ASW_label,0.64029
bct,randomly_wrong_30,scGEN,ASW_label/batch,0.852692
bct,randomly_wrong_30,scGEN,NMI_cluster/label,0.962058
bct,randomly_wrong_30,scGEN,graph_conn,0.999328
bct,randomly_wrong_30,scGEN,kBET,0.0600345
bct,randomly_wrong_30,scGEN,pos_rate,0.992692
bct,randomly_wrong_30,scGEN,truepos_rate,0.125457
bct,randomly_wrong_50,ItClust,ARI_cluster/label,0.042617
bct,randomly_wrong_50,ItClust,ASW_label,0.517088
bct,randomly_wrong_50,ItClust,ASW_label/batch,0.953454
bct,randomly_wrong_50,ItClust,NMI_cluster/label,0.0891309
bct,randomly_wrong_50,ItClust,graph_conn,0.660928
bct,randomly_wrong_50,ItClust,kBET,0.483411
bct,randomly_wrong_50,ItClust,pos_rate,0.554724
bct,randomly_wrong_50,ItClust,truepos_rate,0.361058
bct,randomly_wrong_50,STACAS,ARI_cluster/label,0.954554
bct,randomly_wrong_50,STACAS,ASW_label,0.607391
bct,randomly_wrong_50,STACAS,ASW_label/batch,0.822783
bct,randomly_wrong_50,STACAS,NMI_cluster/label,0.931271
bct,randomly_wrong_50,STACAS,graph_conn,0.999875
bct,randomly_wrong_50,STACAS,kBET,0.0931475
bct,randomly_wrong_50,STACAS,pos_rate,0.995302
bct,randomly_wrong_50,STACAS,truepos_rate,0.100748
bct,randomly_wrong_50,scANVI,ARI_cluster/label,0.969456
bct,randomly_wrong_50,scANVI,ASW_label,0.564494
bct,randomly_wrong_50,scANVI,ASW_label/batch,0.955734
bct,randomly_wrong_50,scANVI,NMI_cluster/label,0.941517
bct,randomly_wrong_50,scANVI,graph_conn,1
bct,randomly_wrong_50,scANVI,kBET,0.214167
bct,randomly_wrong_50,scANVI,pos_rate,0.991474
bct,randomly_wrong_50,scANVI,truepos_rate,0.345572
bct,randomly_wrong_50,scDREAMER,ARI_cluster/label,0.43388
bct,randomly_wrong_50,scDREAMER,ASW_label,0.677179
bct,randomly_wrong_50,scDREAMER,ASW_label/batch,0.953206
bct,randomly_wrong_50,scDREAMER,NMI_cluster/label,0.649888
bct,randomly_wrong_50,scDREAMER,graph_conn,1
bct,randomly_wrong_50,scDREAMER,kBET,0.449765
bct,randomly_wrong_50,scDREAMER,pos_rate,0.995998
bct,randomly_wrong_50,scDREAMER,truepos_rate,0.64799
bct,randomly_wrong_50,scGEN,ARI_cluster/label,0.832467
bct,randomly_wrong_50,scGEN,ASW_label,0.626106
bct,randomly_wrong_50,scGEN,ASW_label/batch,0.835815
bct,randomly_wrong_50,scGEN,NMI_cluster/label,0.867417
bct,randomly_wrong_50,scGEN,graph_conn,0.999552
bct,randomly_wrong_50,scGEN,kBET,0.0287965
bct,randomly_wrong_50,scGEN,pos_rate,0.994084
bct,randomly_wrong_50,scGEN,truepos_rate,0.0572473
bct,randomly_wrong_70,ItClust,ARI_cluster/label,0.574519
bct,randomly_wrong_70,ItClust,ASW_label,0.844218
bct,randomly_wrong_70,ItClust,ASW_label/batch,0.564268
bct,randomly_wrong_70,ItClust,NMI_cluster/label,0.701483
bct,randomly_wrong_70,ItClust,graph_conn,0.99853
bct,randomly_wrong_70,ItClust,kBET,0.0681988
bct,randomly_wrong_70,ItClust,pos_rate,0.98695
bct,randomly_wrong_70,ItClust,truepos_rate,0.0805638
bct,randomly_wrong_70,STACAS,ARI_cluster/label,0.95216
bct,randomly_wrong_70,STACAS,ASW_label,0.606837
bct,randomly_wrong_70,STACAS,ASW_label/batch,0.822314
bct,randomly_wrong_70,STACAS,NMI_cluster/label,0.925721
bct,randomly_wrong_70,STACAS,graph_conn,0.999875
bct,randomly_wrong_70,STACAS,kBET,0.087845
bct,randomly_wrong_70,STACAS,pos_rate,0.995128
bct,randomly_wrong_70,STACAS,truepos_rate,0.0998782
bct,randomly_wrong_70,scANVI,ARI_cluster/label,0.975347
bct,randomly_wrong_70,scANVI,ASW_label,0.556944
bct,randomly_wrong_70,scANVI,ASW_label/batch,0.954785
bct,randomly_wrong_70,scANVI,NMI_cluster/label,0.950992
bct,randomly_wrong_70,scANVI,graph_conn,1
bct,randomly_wrong_70,scANVI,kBET,0.206695
bct,randomly_wrong_70,scANVI,pos_rate,0.991996
bct,randomly_wrong_70,scANVI,truepos_rate,0.326605
bct,randomly_wrong_70,scDREAMER,ARI_cluster/label,0.386385
bct,randomly_wrong_70,scDREAMER,ASW_label,0.668756
bct,randomly_wrong_70,scDREAMER,ASW_label/batch,0.953856
bct,randomly_wrong_70,scDREAMER,NMI_cluster/label,0.638111
bct,randomly_wrong_70,scDREAMER,graph_conn,0.999776
bct,randomly_wrong_70,scDREAMER,kBET,0.443658
bct,randomly_wrong_70,scDREAMER,pos_rate,0.995128
bct,randomly_wrong_70,scDREAMER,truepos_rate,0.630416
bct,randomly_wrong_70,scGEN,ARI_cluster/label,0.831812
bct,randomly_wrong_70,scGEN,ASW_label,0.624398
bct,randomly_wrong_70,scGEN,ASW_label/batch,0.833099
bct,randomly_wrong_70,scGEN,NMI_cluster/label,0.868475
bct,randomly_wrong_70,scGEN,graph_conn,0.999328
bct,randomly_wrong_70,scGEN,kBET,0.0182348
bct,randomly_wrong_70,scGEN,pos_rate,0.994258
bct,randomly_wrong_70,scGEN,truepos_rate,0.0582913
bct,unsupervised,Harmony,ARI_cluster/label,0.97768
bct,unsupervised,Harmony,ASW_label,0.718326
bct,unsupervised,Harmony,ASW_label/batch,0.95659
bct,unsupervised,Harmony,NMI_cluster/label,0.956983
bct,unsupervised,Harmony,graph_conn,1
bct,unsupervised,Harmony,isolated_label_F1,0.991525
bct,unsupervised,Harmony,isolated_label_silhouette,0.712991
bct,unsupervised,Harmony,kBET,0.120975
bct,unsupervised,Harmony,lisi_b,0.213064
bct,unsupervised,Harmony,lisi_c,0.993725
bct,unsupervised,Harmony,lisi_f1,0.350894
bct,unsupervised,Harmony,pos_rate,0.99478
bct,unsupervised,Harmony,truepos_rate,0.228119
bct,unsupervised,Seurat,ARI_cluster/label,0.986136
bct,unsupervised,Seurat,ASW_label,0.722325
bct,unsupervised,Seurat,ASW_label/batch,0.907664
bct,unsupervised,Seurat,NMI_cluster/label,0.969458
bct,unsupervised,Seurat,graph_conn,0.999875
bct,unsupervised,Seurat,isolated_label_F1,0.994781
bct,unsupervised,Seurat,isolated_label_silhouette,0.711087
bct,unsupervised,Seurat,kBET,0.194246
bct,unsupervised,Seurat,lisi_b,0.300363
bct,unsupervised,Seurat,lisi_c,0.996589
bct,unsupervised,Seurat,lisi_f1,0.461603
bct,unsupervised,Seurat,pos_rate,0.995128
bct,unsupervised,Seurat,truepos_rate,0.268836
bct,unsupervised,scCRAFT,ARI_cluster/label,0.893895
bct,unsupervised,scCRAFT,ASW_label,0.69035
bct,unsupervised,scCRAFT,ASW_label/batch,0.908472
bct,unsupervised,scCRAFT,NMI_cluster/label,0.862668
bct,unsupervised,scCRAFT,graph_conn,0.931854
bct,unsupervised,scCRAFT,isolated_label_F1,0.930347
bct,unsupervised,scCRAFT,isolated_label_silhouette,0.682611
bct,unsupervised,scCRAFT,kBET,0.45629
bct,unsupervised,scCRAFT,lisi_b,0.403828
bct,unsupervised,scCRAFT,lisi_c,0.995558
bct,unsupervised,scCRAFT,lisi_f1,0.574586
bct,unsupervised,scCRAFT,pos_rate,0.995824
bct,unsupervised,scCRAFT,truepos_rate,0.384026
bct,unsupervised,scVI,ARI_cluster/label,0.973605
bct,unsupervised,scVI,ASW_label,0.561746
bct,unsupervised,scVI,ASW_label/batch,0.90712
bct,unsupervised,scVI,NMI_cluster/label,0.947588
bct,unsupervised,scVI,graph_conn,0.999776
bct,unsupervised,scVI,isolated_label_F1,0.987891
bct,unsupervised,scVI,isolated_label_silhouette,0.56
bct,unsupervised,scVI,kBET,0.328251
bct,unsupervised,scVI,lisi_b,0.265205
bct,unsupervised,scVI,lisi_c,0.967811
bct,unsupervised,scVI,lisi_f1,0.416326
bct,unsupervised,scVI,pos_rate,0.990604
bct,unsupervised,scVI,truepos_rate,0.53106
bct,unsupervised,scanorama,ARI_cluster/label,0.982933
bct,unsupervised,scanorama,ASW_label,0.680228
bct,unsupervised,scanorama,ASW_label/batch,0.902023
bct,unsupervised,scanorama,NMI_cluster/label,0.964939
bct,unsupervised,scanorama,graph_conn,1
bct,unsupervised,scanorama,isolated_label_F1,0.991583
bct,unsupervised,scanorama,isolated_label_silhouette,0.675281
bct,unsupervised,scanorama,kBET,0.040616
bct,unsupervised,scanorama,lisi_b,0.113
bct,unsupervised,scanorama,lisi_c,0.995
bct,unsupervised,scanorama,lisi_f1,0.202
bct,unsupervised,scanorama,pos_rate,0.995998
bct,unsupervised,scanorama,truepos_rate,0.046285
human_immune,Azimuth,ItClust,ARI_cluster/label,0.566539
human_immune,Azimuth,ItClust,ASW_label,0.74737
human_immune,Azimuth,ItClust,ASW_label/batch,0.524975
human_immune,Azimuth,ItClust,NMI_cluster/label,0.702208
human_immune,Azimuth,ItClust,graph_conn,0.723909
human_immune,Azimuth,ItClust,isolated_label_F1,0.40011
human_immune,Azimuth,ItClust,isolated_label_silhouette,0.334517
human_immune,Azimuth,ItClust,kBET,0.488784
human_immune,Azimuth,ItClust,lisi_b,0.286703
human_immune,Azimuth,ItClust,lisi_c,0.980696
human_immune,Azimuth,ItClust,lisi_f1,0.443694
human_immune,Azimuth,ItClust,pos_rate,0.86301
human_immune,Azimuth,ItClust,truepos_rate,0.229004
human_immune,Azimuth,STACAS,ARI_cluster/label,0.773276
human_immune,Azimuth,STACAS,ASW_label,0.599795
human_immune,Azimuth,STACAS,ASW_label/batch,0.895884
human_immune,Azimuth,STACAS,NMI_cluster/label,0.819931
human_immune,Azimuth,STACAS,graph_conn,0.957026
human_immune,Azimuth,STACAS,isolated_label_F1,0.850849
human_immune,Azimuth,STACAS,isolated_label_silhouette,0.647996
human_immune,Azimuth,STACAS,kBET,0.286253
human_immune,Azimuth,STACAS,lisi_b,0.273657
human_immune,Azimuth,STACAS,lisi_c,0.988653
human_immune,Azimuth,STACAS,lisi_f1,0.428661
human_immune,Azimuth,STACAS,pos_rate,0.91512
human_immune,Azimuth,STACAS,truepos_rate,0.133857
human_immune,Azimuth,scANVI,ARI_cluster/label,0.805216
human_immune,Azimuth,scANVI,ASW_label,0.611201
human_immune,Azimuth,scANVI,ASW_label/batch,0.859427
human_immune,Azimuth,scANVI,NMI_cluster/label,0.790637
human_immune,Azimuth,scANVI,graph_conn,0.961328
human_immune,Azimuth,scANVI,isolated_label_F1,0.796896
human_immune,Azimuth,scANVI,isolated_label_silhouette,0.607033
human_immune,Azimuth,scANVI,kBET,0.24951
human_immune,Azimuth,scANVI,lisi_b,0.269885
human_immune,Azimuth,scANVI,lisi_c,0.989301
human_immune,Azimuth,scANVI,lisi_f1,0.424079
human_immune,Azimuth,scANVI,pos_rate,0.901331
human_immune,Azimuth,scANVI,truepos_rate,0.160837
human_immune,Azimuth,scDREAMER,ARI_cluster/label,0.748511
human_immune,Azimuth,scDREAMER,ASW_label,0.596751
human_immune,Azimuth,scDREAMER,ASW_label/batch,0.897248
human_immune,Azimuth,scDREAMER,NMI_cluster/label,0.762691
human_immune,Azimuth,scDREAMER,graph_conn,0.960216
human_immune,Azimuth,scDREAMER,isolated_label_F1,0.625322
human_immune,Azimuth,scDREAMER,isolated_label_silhouette,0.571927
human_immune,Azimuth,scDREAMER,kBET,0.51369
human_immune,Azimuth,scDREAMER,lisi_b,0.316081
human_immune,Azimuth,scDREAMER,lisi_c,0.985487
human_immune,Azimuth,scDREAMER,lisi_f1,0.478644
human_immune,Azimuth,scDREAMER,pos_rate,0.899391
human_immune,Azimuth,scDREAMER,truepos_rate,0.536232
human_immune,Azimuth,scGEN,ARI_cluster/label,0.740906
human_immune,Azimuth,scGEN,ASW_label,0.566455
human_immune,Azimuth,scGEN,ASW_label/batch,0.888973
human_immune,Azimuth,scGEN,NMI_cluster/label,0.756374
human_immune,Azimuth,scGEN,graph_conn,0.926769
human_immune,Azimuth,scGEN,isolated_label_F1,0.709242
human_immune,Azimuth,scGEN,isolated_label_silhouette,0.574713
human_immune,Azimuth,scGEN,kBET,0.402217
human_immune,Azimuth,scGEN,lisi_b,0.284385
human_immune,Azimuth,scGEN,lisi_c,0.985743
human_immune,Azimuth,scGEN,lisi_f1,0.44142
human_immune,Azimuth,scGEN,pos_rate,0.88608
human_immune,Azimuth,scGEN,truepos_rate,0.184176
human_immune,CellAssign,ItClust,ARI_cluster/label,0.100004
human_immune,CellAssign,ItClust,ASW_label,0.387555
human_immune,CellAssign,ItClust,ASW_label/batch,0.67152
human_immune,CellAssign,ItClust,NMI_cluster/label,0.232655
human_immune,CellAssign,ItClust,graph_conn,0.555288
human_immune,CellAssign,ItClust,isolated_label_F1,0.271718
human_immune,CellAssign,ItClust,isolated_label_silhouette,0.18664
human_immune,CellAssign,ItClust,kBET,0.447474
human_immune,CellAssign,ItClust,lisi_b,0.33644
human_immune,CellAssign,ItClust,lisi_c,0.876901
human_immune,CellAssign,ItClust,lisi_f1,0.486301
human_immune,CellAssign,ItClust,pos_rate,0.296454
human_immune,CellAssign,ItClust,truepos_rate,0.136214
human_immune,CellAssign,STACAS,ARI_cluster/label,0.767722
human_immune,CellAssign,STACAS,ASW_label,0.596988
human_immune,CellAssign,STACAS,ASW_label/batch,0.897226
human_immune,CellAssign,STACAS,NMI_cluster/label,0.813101
human_immune,CellAssign,STACAS,graph_conn,0.967187
human_immune,CellAssign,STACAS,isolated_label_F1,0.848636
human_immune,CellAssign,STACAS,isolated_label_silhouette,0.645206
human_immune,CellAssign,STACAS,kBET,0.288946
human_immune,CellAssign,STACAS,lisi_b,0.287427
human_immune,CellAssign,STACAS,lisi_c,0.987978
human_immune,CellAssign,STACAS,lisi_f1,0.445305
human_immune,CellAssign,STACAS,pos_rate,0.911777
human_immune,CellAssign,STACAS,truepos_rate,0.139856
human_immune,CellAssign,scANVI,ARI_cluster/label,0.832184
human_immune,CellAssign,scANVI,ASW_label,0.58357
human_immune,CellAssign,scANVI,ASW_label/batch,0.878271
human_immune,CellAssign,scANVI,NMI_cluster/label,0.820384
human_immune,CellAssign,scANVI,graph_conn,0.973523
human_immune,CellAssign,scANVI,isolated_label_F1,0.839742
human_immune,CellAssign,scANVI,isolated_label_silhouette,0.634527
human_immune,CellAssign,scANVI,kBET,0.225182
human_immune,CellAssign,scANVI,lisi_b,0.265512
human_immune,CellAssign,scANVI,lisi_c,0.989029
human_immune,CellAssign,scANVI,lisi_f1,0.418638
human_immune,CellAssign,scANVI,pos_rate,0.919955
human_immune,CellAssign,scANVI,truepos_rate,0.138542
human_immune,CellAssign,scDREAMER,ARI_cluster/label,0.712972
human_immune,CellAssign,scDREAMER,ASW_label,0.563297
human_immune,CellAssign,scDREAMER,ASW_label/batch,0.919081
human_immune,CellAssign,scDREAMER,NMI_cluster/label,0.738183
human_immune,CellAssign,scDREAMER,graph_conn,0.965455
human_immune,CellAssign,scDREAMER,isolated_label_F1,0.686084
human_immune,CellAssign,scDREAMER,isolated_label_silhouette,0.572892
human_immune,CellAssign,scDREAMER,kBET,0.55273
human_immune,CellAssign,scDREAMER,lisi_b,0.330144
human_immune,CellAssign,scDREAMER,lisi_c,0.97794
human_immune,CellAssign,scDREAMER,lisi_f1,0.49364
human_immune,CellAssign,scDREAMER,pos_rate,0.859249
human_immune,CellAssign,scDREAMER,truepos_rate,0.598669
human_immune,CellAssign,scGEN,ARI_cluster/label,0.420006
human_immune,CellAssign,scGEN,ASW_label,0.537737
human_immune,CellAssign,scGEN,ASW_label/batch,0.907663
human_immune,CellAssign,scGEN,NMI_cluster/label,0.673316
human_immune,CellAssign,scGEN,graph_conn,0.915176
human_immune,CellAssign,scGEN,isolated_label_F1,0.774415
human_immune,CellAssign,scGEN,isolated_label_silhouette,0.584687
human_immune,CellAssign,scGEN,kBET,0.140566
human_immune,CellAssign,scGEN,lisi_b,0.154216
human_immune,CellAssign,scGEN,lisi_c,0.98617
human_immune,CellAssign,scGEN,lisi_f1,0.266722
human_immune,CellAssign,scGEN,pos_rate,0.924014
human_immune,CellAssign,scGEN,truepos_rate,0.0856861
human_immune,azimuth_fuzzy,ItClust,ARI_cluster/label,0.651428
human_immune,azimuth_fuzzy,ItClust,ASW_label,0.765234
human_immune,azimuth_fuzzy,ItClust,ASW_label/batch,0.513863
human_immune,azimuth_fuzzy,ItClust,NMI_cluster/label,0.721547
human_immune,azimuth_fuzzy,ItClust,graph_conn,0.817864
human_immune,azimuth_fuzzy,ItClust,isolated_label_F1,0.417323
human_immune,azimuth_fuzzy,ItClust,isolated_label_silhouette,0.263762
human_immune,azimuth_fuzzy,ItClust,kBET,0.477027
human_immune,azimuth_fuzzy,ItClust,lisi_b,0.308377
human_immune,azimuth_fuzzy,ItClust,lisi_c,0.974845
human_immune,azimuth_fuzzy,ItClust,lisi_f1,0.468539
human_immune,azimuth_fuzzy,ItClust,pos_rate,0.815496
human_immune,azimuth_fuzzy,ItClust,truepos_rate,0.318391
human_immune,azimuth_fuzzy,STACAS,ARI_cluster/label,0.772083
human_immune,azimuth_fuzzy,STACAS,ASW_label,0.600753
human_immune,azimuth_fuzzy,STACAS,ASW_label/batch,0.896381
human_immune,azimuth_fuzzy,STACAS,NMI_cluster/label,0.812485
human_immune,azimuth_fuzzy,STACAS,graph_conn,0.967906
human_immune,azimuth_fuzzy,STACAS,isolated_label_F1,0.842332
human_immune,azimuth_fuzzy,STACAS,isolated_label_silhouette,0.648915
human_immune,azimuth_fuzzy,STACAS,kBET,0.279345
human_immune,azimuth_fuzzy,STACAS,lisi_b,0.280479
human_immune,azimuth_fuzzy,STACAS,lisi_c,0.988646
human_immune,azimuth_fuzzy,STACAS,lisi_f1,0.436985
human_immune,azimuth_fuzzy,STACAS,pos_rate,0.914463
human_immune,azimuth_fuzzy,STACAS,truepos_rate,0.145616
human_immune,azimuth_fuzzy,scANVI,ARI_cluster/label,0.822557
human_immune,azimuth_fuzzy,scANVI,ASW_label,0.620309
human_immune,azimuth_fuzzy,scANVI,ASW_label/batch,0.861021
human_immune,azimuth_fuzzy,scANVI,NMI_cluster/label,0.805986
human_immune,azimuth_fuzzy,scANVI,graph_conn,0.960221
human_immune,azimuth_fuzzy,scANVI,isolated_label_F1,0.806905
human_immune,azimuth_fuzzy,scANVI,isolated_label_silhouette,0.623035
human_immune,azimuth_fuzzy,scANVI,kBET,0.253023
human_immune,azimuth_fuzzy,scANVI,lisi_b,0.270163
human_immune,azimuth_fuzzy,scANVI,lisi_c,0.989668
human_immune,azimuth_fuzzy,scANVI,lisi_f1,0.424457
human_immune,azimuth_fuzzy,scANVI,pos_rate,0.917239
human_immune,azimuth_fuzzy,scANVI,truepos_rate,0.159554
human_immune,azimuth_fuzzy,scDREAMER,ARI_cluster/label,0.789651
human_immune,azimuth_fuzzy,scDREAMER,ASW_label,0.59391
human_immune,azimuth_fuzzy,scDREAMER,ASW_label/batch,0.903836
human_immune,azimuth_fuzzy,scDREAMER,NMI_cluster/label,0.776652
human_immune,azimuth_fuzzy,scDREAMER,graph_conn,0.957059
human_immune,azimuth_fuzzy,scDREAMER,isolated_label_F1,0.642113
human_immune,azimuth_fuzzy,scDREAMER,isolated_label_silhouette,0.569984
human_immune,azimuth_fuzzy,scDREAMER,kBET,0.547875
human_immune,azimuth_fuzzy,scDREAMER,lisi_b,0.326237
human_immune,azimuth_fuzzy,scDREAMER,lisi_c,0.983778
human_immune,azimuth_fuzzy,scDREAMER,lisi_f1,0.489986
human_immune,azimuth_fuzzy,scDREAMER,pos_rate,0.890766
human_immune,azimuth_fuzzy,scDREAMER,truepos_rate,0.611055
human_immune,azimuth_fuzzy,scGEN,ARI_cluster/label,0.726405
human_immune,azimuth_fuzzy,scGEN,ASW_label,0.560336
human_immune,azimuth_fuzzy,scGEN,ASW_label/batch,0.899126
human_immune,azimuth_fuzzy,scGEN,NMI_cluster/label,0.756187
human_immune,azimuth_fuzzy,scGEN,graph_conn,0.91484
human_immune,azimuth_fuzzy,scGEN,isolated_label_F1,0.628909
human_immune,azimuth_fuzzy,scGEN,isolated_label_silhouette,0.521296
human_immune,azimuth_fuzzy,scGEN,kBET,0.35737
human_immune,azimuth_fuzzy,scGEN,lisi_b,0.249597
human_immune,azimuth_fuzzy,scGEN,lisi_c,0.983183
human_immune,azimuth_fuzzy,scGEN,lisi_f1,0.398124
human_immune,azimuth_fuzzy,scGEN,pos_rate,0.904614
human_immune,azimuth_fuzzy,scGEN,truepos_rate,0.255477
human_immune,full_annotated_supervised,ItClust,ARI_cluster/label,0.943886
human_immune,full_annotated_supervised,ItClust,ASW_label,0.943951
human_immune,full_annotated_supervised,ItClust,ASW_label/batch,0.748553
human_immune,full_annotated_supervised,ItClust,NMI_cluster/label,0.939477
human_immune,full_annotated_supervised,ItClust,graph_conn,0.97561
human_immune,full_annotated_supervised,ItClust,isolated_label_F1,0.998772
human_immune,full_annotated_supervised,ItClust,isolated_label_silhouette,0.977472
human_immune,full_annotated_supervised,ItClust,kBET,0.482741
human_immune,full_annotated_supervised,ItClust,lisi_b,0.280105
human_immune,full_annotated_supervised,ItClust,lisi_c,0.996885
human_immune,full_annotated_supervised,ItClust,lisi_f1,0.437329
human_immune,full_annotated_supervised,ItClust,pos_rate,0.970572
human_immune,full_annotated_supervised,ItClust,truepos_rate,0.283651
human_immune,full_annotated_supervised,STACAS,ARI_cluster/label,0.772917
human_immune,full_annotated_supervised,STACAS,ASW_label,0.60141
human_immune,full_annotated_supervised,STACAS,ASW_label/batch,0.897979
human_immune,full_annotated_supervised,STACAS,NMI_cluster/label,0.82156
human_immune,full_annotated_supervised,STACAS,graph_conn,0.974869
human_immune,full_annotated_supervised,STACAS,isolated_label_F1,0.821381
human_immune,full_annotated_supervised,STACAS,isolated_label_silhouette,0.651585
human_immune,full_annotated_supervised,STACAS,kBET,0.288547
human_immune,full_annotated_supervised,STACAS,lisi_b,0.278341
human_immune,full_annotated_supervised,STACAS,lisi_c,0.989602
human_immune,full_annotated_supervised,STACAS,lisi_f1,0.434479
human_immune,full_annotated_supervised,STACAS,pos_rate,0.922491
human_immune,full_annotated_supervised,STACAS,truepos_rate,0.143944
human_immune,full_annotated_supervised,scANVI,ARI_cluster/label,0.870068
human_immune,full_annotated_supervised,scANVI,ASW_label,0.630781
human_immune,full_annotated_supervised,scANVI,ASW_label/batch,0.874948
human_immune,full_annotated_supervised,scANVI,NMI_cluster/label,0.866766
human_immune,full_annotated_supervised,scANVI,graph_conn,0.984575
human_immune,full_annotated_supervised,scANVI,isolated_label_F1,0.917066
human_immune,full_annotated_supervised,scANVI,isolated_label_silhouette,0.712159
human_immune,full_annotated_supervised,scANVI,kBET,0.235205
human_immune,full_annotated_supervised,scANVI,lisi_b,0.261111
human_immune,full_annotated_supervised,scANVI,lisi_c,0.993863
human_immune,full_annotated_supervised,scANVI,lisi_f1,0.413568
human_immune,full_annotated_supervised,scANVI,pos_rate,0.958008
human_immune,full_annotated_supervised,scANVI,truepos_rate,0.147914
human_immune,full_annotated_supervised,scDREAMER,ARI_cluster/label,0.992612
human_immune,full_annotated_supervised,scDREAMER,ASW_label,0.634106
human_immune,full_annotated_supervised,scDREAMER,ASW_label/batch,0.918877
human_immune,full_annotated_supervised,scDREAMER,NMI_cluster/label,0.975865
human_immune,full_annotated_supervised,scDREAMER,graph_conn,0.999277
human_immune,full_annotated_supervised,scDREAMER,isolated_label_F1,0.944945
human_immune,full_annotated_supervised,scDREAMER,isolated_label_silhouette,0.646618
human_immune,full_annotated_supervised,scDREAMER,kBET,0.643241
human_immune,full_annotated_supervised,scDREAMER,lisi_b,0.338929
human_immune,full_annotated_supervised,scDREAMER,lisi_c,0.99871
human_immune,full_annotated_supervised,scDREAMER,lisi_f1,0.506103
human_immune,full_annotated_supervised,scDREAMER,pos_rate,0.998388
human_immune,full_annotated_supervised,scDREAMER,truepos_rate,0.77416
human_immune,full_annotated_supervised,scGEN,ARI_cluster/label,0.902391
human_immune,full_annotated_supervised,scGEN,ASW_label,0.596334
human_immune,full_annotated_supervised,scGEN,ASW_label/batch,0.931293
human_immune,full_annotated_supervised,scGEN,NMI_cluster/label,0.900934
human_immune,full_annotated_supervised,scGEN,graph_conn,0.99646
human_immune,full_annotated_supervised,scGEN,isolated_label_F1,0.864871
human_immune,full_annotated_supervised,scGEN,isolated_label_silhouette,0.608587
human_immune,full_annotated_supervised,scGEN,kBET,0.452045
human_immune,full_annotated_supervised,scGEN,lisi_b,0.268412
human_immune,full_annotated_supervised,scGEN,lisi_c,0.995437
human_immune,full_annotated_supervised,scGEN,lisi_f1,0.422815
human_immune,full_annotated_supervised,scGEN,pos_rate,0.976303
human_immune,full_annotated_supervised,scGEN,truepos_rate,0.30493
human_immune,missing_and_mixing_at_edge_30,ItClust,ARI_cluster/label,0.5927
human_immune,missing_and_mixing_at_edge_30,ItClust,ASW_label,0.897121
human_immune,missing_and_mixing_at_edge_30,ItClust,ASW_label/batch,0.589895
human_immune,missing_and_mixing_at_edge_30,ItClust,NMI_cluster/label,0.79019
human_immune,missing_and_mixing_at_edge_30,ItClust,graph_conn,0.934827
human_immune,missing_and_mixing_at_edge_30,ItClust,isolated_label_F1,0.930143
human_immune,missing_and_mixing_at_edge_30,ItClust,isolated_label_silhouette,0.861303
human_immune,missing_and_mixing_at_edge_30,ItClust,kBET,0.546707
human_immune,missing_and_mixing_at_edge_30,ItClust,lisi_b,0.314672
human_immune,missing_and_mixing_at_edge_30,ItClust,lisi_c,0.992949
human_immune,missing_and_mixing_at_edge_30,ItClust,lisi_f1,0.477895
human_immune,missing_and_mixing_at_edge_30,ItClust,pos_rate,0.93625
human_immune,missing_and_mixing_at_edge_30,ItClust,truepos_rate,0.480093
human_immune,missing_and_mixing_at_edge_30,STACAS,ARI_cluster/label,0.646676
human_immune,missing_and_mixing_at_edge_30,STACAS,ASW_label,0.601517
human_immune,missing_and_mixing_at_edge_30,STACAS,ASW_label/batch,0.896971
human_immune,missing_and_mixing_at_edge_30,STACAS,NMI_cluster/label,0.802601
human_immune,missing_and_mixing_at_edge_30,STACAS,graph_conn,0.969471
human_immune,missing_and_mixing_at_edge_30,STACAS,isolated_label_F1,0.850966
human_immune,missing_and_mixing_at_edge_30,STACAS,isolated_label_silhouette,0.649499
human_immune,missing_and_mixing_at_edge_30,STACAS,kBET,0.282674
human_immune,missing_and_mixing_at_edge_30,STACAS,lisi_b,0.2833
human_immune,missing_and_mixing_at_edge_30,STACAS,lisi_c,0.989126
human_immune,missing_and_mixing_at_edge_30,STACAS,lisi_f1,0.440449
human_immune,missing_and_mixing_at_edge_30,STACAS,pos_rate,0.917089
human_immune,missing_and_mixing_at_edge_30,STACAS,truepos_rate,0.138154
human_immune,missing_and_mixing_at_edge_30,scANVI,ARI_cluster/label,0.856021
human_immune,missing_and_mixing_at_edge_30,scANVI,ASW_label,0.635645
human_immune,missing_and_mixing_at_edge_30,scANVI,ASW_label/batch,0.86414
human_immune,missing_and_mixing_at_edge_30,scANVI,NMI_cluster/label,0.851961
human_immune,missing_and_mixing_at_edge_30,scANVI,graph_conn,0.96946
human_immune,missing_and_mixing_at_edge_30,scANVI,isolated_label_F1,0.91885
human_immune,missing_and_mixing_at_edge_30,scANVI,isolated_label_silhouette,0.697222
human_immune,missing_and_mixing_at_edge_30,scANVI,kBET,0.235447
human_immune,missing_and_mixing_at_edge_30,scANVI,lisi_b,0.270458
human_immune,missing_and_mixing_at_edge_30,scANVI,lisi_c,0.992176
human_immune,missing_and_mixing_at_edge_30,scANVI,lisi_f1,0.425051
human_immune,missing_and_mixing_at_edge_30,scANVI,pos_rate,0.936668
human_immune,missing_and_mixing_at_edge_30,scANVI,truepos_rate,0.155733
human_immune,missing_and_mixing_at_edge_30,scDREAMER,ARI_cluster/label,0.803736
human_immune,missing_and_mixing_at_edge_30,scDREAMER,ASW_label,0.620585
human_immune,missing_and_mixing_at_edge_30,scDREAMER,ASW_label/batch,0.895452
human_immune,missing_and_mixing_at_edge_30,scDREAMER,NMI_cluster/label,0.795184
human_immune,missing_and_mixing_at_edge_30,scDREAMER,graph_conn,0.968531
human_immune,missing_and_mixing_at_edge_30,scDREAMER,isolated_label_F1,0.836969
human_immune,missing_and_mixing_at_edge_30,scDREAMER,isolated_label_silhouette,0.626225
human_immune,missing_and_mixing_at_edge_30,scDREAMER,kBET,0.449678
human_immune,missing_and_mixing_at_edge_30,scDREAMER,lisi_b,0.318325
human_immune,missing_and_mixing_at_edge_30,scDREAMER,lisi_c,0.986885
human_immune,missing_and_mixing_at_edge_30,scDREAMER,lisi_f1,0.481379
human_immune,missing_and_mixing_at_edge_30,scDREAMER,pos_rate,0.903898
human_immune,missing_and_mixing_at_edge_30,scDREAMER,truepos_rate,0.524652
human_immune,missing_and_mixing_at_edge_30,scGEN,ARI_cluster/label,0.799841
human_immune,missing_and_mixing_at_edge_30,scGEN,ASW_label,0.574771
human_immune,missing_and_mixing_at_edge_30,scGEN,ASW_label/batch,0.924127
human_immune,missing_and_mixing_at_edge_30,scGEN,NMI_cluster/label,0.820008
human_immune,missing_and_mixing_at_edge_30,scGEN,graph_conn,0.975183
human_immune,missing_and_mixing_at_edge_30,scGEN,isolated_label_F1,0.839082
human_immune,missing_and_mixing_at_edge_30,scGEN,isolated_label_silhouette,0.602673
human_immune,missing_and_mixing_at_edge_30,scGEN,kBET,0.433366
human_immune,missing_and_mixing_at_edge_30,scGEN,lisi_b,0.258644
human_immune,missing_and_mixing_at_edge_30,scGEN,lisi_c,0.988941
human_immune,missing_and_mixing_at_edge_30,scGEN,lisi_f1,0.410046
human_immune,missing_and_mixing_at_edge_30,scGEN,pos_rate,0.935355
human_immune,missing_and_mixing_at_edge_30,scGEN,truepos_rate,0.248851
human_immune,missing_and_mixing_at_edge_50,ItClust,ARI_cluster/label,0.533561
human_immune,missing_and_mixing_at_edge_50,ItClust,ASW_label,0.874775
human_immune,missing_and_mixing_at_edge_50,ItClust,ASW_label/batch,0.475072
human_immune,missing_and_mixing_at_edge_50,ItClust,NMI_cluster/label,0.761454
human_immune,missing_and_mixing_at_edge_50,ItClust,graph_conn,0.935311
human_immune,missing_and_mixing_at_edge_50,ItClust,isolated_label_F1,0.885311
human_immune,missing_and_mixing_at_edge_50,ItClust,isolated_label_silhouette,0.809488
human_immune,missing_and_mixing_at_edge_50,ItClust,kBET,0.481848
human_immune,missing_and_mixing_at_edge_50,ItClust,lisi_b,0.310869
human_immune,missing_and_mixing_at_edge_50,ItClust,lisi_c,0.989981
human_immune,missing_and_mixing_at_edge_50,ItClust,lisi_f1,0.473159
human_immune,missing_and_mixing_at_edge_50,ItClust,pos_rate,0.91891
human_immune,missing_and_mixing_at_edge_50,ItClust,truepos_rate,0.414553
human_immune,missing_and_mixing_at_edge_50,STACAS,ARI_cluster/label,0.646367
human_immune,missing_and_mixing_at_edge_50,STACAS,ASW_label,0.600748
human_immune,missing_and_mixing_at_edge_50,STACAS,ASW_label/batch,0.897642
human_immune,missing_and_mixing_at_edge_50,STACAS,NMI_cluster/label,0.801371
human_immune,missing_and_mixing_at_edge_50,STACAS,graph_conn,0.967245
human_immune,missing_and_mixing_at_edge_50,STACAS,isolated_label_F1,0.851014
human_immune,missing_and_mixing_at_edge_50,STACAS,isolated_label_silhouette,0.650177
human_immune,missing_and_mixing_at_edge_50,STACAS,kBET,0.287315
human_immune,missing_and_mixing_at_edge_50,STACAS,lisi_b,0.284455
human_immune,missing_and_mixing_at_edge_50,STACAS,lisi_c,0.988758
human_immune,missing_and_mixing_at_edge_50,STACAS,lisi_f1,0.441807
human_immune,missing_and_mixing_at_edge_50,STACAS,pos_rate,0.916791
human_immune,missing_and_mixing_at_edge_50,STACAS,truepos_rate,0.143407
human_immune,missing_and_mixing_at_edge_50,scANVI,ARI_cluster/label,0.832121
human_immune,missing_and_mixing_at_edge_50,scANVI,ASW_label,0.624157
human_immune,missing_and_mixing_at_edge_50,scANVI,ASW_label/batch,0.865673
human_immune,missing_and_mixing_at_edge_50,scANVI,NMI_cluster/label,0.824004
human_immune,missing_and_mixing_at_edge_50,scANVI,graph_conn,0.970896
human_immune,missing_and_mixing_at_edge_50,scANVI,isolated_label_F1,0.831506
human_immune,missing_and_mixing_at_edge_50,scANVI,isolated_label_silhouette,0.669478
human_immune,missing_and_mixing_at_edge_50,scANVI,kBET,0.242914
human_immune,missing_and_mixing_at_edge_50,scANVI,lisi_b,0.273166
human_immune,missing_and_mixing_at_edge_50,scANVI,lisi_c,0.989743
human_immune,missing_and_mixing_at_edge_50,scANVI,lisi_f1,0.428161
human_immune,missing_and_mixing_at_edge_50,scANVI,pos_rate,0.916343
human_immune,missing_and_mixing_at_edge_50,scANVI,truepos_rate,0.14669
human_immune,missing_and_mixing_at_edge_50,scDREAMER,ARI_cluster/label,0.854217
human_immune,missing_and_mixing_at_edge_50,scDREAMER,ASW_label,0.624358
human_immune,missing_and_mixing_at_edge_50,scDREAMER,ASW_label/batch,0.90016
human_immune,missing_and_mixing_at_edge_50,scDREAMER,NMI_cluster/label,0.848348
human_immune,missing_and_mixing_at_edge_50,scDREAMER,graph_conn,0.968444
human_immune,missing_and_mixing_at_edge_50,scDREAMER,isolated_label_F1,0.88648
human_immune,missing_and_mixing_at_edge_50,scDREAMER,isolated_label_silhouette,0.641359
human_immune,missing_and_mixing_at_edge_50,scDREAMER,kBET,0.463484
human_immune,missing_and_mixing_at_edge_50,scDREAMER,lisi_b,0.320114
human_immune,missing_and_mixing_at_edge_50,scDREAMER,lisi_c,0.989686
human_immune,missing_and_mixing_at_edge_50,scDREAMER,lisi_f1,0.483757
human_immune,missing_and_mixing_at_edge_50,scDREAMER,pos_rate,0.924969
human_immune,missing_and_mixing_at_edge_50,scDREAMER,truepos_rate,0.545335
human_immune,missing_and_mixing_at_edge_50,scGEN,ARI_cluster/label,0.750351
human_immune,missing_and_mixing_at_edge_50,scGEN,ASW_label,0.564279
human_immune,missing_and_mixing_at_edge_50,scGEN,ASW_label/batch,0.919031
human_immune,missing_and_mixing_at_edge_50,scGEN,NMI_cluster/label,0.768632
human_immune,missing_and_mixing_at_edge_50,scGEN,graph_conn,0.94967
human_immune,missing_and_mixing_at_edge_50,scGEN,isolated_label_F1,0.774359
human_immune,missing_and_mixing_at_edge_50,scGEN,isolated_label_silhouette,0.594184
human_immune,missing_and_mixing_at_edge_50,scGEN,kBET,0.405698
human_immune,missing_and_mixing_at_edge_50,scGEN,lisi_b,0.285485
human_immune,missing_and_mixing_at_edge_50,scGEN,lisi_c,0.98534
human_immune,missing_and_mixing_at_edge_50,scGEN,lisi_f1,0.442705
human_immune,missing_and_mixing_at_edge_50,scGEN,pos_rate,0.906972
human_immune,missing_and_mixing_at_edge_50,scGEN,truepos_rate,0.279741
human_immune,missing_and_mixing_at_edge_70,ItClust,ARI_cluster/label,0.437531
human_immune,missing_and_mixing_at_edge_70,ItClust,ASW_label,0.83939
human_immune,missing_and_mixing_at_edge_70,ItClust,ASW_label/batch,0.550908
human_immune,missing_and_mixing_at_edge_70,ItClust,NMI_cluster/label,0.703957
human_immune,missing_and_mixing_at_edge_70,ItClust,graph_conn,0.878374
human_immune,missing_and_mixing_at_edge_70,ItClust,isolated_label_F1,0.825001
human_immune,missing_and_mixing_at_edge_70,ItClust,isolated_label_silhouette,0.73635
human_immune,missing_and_mixing_at_edge_70,ItClust,kBET,0.420027
human_immune,missing_and_mixing_at_edge_70,ItClust,lisi_b,0.311516
human_immune,missing_and_mixing_at_edge_70,ItClust,lisi_c,0.984605
human_immune,missing_and_mixing_at_edge_70,ItClust,lisi_f1,0.47329
human_immune,missing_and_mixing_at_edge_70,ItClust,pos_rate,0.886468
human_immune,missing_and_mixing_at_edge_70,ItClust,truepos_rate,0.459918
human_immune,missing_and_mixing_at_edge_70,STACAS,ARI_cluster/label,0.645477
human_immune,missing_and_mixing_at_edge_70,STACAS,ASW_label,0.600691
human_immune,missing_and_mixing_at_edge_70,STACAS,ASW_label/batch,0.897803
human_immune,missing_and_mixing_at_edge_70,STACAS,NMI_cluster/label,0.799813
human_immune,missing_and_mixing_at_edge_70,STACAS,graph_conn,0.968781
human_immune,missing_and_mixing_at_edge_70,STACAS,isolated_label_F1,0.849967
human_immune,missing_and_mixing_at_edge_70,STACAS,isolated_label_silhouette,0.649588
human_immune,missing_and_mixing_at_edge_70,STACAS,kBET,0.273674
human_immune,missing_and_mixing_at_edge_70,STACAS,lisi_b,0.281104
human_immune,missing_and_mixing_at_edge_70,STACAS,lisi_c,0.988612
human_immune,missing_and_mixing_at_edge_70,STACAS,lisi_f1,0.43774
human_immune,missing_and_mixing_at_edge_70,STACAS,pos_rate,0.915985
human_immune,missing_and_mixing_at_edge_70,STACAS,truepos_rate,0.143019
human_immune,missing_and_mixing_at_edge_70,scANVI,ARI_cluster/label,0.832121
human_immune,missing_and_mixing_at_edge_70,scANVI,ASW_label,0.624157
human_immune,missing_and_mixing_at_edge_70,scANVI,ASW_label/batch,0.865673
human_immune,missing_and_mixing_at_edge_70,scANVI,NMI_cluster/label,0.824004
human_immune,missing_and_mixing_at_edge_70,scANVI,graph_conn,0.970896
human_immune,missing_and_mixing_at_edge_70,scANVI,isolated_label_F1,0.831506
human_immune,missing_and_mixing_at_edge_70,scANVI,isolated_label_silhouette,0.669478
human_immune,missing_and_mixing_at_edge_70,scANVI,kBET,0.243856
human_immune,missing_and_mixing_at_edge_70,scANVI,lisi_b,0.273166
human_immune,missing_and_mixing_at_edge_70,scANVI,lisi_c,0.989743
human_immune,missing_and_mixing_at_edge_70,scANVI,lisi_f1,0.428161
human_immune,missing_and_mixing_at_edge_70,scANVI,pos_rate,0.916343
human_immune,missing_and_mixing_at_edge_70,scANVI,truepos_rate,0.14669
human_immune,missing_and_mixing_at_edge_70,scDREAMER,ARI_cluster/label,0.803736
human_immune,missing_and_mixing_at_edge_70,scDREAMER,ASW_label,0.620585
human_immune,missing_and_mixing_at_edge_70,scDREAMER,ASW_label/batch,0.895452
human_immune,missing_and_mixing_at_edge_70,scDREAMER,NMI_cluster/label,0.795184
human_immune,missing_and_mixing_at_edge_70,scDREAMER,graph_conn,0.968531
human_immune,missing_and_mixing_at_edge_70,scDREAMER,isolated_label_F1,0.836969
human_immune,missing_and_mixing_at_edge_70,scDREAMER,isolated_label_silhouette,0.626225
human_immune,missing_and_mixing_at_edge_70,scDREAMER,kBET,0.452245
human_immune,missing_and_mixing_at_edge_70,scDREAMER,lisi_b,0.318325
human_immune,missing_and_mixing_at_edge_70,scDREAMER,lisi_c,0.986885
human_immune,missing_and_mixing_at_edge_70,scDREAMER,lisi_f1,0.481379
human_immune,missing_and_mixing_at_edge_70,scDREAMER,pos_rate,0.903898
human_immune,missing_and_mixing_at_edge_70,scDREAMER,truepos_rate,0.524652
human_immune,missing_and_mixing_at_edge_70,scGEN,ARI_cluster/label,0.750351
human_immune,missing_and_mixing_at_edge_70,scGEN,ASW_label,0.564279
human_immune,missing_and_mixing_at_edge_70,scGEN,ASW_label/batch,0.919031
human_immune,missing_and_mixing_at_edge_70,scGEN,NMI_cluster/label,0.768632
human_immune,missing_and_mixing_at_edge_70,scGEN,graph_conn,0.94967
human_immune,missing_and_mixing_at_edge_70,scGEN,isolated_label_F1,0.774359
human_immune,missing_and_mixing_at_edge_70,scGEN,isolated_label_silhouette,0.594184
human_immune,missing_and_mixing_at_edge_70,scGEN,kBET,0.404235
human_immune,missing_and_mixing_at_edge_70,scGEN,lisi_b,0.285485
human_immune,missing_and_mixing_at_edge_70,scGEN,lisi_c,0.98534
human_immune,missing_and_mixing_at_edge_70,scGEN,lisi_f1,0.442705
human_immune,missing_and_mixing_at_edge_70,scGEN,pos_rate,0.906972
human_immune,missing_and_mixing_at_edge_70,scGEN,truepos_rate,0.279741
human_immune,mixing_at_edge_30,ItClust,ARI_cluster/label,0.632203
human_immune,mixing_at_edge_30,ItClust,ASW_label,0.865234
human_immune,mixing_at_edge_30,ItClust,ASW_label/batch,0.604095
human_immune,mixing_at_edge_30,ItClust,NMI_cluster/label,0.786055
human_immune,mixing_at_edge_30,ItClust,graph_conn,0.902876
human_immune,mixing_at_edge_30,ItClust,isolated_label_F1,0.869359
human_immune,mixing_at_edge_30,ItClust,isolated_label_silhouette,0.787459
human_immune,mixing_at_edge_30,ItClust,kBET,0.480182
human_immune,mixing_at_edge_30,ItClust,lisi_b,0.325068
human_immune,mixing_at_edge_30,ItClust,lisi_c,0.989479
human_immune,mixing_at_edge_30,ItClust,lisi_f1,0.489367
human_immune,mixing_at_edge_30,ItClust,pos_rate,0.912165
human_immune,mixing_at_edge_30,ItClust,truepos_rate,0.492449
human_immune,mixing_at_edge_30,STACAS,ARI_cluster/label,0.850341
human_immune,mixing_at_edge_30,STACAS,ASW_label,0.600313
human_immune,mixing_at_edge_30,STACAS,ASW_label/batch,0.898247
human_immune,mixing_at_edge_30,STACAS,NMI_cluster/label,0.839911
human_immune,mixing_at_edge_30,STACAS,graph_conn,0.972654
human_immune,mixing_at_edge_30,STACAS,isolated_label_F1,0.845482
human_immune,mixing_at_edge_30,STACAS,isolated_label_silhouette,0.649159
human_immune,mixing_at_edge_30,STACAS,kBET,0.283267
human_immune,mixing_at_edge_30,STACAS,lisi_b,0.282793
human_immune,mixing_at_edge_30,STACAS,lisi_c,0.98854
human_immune,mixing_at_edge_30,STACAS,lisi_f1,0.439778
human_immune,mixing_at_edge_30,STACAS,pos_rate,0.914702
human_immune,mixing_at_edge_30,STACAS,truepos_rate,0.143944
human_immune,mixing_at_edge_30,scANVI,ARI_cluster/label,0.843538
human_immune,mixing_at_edge_30,scANVI,ASW_label,0.625893
human_immune,mixing_at_edge_30,scANVI,ASW_label/batch,0.872925
human_immune,mixing_at_edge_30,scANVI,NMI_cluster/label,0.834793
human_immune,mixing_at_edge_30,scANVI,graph_conn,0.971148
human_immune,mixing_at_edge_30,scANVI,isolated_label_F1,0.879034
human_immune,mixing_at_edge_30,scANVI,isolated_label_silhouette,0.681077
human_immune,mixing_at_edge_30,scANVI,kBET,0.255011
human_immune,mixing_at_edge_30,scANVI,lisi_b,0.272096
human_immune,mixing_at_edge_30,scANVI,lisi_c,0.990674
human_immune,mixing_at_edge_30,scANVI,lisi_f1,0.426932
human_immune,mixing_at_edge_30,scANVI,pos_rate,0.924163
human_immune,mixing_at_edge_30,scANVI,truepos_rate,0.1583
human_immune,mixing_at_edge_30,scDREAMER,ARI_cluster/label,0.859159
human_immune,mixing_at_edge_30,scDREAMER,ASW_label,0.607038
human_immune,mixing_at_edge_30,scDREAMER,ASW_label/batch,0.913152
human_immune,mixing_at_edge_30,scDREAMER,NMI_cluster/label,0.854579
human_immune,mixing_at_edge_30,scDREAMER,graph_conn,0.956995
human_immune,mixing_at_edge_30,scDREAMER,isolated_label_F1,0.871874
human_immune,mixing_at_edge_30,scDREAMER,isolated_label_silhouette,0.620686
human_immune,mixing_at_edge_30,scDREAMER,kBET,0.599876
human_immune,mixing_at_edge_30,scDREAMER,lisi_b,0.330739
human_immune,mixing_at_edge_30,scDREAMER,lisi_c,0.987841
human_immune,mixing_at_edge_30,scDREAMER,lisi_f1,0.49556
human_immune,mixing_at_edge_30,scDREAMER,pos_rate,0.912881
human_immune,mixing_at_edge_30,scDREAMER,truepos_rate,0.676625
human_immune,mixing_at_edge_30,scGEN,ARI_cluster/label,0.799844
human_immune,mixing_at_edge_30,scGEN,ASW_label,0.569612
human_immune,mixing_at_edge_30,scGEN,ASW_label/batch,0.91868
human_immune,mixing_at_edge_30,scGEN,NMI_cluster/label,0.81259
human_immune,mixing_at_edge_30,scGEN,graph_conn,0.958489
human_immune,mixing_at_edge_30,scGEN,isolated_label_F1,0.74876
human_immune,mixing_at_edge_30,scGEN,isolated_label_silhouette,0.60152
human_immune,mixing_at_edge_30,scGEN,kBET,0.423787
human_immune,mixing_at_edge_30,scGEN,lisi_b,0.288701
human_immune,mixing_at_edge_30,scGEN,lisi_c,0.987003
human_immune,mixing_at_edge_30,scGEN,lisi_f1,0.446732
human_immune,mixing_at_edge_30,scGEN,pos_rate,0.919686
human_immune,mixing_at_edge_30,scGEN,truepos_rate,0.284248
human_immune,mixing_at_edge_50,ItClust,ARI_cluster/label,0.722522
human_immune,mixing_at_edge_50,ItClust,ASW_label,0.883837
human_immune,mixing_at_edge_50,ItClust,ASW_label/batch,0.551538
human_immune,mixing_at_edge_50,ItClust,NMI_cluster/label,0.829659
human_immune,mixing_at_edge_50,ItClust,graph_conn,0.931524
human_immune,mixing_at_edge_50,ItClust,isolated_label_F1,0.900638
human_immune,mixing_at_edge_50,ItClust,isolated_label_silhouette,0.826221
human_immune,mixing_at_edge_50,ItClust,kBET,0.491595
human_immune,mixing_at_edge_50,ItClust,lisi_b,0.305907
human_immune,mixing_at_edge_50,ItClust,lisi_c,0.990739
human_immune,mixing_at_edge_50,ItClust,lisi_f1,0.467474
human_immune,mixing_at_edge_50,ItClust,pos_rate,0.925804
human_immune,mixing_at_edge_50,ItClust,truepos_rate,0.350325
human_immune,mixing_at_edge_50,STACAS,ARI_cluster/label,0.767635
human_immune,mixing_at_edge_50,STACAS,ASW_label,0.601535
human_immune,mixing_at_edge_50,STACAS,ASW_label/batch,0.896712
human_immune,mixing_at_edge_50,STACAS,NMI_cluster/label,0.814543
human_immune,mixing_at_edge_50,STACAS,graph_conn,0.969634
human_immune,mixing_at_edge_50,STACAS,isolated_label_F1,0.825373
human_immune,mixing_at_edge_50,STACAS,isolated_label_silhouette,0.649649
human_immune,mixing_at_edge_50,STACAS,kBET,0.290012
human_immune,mixing_at_edge_50,STACAS,lisi_b,0.283135
human_immune,mixing_at_edge_50,STACAS,lisi_c,0.988849
human_immune,mixing_at_edge_50,STACAS,lisi_f1,0.440222
human_immune,mixing_at_edge_50,STACAS,pos_rate,0.91697
human_immune,mixing_at_edge_50,STACAS,truepos_rate,0.141079
human_immune,mixing_at_edge_50,scANVI,ARI_cluster/label,0.846477
human_immune,mixing_at_edge_50,scANVI,ASW_label,0.636436
human_immune,mixing_at_edge_50,scANVI,ASW_label/batch,0.870925
human_immune,mixing_at_edge_50,scANVI,NMI_cluster/label,0.841931
human_immune,mixing_at_edge_50,scANVI,graph_conn,0.98194
human_immune,mixing_at_edge_50,scANVI,isolated_label_F1,0.899767
human_immune,mixing_at_edge_50,scANVI,isolated_label_silhouette,0.688366
human_immune,mixing_at_edge_50,scANVI,kBET,0.250762
human_immune,mixing_at_edge_50,scANVI,lisi_b,0.268577
human_immune,mixing_at_edge_50,scANVI,lisi_c,0.991287
human_immune,mixing_at_edge_50,scANVI,lisi_f1,0.422644
human_immune,mixing_at_edge_50,scANVI,pos_rate,0.928341
human_immune,mixing_at_edge_50,scANVI,truepos_rate,0.157494
human_immune,mixing_at_edge_50,scDREAMER,ARI_cluster/label,0.887685
human_immune,mixing_at_edge_50,scDREAMER,ASW_label,0.610807
human_immune,mixing_at_edge_50,scDREAMER,ASW_label/batch,0.913036
human_immune,mixing_at_edge_50,scDREAMER,NMI_cluster/label,0.87904
human_immune,mixing_at_edge_50,scDREAMER,graph_conn,0.965952
human_immune,mixing_at_edge_50,scDREAMER,isolated_label_F1,0.902886
human_immune,mixing_at_edge_50,scDREAMER,isolated_label_silhouette,0.628219
human_immune,mixing_at_edge_50,scDREAMER,kBET,0.59019
human_immune,mixing_at_edge_50,scDREAMER,lisi_b,0.330266
human_immune,mixing_at_edge_50,scDREAMER,lisi_c,0.99054
human_immune,mixing_at_edge_50,scDREAMER,lisi_f1,0.495366
human_immune,mixing_at_edge_50,scDREAMER,pos_rate,0.93437
human_immune,mixing_at_edge_50,scDREAMER,truepos_rate,0.685609
human_immune,mixing_at_edge_50,scGEN,ARI_cluster/label,0.817101
human_immune,mixing_at_edge_50,scGEN,ASW_label,0.567189
human_immune,mixing_at_edge_50,scGEN,ASW_label/batch,0.926479
human_immune,mixing_at_edge_50,scGEN,NMI_cluster/label,0.82858
human_immune,mixing_at_edge_50,scGEN,graph_conn,0.969123
human_immune,mixing_at_edge_50,scGEN,isolated_label_F1,0.822801
human_immune,mixing_at_edge_50,scGEN,isolated_label_silhouette,0.601504
human_immune,mixing_at_edge_50,scGEN,kBET,0.429653
human_immune,mixing_at_edge_50,scGEN,lisi_b,0.255322
human_immune,mixing_at_edge_50,scGEN,lisi_c,0.987997
human_immune,mixing_at_edge_50,scGEN,lisi_f1,0.40578
human_immune,mixing_at_edge_50,scGEN,pos_rate,0.924312
human_immune,mixing_at_edge_50,scGEN,truepos_rate,0.254372
human_immune,mixing_at_edge_70,ItClust,ARI_cluster/label,0.825958
human_immune,mixing_at_edge_70,ItClust,ASW_label,0.897698
human_immune,mixing_at_edge_70,ItClust,ASW_label/batch,0.620339
human_immune,mixing_at_edge_70,ItClust,NMI_cluster/label,0.855813
human_immune,mixing_at_edge_70,ItClust,graph_conn,0.936961
human_immune,mixing_at_edge_70,ItClust,isolated_label_F1,0.933502
human_immune,mixing_at_edge_70,ItClust,isolated_label_silhouette,0.868196
human_immune,mixing_at_edge_70,ItClust,kBET,0.540699
human_immune,mixing_at_edge_70,ItClust,lisi_b,0.31185
human_immune,mixing_at_edge_70,ItClust,lisi_c,0.992521
human_immune,mixing_at_edge_70,ItClust,lisi_f1,0.474586
human_immune,mixing_at_edge_70,ItClust,pos_rate,0.93831
human_immune,mixing_at_edge_70,ItClust,truepos_rate,0.426789
human_immune,mixing_at_edge_70,STACAS,ARI_cluster/label,0.788687
human_immune,mixing_at_edge_70,STACAS,ASW_label,0.6014
human_immune,mixing_at_edge_70,STACAS,ASW_label/batch,0.896394
human_immune,mixing_at_edge_70,STACAS,NMI_cluster/label,0.825519
human_immune,mixing_at_edge_70,STACAS,graph_conn,0.968506
human_immune,mixing_at_edge_70,STACAS,isolated_label_F1,0.831287
human_immune,mixing_at_edge_70,STACAS,isolated_label_silhouette,0.649175
human_immune,mixing_at_edge_70,STACAS,kBET,0.290681
human_immune,mixing_at_edge_70,STACAS,lisi_b,0.282156
human_immune,mixing_at_edge_70,STACAS,lisi_c,0.989014
human_immune,mixing_at_edge_70,STACAS,lisi_f1,0.439054
human_immune,mixing_at_edge_70,STACAS,pos_rate,0.917119
human_immune,mixing_at_edge_70,STACAS,truepos_rate,0.143407
human_immune,mixing_at_edge_70,scANVI,ARI_cluster/label,0.857646
human_immune,mixing_at_edge_70,scANVI,ASW_label,0.634566
human_immune,mixing_at_edge_70,scANVI,ASW_label/batch,0.873211
human_immune,mixing_at_edge_70,scANVI,NMI_cluster/label,0.858124
human_immune,mixing_at_edge_70,scANVI,graph_conn,0.983384
human_immune,mixing_at_edge_70,scANVI,isolated_label_F1,0.922454
human_immune,mixing_at_edge_70,scANVI,isolated_label_silhouette,0.700336
human_immune,mixing_at_edge_70,scANVI,kBET,0.24599
human_immune,mixing_at_edge_70,scANVI,lisi_b,0.271518
human_immune,mixing_at_edge_70,scANVI,lisi_c,0.992167
human_immune,mixing_at_edge_70,scANVI,lisi_f1,0.426358
human_immune,mixing_at_edge_70,scANVI,pos_rate,0.937205
human_immune,mixing_at_edge_70,scANVI,truepos_rate,0.161493
human_immune,mixing_at_edge_70,scDREAMER,ARI_cluster/label,0.917915
human_immune,mixing_at_edge_70,scDREAMER,ASW_label,0.618241
human_immune,mixing_at_edge_70,scDREAMER,ASW_label/batch,0.914255
human_immune,mixing_at_edge_70,scDREAMER,NMI_cluster/label,0.907457
human_immune,mixing_at_edge_70,scDREAMER,graph_conn,0.966546
human_immune,mixing_at_edge_70,scDREAMER,isolated_label_F1,0.930642
human_immune,mixing_at_edge_70,scDREAMER,isolated_label_silhouette,0.633274
human_immune,mixing_at_edge_70,scDREAMER,kBET,0.602351
human_immune,mixing_at_edge_70,scDREAMER,lisi_b,0.332551
human_immune,mixing_at_edge_70,scDREAMER,lisi_c,0.993347
human_immune,mixing_at_edge_70,scDREAMER,lisi_f1,0.498286
human_immune,mixing_at_edge_70,scDREAMER,pos_rate,0.955918
human_immune,mixing_at_edge_70,scDREAMER,truepos_rate,0.701367
human_immune,mixing_at_edge_70,scGEN,ARI_cluster/label,0.830574
human_immune,mixing_at_edge_70,scGEN,ASW_label,0.577343
human_immune,mixing_at_edge_70,scGEN,ASW_label/batch,0.918651
human_immune,mixing_at_edge_70,scGEN,NMI_cluster/label,0.843262
human_immune,mixing_at_edge_70,scGEN,graph_conn,0.977025
human_immune,mixing_at_edge_70,scGEN,isolated_label_F1,0.841543
human_immune,mixing_at_edge_70,scGEN,isolated_label_silhouette,0.609641
human_immune,mixing_at_edge_70,scGEN,kBET,0.439713
human_immune,mixing_at_edge_70,scGEN,lisi_b,0.296836
human_immune,mixing_at_edge_70,scGEN,lisi_c,0.989866
human_immune,mixing_at_edge_70,scGEN,lisi_f1,0.456714
human_immune,mixing_at_edge_70,scGEN,pos_rate,0.936608
human_immune,mixing_at_edge_70,scGEN,truepos_rate,0.335462
human_immune,partially_annotated_batches_30,ItClust,ARI_cluster/label,0.66925
human_immune,partially_annotated_batches_30,ItClust,ASW_label,0.716029
human_immune,partially_annotated_batches_30,ItClust,ASW_label/batch,0.659835
human_immune,partially_annotated_batches_30,ItClust,NMI_cluster/label,0.733444
human_immune,partially_annotated_batches_30,ItClust,graph_conn,0.704519
human_immune,partially_annotated_batches_30,ItClust,isolated_label_F1,0.475778
human_immune,partially_annotated_batches_30,ItClust,isolated_label_silhouette,0.449139
human_immune,partially_annotated_batches_30,ItClust,kBET,0.184871
human_immune,partially_annotated_batches_30,ItClust,lisi_b,0.177783
human_immune,partially_annotated_batches_30,ItClust,lisi_c,0.961233
human_immune,partially_annotated_batches_30,ItClust,lisi_f1,0.300067
human_immune,partially_annotated_batches_30,ItClust,pos_rate,0.801021
human_immune,partially_annotated_batches_30,ItClust,truepos_rate,0.0757476
human_immune,partially_annotated_batches_30,STACAS,ARI_cluster/label,0.7749
human_immune,partially_annotated_batches_30,STACAS,ASW_label,0.594703
human_immune,partially_annotated_batches_30,STACAS,ASW_label/batch,0.898552
human_immune,partially_annotated_batches_30,STACAS,NMI_cluster/label,0.809952
human_immune,partially_annotated_batches_30,STACAS,graph_conn,0.972099
human_immune,partially_annotated_batches_30,STACAS,isolated_label_F1,0.847435
human_immune,partially_annotated_batches_30,STACAS,isolated_label_silhouette,0.651064
human_immune,partially_annotated_batches_30,STACAS,kBET,0.262201
human_immune,partially_annotated_batches_30,STACAS,lisi_b,0.255555
human_immune,partially_annotated_batches_30,STACAS,lisi_c,0.989075
human_immune,partially_annotated_batches_30,STACAS,lisi_f1,0.406166
human_immune,partially_annotated_batches_30,STACAS,pos_rate,0.917537
human_immune,partially_annotated_batches_30,STACAS,truepos_rate,0.0904614
human_immune,partially_annotated_batches_30,scANVI,ARI_cluster/label,0.853823
human_immune,partially_annotated_batches_30,scANVI,ASW_label,0.636475
human_immune,partially_annotated_batches_30,scANVI,ASW_label/batch,0.861536
human_immune,partially_annotated_batches_30,scANVI,NMI_cluster/label,0.84837
human_immune,partially_annotated_batches_30,scANVI,graph_conn,0.976293
human_immune,partially_annotated_batches_30,scANVI,isolated_label_F1,0.890467
human_immune,partially_annotated_batches_30,scANVI,isolated_label_silhouette,0.685145
human_immune,partially_annotated_batches_30,scANVI,kBET,0.212368
human_immune,partially_annotated_batches_30,scANVI,lisi_b,0.249913
human_immune,partially_annotated_batches_30,scANVI,lisi_c,0.992749
human_immune,partially_annotated_batches_30,scANVI,lisi_f1,0.399305
human_immune,partially_annotated_batches_30,scANVI,pos_rate,0.94022
human_immune,partially_annotated_batches_30,scANVI,truepos_rate,0.140542
human_immune,partially_annotated_batches_30,scDREAMER,ARI_cluster/label,0.62249
human_immune,partially_annotated_batches_30,scDREAMER,ASW_label,0.567621
human_immune,partially_annotated_batches_30,scDREAMER,ASW_label/batch,0.874034
human_immune,partially_annotated_batches_30,scDREAMER,NMI_cluster/label,0.768457
human_immune,partially_annotated_batches_30,scDREAMER,graph_conn,0.9865
human_immune,partially_annotated_batches_30,scDREAMER,isolated_label_F1,0.642371
human_immune,partially_annotated_batches_30,scDREAMER,isolated_label_silhouette,0.58212
human_immune,partially_annotated_batches_30,scDREAMER,kBET,0.117539
human_immune,partially_annotated_batches_30,scDREAMER,lisi_b,0.182473
human_immune,partially_annotated_batches_30,scDREAMER,lisi_c,0.988885
human_immune,partially_annotated_batches_30,scDREAMER,lisi_f1,0.308095
human_immune,partially_annotated_batches_30,scDREAMER,pos_rate,0.935027
human_immune,partially_annotated_batches_30,scDREAMER,truepos_rate,0.0578702
human_immune,partially_annotated_batches_30,scGEN,ARI_cluster/label,0.556603
human_immune,partially_annotated_batches_30,scGEN,ASW_label,0.5532
human_immune,partially_annotated_batches_30,scGEN,ASW_label/batch,0.902182
human_immune,partially_annotated_batches_30,scGEN,NMI_cluster/label,0.753291
human_immune,partially_annotated_batches_30,scGEN,graph_conn,0.971265
human_immune,partially_annotated_batches_30,scGEN,isolated_label_F1,0.824018
human_immune,partially_annotated_batches_30,scGEN,isolated_label_silhouette,0.591288
human_immune,partially_annotated_batches_30,scGEN,kBET,0.133571
human_immune,partially_annotated_batches_30,scGEN,lisi_b,0.135599
human_immune,partially_annotated_batches_30,scGEN,lisi_c,0.990755
human_immune,partially_annotated_batches_30,scGEN,lisi_f1,0.23855
human_immune,partially_annotated_batches_30,scGEN,pos_rate,0.954157
human_immune,partially_annotated_batches_30,scGEN,truepos_rate,0.0306811
human_immune,partially_annotated_batches_50,ItClust,ARI_cluster/label,0.275387
human_immune,partially_annotated_batches_50,ItClust,ASW_label,0.401807
human_immune,partially_annotated_batches_50,ItClust,ASW_label/batch,0.470631
human_immune,partially_annotated_batches_50,ItClust,NMI_cluster/label,0.525874
human_immune,partially_annotated_batches_50,ItClust,graph_conn,0.643922
human_immune,partially_annotated_batches_50,ItClust,isolated_label_F1,0.504275
human_immune,partially_annotated_batches_50,ItClust,isolated_label_silhouette,0.431493
human_immune,partially_annotated_batches_50,ItClust,kBET,0.132416
human_immune,partially_annotated_batches_50,ItClust,lisi_b,0.152506
human_immune,partially_annotated_batches_50,ItClust,lisi_c,0.971131
human_immune,partially_annotated_batches_50,ItClust,lisi_f1,0.263614
human_immune,partially_annotated_batches_50,ItClust,pos_rate,0.815257
human_immune,partially_annotated_batches_50,ItClust,truepos_rate,0.013311
human_immune,partially_annotated_batches_50,STACAS,ARI_cluster/label,0.7657
human_immune,partially_annotated_batches_50,STACAS,ASW_label,0.594586
human_immune,partially_annotated_batches_50,STACAS,ASW_label/batch,0.898853
human_immune,partially_annotated_batches_50,STACAS,NMI_cluster/label,0.814951
human_immune,partially_annotated_batches_50,STACAS,graph_conn,0.971391
human_immune,partially_annotated_batches_50,STACAS,isolated_label_F1,0.875406
human_immune,partially_annotated_batches_50,STACAS,isolated_label_silhouette,0.646636
human_immune,partially_annotated_batches_50,STACAS,kBET,0.291306
human_immune,partially_annotated_batches_50,STACAS,lisi_b,0.250919
human_immune,partially_annotated_batches_50,STACAS,lisi_c,0.988876
human_immune,partially_annotated_batches_50,STACAS,lisi_f1,0.400272
human_immune,partially_annotated_batches_50,STACAS,pos_rate,0.91897
human_immune,partially_annotated_batches_50,STACAS,truepos_rate,0.106429
human_immune,partially_annotated_batches_50,scANVI,ARI_cluster/label,0.857073
human_immune,partially_annotated_batches_50,scANVI,ASW_label,0.626372
human_immune,partially_annotated_batches_50,scANVI,ASW_label/batch,0.865418
human_immune,partially_annotated_batches_50,scANVI,NMI_cluster/label,0.850438
human_immune,partially_annotated_batches_50,scANVI,graph_conn,0.985515
human_immune,partially_annotated_batches_50,scANVI,isolated_label_F1,0.89413
human_immune,partially_annotated_batches_50,scANVI,isolated_label_silhouette,0.680955
human_immune,partially_annotated_batches_50,scANVI,kBET,0.214903
human_immune,partially_annotated_batches_50,scANVI,lisi_b,0.258076
human_immune,partially_annotated_batches_50,scANVI,lisi_c,0.991896
human_immune,partially_annotated_batches_50,scANVI,lisi_f1,0.409585
human_immune,partially_annotated_batches_50,scANVI,pos_rate,0.936549
human_immune,partially_annotated_batches_50,scANVI,truepos_rate,0.138483
human_immune,partially_annotated_batches_50,scDREAMER,ARI_cluster/label,0.490368
human_immune,partially_annotated_batches_50,scDREAMER,ASW_label,0.554798
human_immune,partially_annotated_batches_50,scDREAMER,ASW_label/batch,0.85467
human_immune,partially_annotated_batches_50,scDREAMER,NMI_cluster/label,0.70714
human_immune,partially_annotated_batches_50,scDREAMER,graph_conn,0.951674
human_immune,partially_annotated_batches_50,scDREAMER,isolated_label_F1,0.657051
human_immune,partially_annotated_batches_50,scDREAMER,isolated_label_silhouette,0.579769
human_immune,partially_annotated_batches_50,scDREAMER,kBET,0.0708837
human_immune,partially_annotated_batches_50,scDREAMER,lisi_b,0.177758
human_immune,partially_annotated_batches_50,scDREAMER,lisi_c,0.985254
human_immune,partially_annotated_batches_50,scDREAMER,lisi_f1,0.301177
human_immune,partially_annotated_batches_50,scDREAMER,pos_rate,0.915687
human_immune,partially_annotated_batches_50,scDREAMER,truepos_rate,0.0242643
human_immune,partially_annotated_batches_50,scGEN,ARI_cluster/label,0.459719
human_immune,partially_annotated_batches_50,scGEN,ASW_label,0.541862
human_immune,partially_annotated_batches_50,scGEN,ASW_label/batch,0.856031
human_immune,partially_annotated_batches_50,scGEN,NMI_cluster/label,0.707341
human_immune,partially_annotated_batches_50,scGEN,graph_conn,0.939053
human_immune,partially_annotated_batches_50,scGEN,isolated_label_F1,0.621904
human_immune,partially_annotated_batches_50,scGEN,isolated_label_silhouette,0.586418
human_immune,partially_annotated_batches_50,scGEN,kBET,0.0383193
human_immune,partially_annotated_batches_50,scGEN,lisi_b,0.0901325
human_immune,partially_annotated_batches_50,scGEN,lisi_c,0.990196
human_immune,partially_annotated_batches_50,scGEN,lisi_f1,0.165225
human_immune,partially_annotated_batches_50,scGEN,pos_rate,0.952188
human_immune,partially_annotated_batches_50,scGEN,truepos_rate,0.00489465
human_immune,partially_annotated_batches_70,ItClust,ARI_cluster/label,0.159285
human_immune,partially_annotated_batches_70,ItClust,ASW_label,0.357139
human_immune,partially_annotated_batches_70,ItClust,ASW_label/batch,0.56167
human_immune,partially_annotated_batches_70,ItClust,NMI_cluster/label,0.370437
human_immune,partially_annotated_batches_70,ItClust,graph_conn,0.687768
human_immune,partially_annotated_batches_70,ItClust,isolated_label_F1,0.461463
human_immune,partially_annotated_batches_70,ItClust,isolated_label_silhouette,0.406519
human_immune,partially_annotated_batches_70,ItClust,kBET,0.10539
human_immune,partially_annotated_batches_70,ItClust,lisi_b,0.161459
human_immune,partially_annotated_batches_70,ItClust,lisi_c,0.91364
human_immune,partially_annotated_batches_70,ItClust,lisi_f1,0.274422
human_immune,partially_annotated_batches_70,ItClust,pos_rate,0.543455
human_immune,partially_annotated_batches_70,ItClust,truepos_rate,0.0103265
human_immune,partially_annotated_batches_70,STACAS,ARI_cluster/label,0.774723
human_immune,partially_annotated_batches_70,STACAS,ASW_label,0.595697
human_immune,partially_annotated_batches_70,STACAS,ASW_label/batch,0.897002
human_immune,partially_annotated_batches_70,STACAS,NMI_cluster/label,0.827355
human_immune,partially_annotated_batches_70,STACAS,graph_conn,0.974803
human_immune,partially_annotated_batches_70,STACAS,isolated_label_F1,0.852003
human_immune,partially_annotated_batches_70,STACAS,isolated_label_silhouette,0.645882
human_immune,partially_annotated_batches_70,STACAS,kBET,0.296077
human_immune,partially_annotated_batches_70,STACAS,lisi_b,0.247035
human_immune,partially_annotated_batches_70,STACAS,lisi_c,0.988617
human_immune,partially_annotated_batches_70,STACAS,lisi_f1,0.395294
human_immune,partially_annotated_batches_70,STACAS,pos_rate,0.916761
human_immune,partially_annotated_batches_70,STACAS,truepos_rate,0.111264
human_immune,partially_annotated_batches_70,scANVI,ARI_cluster/label,0.837365
human_immune,partially_annotated_batches_70,scANVI,ASW_label,0.614774
human_immune,partially_annotated_batches_70,scANVI,ASW_label/batch,0.862642
human_immune,partially_annotated_batches_70,scANVI,NMI_cluster/label,0.820534
human_immune,partially_annotated_batches_70,scANVI,graph_conn,0.974634
human_immune,partially_annotated_batches_70,scANVI,isolated_label_F1,0.866177
human_immune,partially_annotated_batches_70,scANVI,isolated_label_silhouette,0.676179
human_immune,partially_annotated_batches_70,scANVI,kBET,0.217943
human_immune,partially_annotated_batches_70,scANVI,lisi_b,0.26172
human_immune,partially_annotated_batches_70,scANVI,lisi_c,0.990821
human_immune,partially_annotated_batches_70,scANVI,lisi_f1,0.414067
human_immune,partially_annotated_batches_70,scANVI,pos_rate,0.92667
human_immune,partially_annotated_batches_70,scANVI,truepos_rate,0.128067
human_immune,partially_annotated_batches_70,scDREAMER,ARI_cluster/label,0.574342
human_immune,partially_annotated_batches_70,scDREAMER,ASW_label,0.555574
human_immune,partially_annotated_batches_70,scDREAMER,ASW_label/batch,0.861723
human_immune,partially_annotated_batches_70,scDREAMER,NMI_cluster/label,0.694326
human_immune,partially_annotated_batches_70,scDREAMER,graph_conn,0.964905
human_immune,partially_annotated_batches_70,scDREAMER,isolated_label_F1,0.661474
human_immune,partially_annotated_batches_70,scDREAMER,isolated_label_silhouette,0.571398
human_immune,partially_annotated_batches_70,scDREAMER,kBET,0.17135
human_immune,partially_annotated_batches_70,scDREAMER,lisi_b,0.201185
human_immune,partially_annotated_batches_70,scDREAMER,lisi_c,0.981471
human_immune,partially_annotated_batches_70,scDREAMER,lisi_f1,0.333922
human_immune,partially_annotated_batches_70,scDREAMER,pos_rate,0.88423
human_immune,partially_annotated_batches_70,scDREAMER,truepos_rate,0.170059
human_immune,partially_annotated_batches_70,scGEN,ARI_cluster/label,0.330218
human_immune,partially_annotated_batches_70,scGEN,ASW_label,0.535688
human_immune,partially_annotated_batches_70,scGEN,ASW_label/batch,0.840131
human_immune,partially_annotated_batches_70,scGEN,NMI_cluster/label,0.67728
human_immune,partially_annotated_batches_70,scGEN,graph_conn,0.94111
human_immune,partially_annotated_batches_70,scGEN,isolated_label_F1,0.705842
human_immune,partially_annotated_batches_70,scGEN,isolated_label_silhouette,0.586601
human_immune,partially_annotated_batches_70,scGEN,kBET,0.0143332
human_immune,partially_annotated_batches_70,scGEN,lisi_b,0.0969278
human_immune,partially_annotated_batches_70,scGEN,lisi_c,0.989013
human_immune,partially_annotated_batches_70,scGEN,lisi_f1,0.176553
human_immune,partially_annotated_batches_70,scGEN,pos_rate,0.945711
human_immune,partially_annotated_batches_70,scGEN,truepos_rate,0.00537217
human_immune,randomly_missing_30,ItClust,ARI_cluster/label,0.492426
human_immune,randomly_missing_30,ItClust,ASW_label,0.707098
human_immune,randomly_missing_30,ItClust,ASW_label/batch,0.78666
human_immune,randomly_missing_30,ItClust,NMI_cluster/label,0.717945
human_immune,randomly_missing_30,ItClust,graph_conn,0.801656
human_immune,randomly_missing_30,ItClust,isolated_label_F1,0.817948
human_immune,randomly_missing_30,ItClust,isolated_label_silhouette,0.632666
human_immune,randomly_missing_30,ItClust,kBET,0.536148
human_immune,randomly_missing_30,ItClust,lisi_b,0.298023
human_immune,randomly_missing_30,ItClust,lisi_c,0.989295
human_immune,randomly_missing_30,ItClust,lisi_f1,0.458057
human_immune,randomly_missing_30,ItClust,pos_rate,0.917746
human_immune,randomly_missing_30,ItClust,truepos_rate,0.390229
human_immune,randomly_missing_30,STACAS,ARI_cluster/label,0.767702
human_immune,randomly_missing_30,STACAS,ASW_label,0.598675
human_immune,randomly_missing_30,STACAS,ASW_label/batch,0.899645
human_immune,randomly_missing_30,STACAS,NMI_cluster/label,0.805478
human_immune,randomly_missing_30,STACAS,graph_conn,0.971138
human_immune,randomly_missing_30,STACAS,isolated_label_F1,0.843668
human_immune,randomly_missing_30,STACAS,isolated_label_silhouette,0.649171
human_immune,randomly_missing_30,STACAS,kBET,0.286874
human_immune,randomly_missing_30,STACAS,lisi_b,0.267821
human_immune,randomly_missing_30,STACAS,lisi_c,0.989244
human_immune,randomly_missing_30,STACAS,lisi_f1,0.421522
human_immune,randomly_missing_30,STACAS,pos_rate,0.924133
human_immune,randomly_missing_30,STACAS,truepos_rate,0.137319
human_immune,randomly_missing_30,scANVI,ARI_cluster/label,0.869516
human_immune,randomly_missing_30,scANVI,ASW_label,0.640061
human_immune,randomly_missing_30,scANVI,ASW_label/batch,0.878666
human_immune,randomly_missing_30,scANVI,NMI_cluster/label,0.858884
human_immune,randomly_missing_30,scANVI,graph_conn,0.99278
human_immune,randomly_missing_30,scANVI,isolated_label_F1,0.93664
human_immune,randomly_missing_30,scANVI,isolated_label_silhouette,0.70478
human_immune,randomly_missing_30,scANVI,kBET,0.22131
human_immune,randomly_missing_30,scANVI,lisi_b,0.26173
human_immune,randomly_missing_30,scANVI,lisi_c,0.993646
human_immune,randomly_missing_30,scANVI,lisi_f1,0.414325
human_immune,randomly_missing_30,scANVI,pos_rate,0.955292
human_immune,randomly_missing_30,scANVI,truepos_rate,0.160777
human_immune,randomly_missing_30,scDREAMER,ARI_cluster/label,0.654063
human_immune,randomly_missing_30,scDREAMER,ASW_label,0.602425
human_immune,randomly_missing_30,scDREAMER,ASW_label/batch,0.931392
human_immune,randomly_missing_30,scDREAMER,NMI_cluster/label,0.795411
human_immune,randomly_missing_30,scDREAMER,graph_conn,0.9924
human_immune,randomly_missing_30,scDREAMER,isolated_label_F1,0.785503
human_immune,randomly_missing_30,scDREAMER,isolated_label_silhouette,0.618059
human_immune,randomly_missing_30,scDREAMER,kBET,0.644534
human_immune,randomly_missing_30,scDREAMER,lisi_b,0.34374
human_immune,randomly_missing_30,scDREAMER,lisi_c,0.992918
human_immune,randomly_missing_30,scDREAMER,lisi_f1,0.510685
human_immune,randomly_missing_30,scDREAMER,pos_rate,0.960873
human_immune,randomly_missing_30,scDREAMER,truepos_rate,0.755118
human_immune,randomly_missing_30,scGEN,ARI_cluster/label,0.707991
human_immune,randomly_missing_30,scGEN,ASW_label,0.580844
human_immune,randomly_missing_30,scGEN,ASW_label/batch,0.945812
human_immune,randomly_missing_30,scGEN,NMI_cluster/label,0.786906
human_immune,randomly_missing_30,scGEN,graph_conn,0.942832
human_immune,randomly_missing_30,scGEN,isolated_label_F1,0.720625
human_immune,randomly_missing_30,scGEN,isolated_label_silhouette,0.590352
human_immune,randomly_missing_30,scGEN,kBET,0.410551
human_immune,randomly_missing_30,scGEN,lisi_b,0.274205
human_immune,randomly_missing_30,scGEN,lisi_c,0.992607
human_immune,randomly_missing_30,scGEN,lisi_f1,0.429705
human_immune,randomly_missing_30,scGEN,pos_rate,0.959798
human_immune,randomly_missing_30,scGEN,truepos_rate,0.310303
human_immune,randomly_missing_50,ItClust,ARI_cluster/label,0.378309
human_immune,randomly_missing_50,ItClust,ASW_label,0.579914
human_immune,randomly_missing_50,ItClust,ASW_label/batch,0.812515
human_immune,randomly_missing_50,ItClust,NMI_cluster/label,0.633356
human_immune,randomly_missing_50,ItClust,graph_conn,0.696875
human_immune,randomly_missing_50,ItClust,isolated_label_F1,0.648499
human_immune,randomly_missing_50,ItClust,isolated_label_silhouette,0.461159
human_immune,randomly_missing_50,ItClust,kBET,0.545725
human_immune,randomly_missing_50,ItClust,lisi_b,0.302394
human_immune,randomly_missing_50,ItClust,lisi_c,0.981402
human_immune,randomly_missing_50,ItClust,lisi_f1,0.462332
human_immune,randomly_missing_50,ItClust,pos_rate,0.865457
human_immune,randomly_missing_50,ItClust,truepos_rate,0.39578
human_immune,randomly_missing_50,STACAS,ARI_cluster/label,0.824959
human_immune,randomly_missing_50,STACAS,ASW_label,0.597747
human_immune,randomly_missing_50,STACAS,ASW_label/batch,0.899982
human_immune,randomly_missing_50,STACAS,NMI_cluster/label,0.831188
human_immune,randomly_missing_50,STACAS,graph_conn,0.973292
human_immune,randomly_missing_50,STACAS,isolated_label_F1,0.844694
human_immune,randomly_missing_50,STACAS,isolated_label_silhouette,0.650638
human_immune,randomly_missing_50,STACAS,kBET,0.290172
human_immune,randomly_missing_50,STACAS,lisi_b,0.257015
human_immune,randomly_missing_50,STACAS,lisi_c,0.988669
human_immune,randomly_missing_50,STACAS,lisi_f1,0.407973
human_immune,randomly_missing_50,STACAS,pos_rate,0.920999
human_immune,randomly_missing_50,STACAS,truepos_rate,0.132693
human_immune,randomly_missing_50,scANVI,ARI_cluster/label,0.855993
human_immune,randomly_missing_50,scANVI,ASW_label,0.634046
human_immune,randomly_missing_50,scANVI,ASW_label/batch,0.875531
human_immune,randomly_missing_50,scANVI,NMI_cluster/label,0.843028
human_immune,randomly_missing_50,scANVI,graph_conn,0.979447
human_immune,randomly_missing_50,scANVI,isolated_label_F1,0.898648
human_immune,randomly_missing_50,scANVI,isolated_label_silhouette,0.694827
human_immune,randomly_missing_50,scANVI,kBET,0.218015
human_immune,randomly_missing_50,scANVI,lisi_b,0.259403
human_immune,randomly_missing_50,scANVI,lisi_c,0.993317
human_immune,randomly_missing_50,scANVI,lisi_f1,0.411375
human_immune,randomly_missing_50,scANVI,pos_rate,0.954187
human_immune,randomly_missing_50,scANVI,truepos_rate,0.14675
human_immune,randomly_missing_50,scDREAMER,ARI_cluster/label,0.548064
human_immune,randomly_missing_50,scDREAMER,ASW_label,0.588992
human_immune,randomly_missing_50,scDREAMER,ASW_label/batch,0.932395
human_immune,randomly_missing_50,scDREAMER,NMI_cluster/label,0.757825
human_immune,randomly_missing_50,scDREAMER,graph_conn,0.987539
human_immune,randomly_missing_50,scDREAMER,isolated_label_F1,0.620279
human_immune,randomly_missing_50,scDREAMER,isolated_label_silhouette,0.600539
human_immune,randomly_missing_50,scDREAMER,kBET,0.639744
human_immune,randomly_missing_50,scDREAMER,lisi_b,0.343303
human_immune,randomly_missing_50,scDREAMER,lisi_c,0.989503
human_immune,randomly_missing_50,scDREAMER,lisi_f1,0.50975
human_immune,randomly_missing_50,scDREAMER,pos_rate,0.935982
human_immune,randomly_missing_50,scDREAMER,truepos_rate,0.720886
human_immune,randomly_missing_50,scGEN,ARI_cluster/label,0.753175
human_immune,randomly_missing_50,scGEN,ASW_label,0.560302
human_immune,randomly_missing_50,scGEN,ASW_label/batch,0.933312
human_immune,randomly_missing_50,scGEN,NMI_cluster/label,0.762821
human_immune,randomly_missing_50,scGEN,graph_conn,0.932698
human_immune,randomly_missing_50,scGEN,isolated_label_F1,0.58069
human_immune,randomly_missing_50,scGEN,isolated_label_silhouette,0.584322
human_immune,randomly_missing_50,scGEN,kBET,0.329449
human_immune,randomly_missing_50,scGEN,lisi_b,0.217467
human_immune,randomly_missing_50,scGEN,lisi_c,0.989916
human_immune,randomly_missing_50,scGEN,lisi_f1,0.356596
human_immune,randomly_missing_50,scGEN,pos_rate,0.948696
human_immune,randomly_missing_50,scGEN,truepos_rate,0.177819
human_immune,randomly_missing_70,ItClust,ARI_cluster/label,0.300675
human_immune,randomly_missing_70,ItClust,ASW_label,0.310155
human_immune,randomly_missing_70,ItClust,ASW_label/batch,0.741705
human_immune,randomly_missing_70,ItClust,NMI_cluster/label,0.491595
human_immune,randomly_missing_70,ItClust,graph_conn,0.659443
human_immune,randomly_missing_70,ItClust,isolated_label_F1,0.353921
human_immune,randomly_missing_70,ItClust,isolated_label_silhouette,0.292544
human_immune,randomly_missing_70,ItClust,kBET,0.376689
human_immune,randomly_missing_70,ItClust,lisi_b,0.307792
human_immune,randomly_missing_70,ItClust,lisi_c,0.947083
human_immune,randomly_missing_70,ItClust,lisi_f1,0.464595
human_immune,randomly_missing_70,ItClust,pos_rate,0.765475
human_immune,randomly_missing_70,ItClust,truepos_rate,0.307079
human_immune,randomly_missing_70,STACAS,ARI_cluster/label,0.77314
human_immune,randomly_missing_70,STACAS,ASW_label,0.596145
human_immune,randomly_missing_70,STACAS,ASW_label/batch,0.898396
human_immune,randomly_missing_70,STACAS,NMI_cluster/label,0.813232
human_immune,randomly_missing_70,STACAS,graph_conn,0.970132
human_immune,randomly_missing_70,STACAS,isolated_label_F1,0.855453
human_immune,randomly_missing_70,STACAS,isolated_label_silhouette,0.648402
human_immune,randomly_missing_70,STACAS,kBET,0.284515
human_immune,randomly_missing_70,STACAS,lisi_b,0.270193
human_immune,randomly_missing_70,STACAS,lisi_c,0.988142
human_immune,randomly_missing_70,STACAS,lisi_f1,0.424353
human_immune,randomly_missing_70,STACAS,pos_rate,0.915179
human_immune,randomly_missing_70,STACAS,truepos_rate,0.132215
human_immune,randomly_missing_70,scANVI,ARI_cluster/label,0.852276
human_immune,randomly_missing_70,scANVI,ASW_label,0.635387
human_immune,randomly_missing_70,scANVI,ASW_label/batch,0.875099
human_immune,randomly_missing_70,scANVI,NMI_cluster/label,0.83748
human_immune,randomly_missing_70,scANVI,graph_conn,0.988974
human_immune,randomly_missing_70,scANVI,isolated_label_F1,0.878982
human_immune,randomly_missing_70,scANVI,isolated_label_silhouette,0.688446
human_immune,randomly_missing_70,scANVI,kBET,0.231127
human_immune,randomly_missing_70,scANVI,lisi_b,0.266948
human_immune,randomly_missing_70,scANVI,lisi_c,0.992504
human_immune,randomly_missing_70,scANVI,lisi_f1,0.420733
human_immune,randomly_missing_70,scANVI,pos_rate,0.94392
human_immune,randomly_missing_70,scANVI,truepos_rate,0.147884
human_immune,randomly_missing_70,scDREAMER,ARI_cluster/label,0.558055
human_immune,randomly_missing_70,scDREAMER,ASW_label,0.577566
human_immune,randomly_missing_70,scDREAMER,ASW_label/batch,0.927687
human_immune,randomly_missing_70,scDREAMER,NMI_cluster/label,0.725899
human_immune,randomly_missing_70,scDREAMER,graph_conn,0.940137
human_immune,randomly_missing_70,scDREAMER,isolated_label_F1,0.660386
human_immune,randomly_missing_70,scDREAMER,isolated_label_silhouette,0.598362
human_immune,randomly_missing_70,scDREAMER,kBET,0.609426
human_immune,randomly_missing_70,scDREAMER,lisi_b,0.338546
human_immune,randomly_missing_70,scDREAMER,lisi_c,0.985624
human_immune,randomly_missing_70,scDREAMER,lisi_f1,0.503982
human_immune,randomly_missing_70,scDREAMER,pos_rate,0.909777
human_immune,randomly_missing_70,scDREAMER,truepos_rate,0.680057
human_immune,randomly_missing_70,scGEN,ARI_cluster/label,0.530081
human_immune,randomly_missing_70,scGEN,ASW_label,0.544347
human_immune,randomly_missing_70,scGEN,ASW_label/batch,0.919651
human_immune,randomly_missing_70,scGEN,NMI_cluster/label,0.730972
human_immune,randomly_missing_70,scGEN,graph_conn,0.937938
human_immune,randomly_missing_70,scGEN,isolated_label_F1,0.648063
human_immune,randomly_missing_70,scGEN,isolated_label_silhouette,0.585497
human_immune,randomly_missing_70,scGEN,kBET,0.249009
human_immune,randomly_missing_70,scGEN,lisi_b,0.208959
human_immune,randomly_missing_70,scGEN,lisi_c,0.988465
human_immune,randomly_missing_70,scGEN,lisi_f1,0.344989
human_immune,randomly_missing_70,scGEN,pos_rate,0.941324
human_immune,randomly_missing_70,scGEN,truepos_rate,0.112069
human_immune,randomly_wrong_30,ItClust,ARI_cluster/label,0.531906
human_immune,randomly_wrong_30,ItClust,ASW_label,0.627939
human_immune,randomly_wrong_30,ItClust,ASW_label/batch,0.815101
human_immune,randomly_wrong_30,ItClust,NMI_cluster/label,0.477188
human_immune,randomly_wrong_30,ItClust,graph_conn,0.741126
human_immune,randomly_wrong_30,ItClust,isolated_label_F1,0.552525
human_immune,randomly_wrong_30,ItClust,isolated_label_silhouette,0.638976
human_immune,randomly_wrong_30,ItClust,kBET,0.304314
human_immune,randomly_wrong_30,ItClust,lisi_b,0.355426
human_immune,randomly_wrong_30,ItClust,lisi_c,0.953963
human_immune,randomly_wrong_30,ItClust,lisi_f1,0.517895
human_immune,randomly_wrong_30,ItClust,pos_rate,0.721154
human_immune,randomly_wrong_30,ItClust,truepos_rate,0.535755
human_immune,randomly_wrong_30,STACAS,ARI_cluster/label,0.649515
human_immune,randomly_wrong_30,STACAS,ASW_label,0.601904
human_immune,randomly_wrong_30,STACAS,ASW_label/batch,0.849415
human_immune,randomly_wrong_30,STACAS,NMI_cluster/label,0.793809
human_immune,randomly_wrong_30,STACAS,graph_conn,0.965184
human_immune,randomly_wrong_30,STACAS,isolated_label_F1,0.855052
human_immune,randomly_wrong_30,STACAS,isolated_label_silhouette,0.658787
human_immune,randomly_wrong_30,STACAS,kBET,0.244468
human_immune,randomly_wrong_30,STACAS,lisi_b,0.285222
human_immune,randomly_wrong_30,STACAS,lisi_c,0.989106
human_immune,randomly_wrong_30,STACAS,lisi_f1,0.442767
human_immune,randomly_wrong_30,STACAS,pos_rate,0.913687
human_immune,randomly_wrong_30,STACAS,truepos_rate,0.0747627
human_immune,randomly_wrong_30,scANVI,ARI_cluster/label,0.853047
human_immune,randomly_wrong_30,scANVI,ASW_label,0.575641
human_immune,randomly_wrong_30,scANVI,ASW_label/batch,0.905712
human_immune,randomly_wrong_30,scANVI,NMI_cluster/label,0.832802
human_immune,randomly_wrong_30,scANVI,graph_conn,0.987434
human_immune,randomly_wrong_30,scANVI,isolated_label_F1,0.843353
human_immune,randomly_wrong_30,scANVI,isolated_label_silhouette,0.627449
human_immune,randomly_wrong_30,scANVI,kBET,0.289714
human_immune,randomly_wrong_30,scANVI,lisi_b,0.300787
human_immune,randomly_wrong_30,scANVI,lisi_c,0.988915
human_immune,randomly_wrong_30,scANVI,lisi_f1,0.461274
human_immune,randomly_wrong_30,scANVI,pos_rate,0.921626
human_immune,randomly_wrong_30,scANVI,truepos_rate,0.218707
human_immune,randomly_wrong_30,scDREAMER,ARI_cluster/label,0.597712
human_immune,randomly_wrong_30,scDREAMER,ASW_label,0.61706
human_immune,randomly_wrong_30,scDREAMER,ASW_label/batch,0.92648
human_immune,randomly_wrong_30,scDREAMER,NMI_cluster/label,0.656042
human_immune,randomly_wrong_30,scDREAMER,graph_conn,0.982444
human_immune,randomly_wrong_30,scDREAMER,isolated_label_F1,0.776888
human_immune,randomly_wrong_30,scDREAMER,isolated_label_silhouette,0.619693
human_immune,randomly_wrong_30,scDREAMER,kBET,0.611706
human_immune,randomly_wrong_30,scDREAMER,lisi_b,0.353775
human_immune,randomly_wrong_30,scDREAMER,lisi_c,0.990126
human_immune,randomly_wrong_30,scDREAMER,lisi_f1,0.521291
human_immune,randomly_wrong_30,scDREAMER,pos_rate,0.936131
human_immune,randomly_wrong_30,scDREAMER,truepos_rate,0.616487
human_immune,randomly_wrong_30,scGEN,ARI_cluster/label,0.768183
human_immune,randomly_wrong_30,scGEN,ASW_label,0.548264
human_immune,randomly_wrong_30,scGEN,ASW_label/batch,0.930215
human_immune,randomly_wrong_30,scGEN,NMI_cluster/label,0.715225
human_immune,randomly_wrong_30,scGEN,graph_conn,0.986572
human_immune,randomly_wrong_30,scGEN,isolated_label_F1,0.621016
human_immune,randomly_wrong_30,scGEN,isolated_label_silhouette,0.569027
human_immune,randomly_wrong_30,scGEN,kBET,0.287415
human_immune,randomly_wrong_30,scGEN,lisi_b,0.233213
human_immune,randomly_wrong_30,scGEN,lisi_c,0.986197
human_immune,randomly_wrong_30,scGEN,lisi_f1,0.377222
human_immune,randomly_wrong_30,scGEN,pos_rate,0.911419
human_immune,randomly_wrong_30,scGEN,truepos_rate,0.187399
human_immune,randomly_wrong_50,ItClust,ARI_cluster/label,0.228206
human_immune,randomly_wrong_50,ItClust,ASW_label,0.464523
human_immune,randomly_wrong_50,ItClust,ASW_label/batch,0.885395
human_immune,randomly_wrong_50,ItClust,NMI_cluster/label,0.217883
human_immune,randomly_wrong_50,ItClust,graph_conn,0.513208
human_immune,randomly_wrong_50,ItClust,isolated_label_F1,0.300021
human_immune,randomly_wrong_50,ItClust,isolated_label_silhouette,0.493315
human_immune,randomly_wrong_50,ItClust,kBET,0.0804531
human_immune,randomly_wrong_50,ItClust,lisi_b,0.34148
human_immune,randomly_wrong_50,ItClust,lisi_c,0.885951
human_immune,randomly_wrong_50,ItClust,lisi_f1,0.492955
human_immune,randomly_wrong_50,ItClust,pos_rate,0.428819
human_immune,randomly_wrong_50,ItClust,truepos_rate,0.304065
human_immune,randomly_wrong_50,STACAS,ARI_cluster/label,0.648756
human_immune,randomly_wrong_50,STACAS,ASW_label,0.601429
human_immune,randomly_wrong_50,STACAS,ASW_label/batch,0.850105
human_immune,randomly_wrong_50,STACAS,NMI_cluster/label,0.794263
human_immune,randomly_wrong_50,STACAS,graph_conn,0.966426
human_immune,randomly_wrong_50,STACAS,isolated_label_F1,0.830574
human_immune,randomly_wrong_50,STACAS,isolated_label_silhouette,0.657059
human_immune,randomly_wrong_50,STACAS,kBET,0.252306
human_immune,randomly_wrong_50,STACAS,lisi_b,0.279607
human_immune,randomly_wrong_50,STACAS,lisi_c,0.988706
human_immune,randomly_wrong_50,STACAS,lisi_f1,0.435932
human_immune,randomly_wrong_50,STACAS,pos_rate,0.912016
human_immune,randomly_wrong_50,STACAS,truepos_rate,0.074136
human_immune,randomly_wrong_50,scANVI,ARI_cluster/label,0.741499
human_immune,randomly_wrong_50,scANVI,ASW_label,0.563555
human_immune,randomly_wrong_50,scANVI,ASW_label/batch,0.912667
human_immune,randomly_wrong_50,scANVI,NMI_cluster/label,0.786861
human_immune,randomly_wrong_50,scANVI,graph_conn,0.980518
human_immune,randomly_wrong_50,scANVI,isolated_label_F1,0.840389
human_immune,randomly_wrong_50,scANVI,isolated_label_silhouette,0.602305
human_immune,randomly_wrong_50,scANVI,kBET,0.305417
human_immune,randomly_wrong_50,scANVI,lisi_b,0.311877
human_immune,randomly_wrong_50,scANVI,lisi_c,0.985205
human_immune,randomly_wrong_50,scANVI,lisi_f1,0.473776
human_immune,randomly_wrong_50,scANVI,pos_rate,0.898735
human_immune,randomly_wrong_50,scANVI,truepos_rate,0.240315
human_immune,randomly_wrong_50,scDREAMER,ARI_cluster/label,0.231168
human_immune,randomly_wrong_50,scDREAMER,ASW_label,0.578688
human_immune,randomly_wrong_50,scDREAMER,ASW_label/batch,0.933609
human_immune,randomly_wrong_50,scDREAMER,NMI_cluster/label,0.529034
human_immune,randomly_wrong_50,scDREAMER,graph_conn,0.960349
human_immune,randomly_wrong_50,scDREAMER,isolated_label_F1,0.615153
human_immune,randomly_wrong_50,scDREAMER,isolated_label_silhouette,0.580807
human_immune,randomly_wrong_50,scDREAMER,kBET,0.674583
human_immune,randomly_wrong_50,scDREAMER,lisi_b,0.359828
human_immune,randomly_wrong_50,scDREAMER,lisi_c,0.985493
human_immune,randomly_wrong_50,scDREAMER,lisi_f1,0.527172
human_immune,randomly_wrong_50,scDREAMER,pos_rate,0.909509
human_immune,randomly_wrong_50,scDREAMER,truepos_rate,0.642959
human_immune,randomly_wrong_50,scGEN,ARI_cluster/label,0.658721
human_immune,randomly_wrong_50,scGEN,ASW_label,0.53416
human_immune,randomly_wrong_50,scGEN,ASW_label/batch,0.914385
human_immune,randomly_wrong_50,scGEN,NMI_cluster/label,0.712936
human_immune,randomly_wrong_50,scGEN,graph_conn,0.978478
human_immune,randomly_wrong_50,scGEN,isolated_label_F1,0.636177
human_immune,randomly_wrong_50,scGEN,isolated_label_silhouette,0.56717
human_immune,randomly_wrong_50,scGEN,kBET,0.195269
human_immune,randomly_wrong_50,scGEN,lisi_b,0.223258
human_immune,randomly_wrong_50,scGEN,lisi_c,0.982785
human_immune,randomly_wrong_50,scGEN,lisi_f1,0.363858
human_immune,randomly_wrong_50,scGEN,pos_rate,0.90533
human_immune,randomly_wrong_50,scGEN,truepos_rate,0.13517
human_immune,randomly_wrong_70,ItClust,ARI_cluster/label,0.033108
human_immune,randomly_wrong_70,ItClust,ASW_label,0.429658
human_immune,randomly_wrong_70,ItClust,ASW_label/batch,0.923486
human_immune,randomly_wrong_70,ItClust,NMI_cluster/label,0.0775442
human_immune,randomly_wrong_70,ItClust,graph_conn,0.266158
human_immune,randomly_wrong_70,ItClust,isolated_label_F1,0.152718
human_immune,randomly_wrong_70,ItClust,isolated_label_silhouette,0.44519
human_immune,randomly_wrong_70,ItClust,kBET,0.0719867
human_immune,randomly_wrong_70,ItClust,lisi_b,0.342877
human_immune,randomly_wrong_70,ItClust,lisi_c,0.822319
human_immune,randomly_wrong_70,ItClust,lisi_f1,0.48396
human_immune,randomly_wrong_70,ItClust,pos_rate,0.177789
human_immune,randomly_wrong_70,ItClust,truepos_rate,0.112159
human_immune,randomly_wrong_70,STACAS,ARI_cluster/label,0.643325
human_immune,randomly_wrong_70,STACAS,ASW_label,0.602202
human_immune,randomly_wrong_70,STACAS,ASW_label/batch,0.854494
human_immune,randomly_wrong_70,STACAS,NMI_cluster/label,0.79499
human_immune,randomly_wrong_70,STACAS,graph_conn,0.965029
human_immune,randomly_wrong_70,STACAS,isolated_label_F1,0.833892
human_immune,randomly_wrong_70,STACAS,isolated_label_silhouette,0.654553
human_immune,randomly_wrong_70,STACAS,kBET,0.23594
human_immune,randomly_wrong_70,STACAS,lisi_b,0.284108
human_immune,randomly_wrong_70,STACAS,lisi_c,0.988214
human_immune,randomly_wrong_70,STACAS,lisi_f1,0.441334
human_immune,randomly_wrong_70,STACAS,pos_rate,0.908196
human_immune,randomly_wrong_70,STACAS,truepos_rate,0.0762848
human_immune,randomly_wrong_70,scANVI,ARI_cluster/label,0.775455
human_immune,randomly_wrong_70,scANVI,ASW_label,0.545231
human_immune,randomly_wrong_70,scANVI,ASW_label/batch,0.908838
human_immune,randomly_wrong_70,scANVI,NMI_cluster/label,0.809184
human_immune,randomly_wrong_70,scANVI,graph_conn,0.979108
human_immune,randomly_wrong_70,scANVI,isolated_label_F1,0.72961
human_immune,randomly_wrong_70,scANVI,isolated_label_silhouette,0.588185
human_immune,randomly_wrong_70,scANVI,kBET,0.326094
human_immune,randomly_wrong_70,scANVI,lisi_b,0.31625
human_immune,randomly_wrong_70,scANVI,lisi_c,0.98224
human_immune,randomly_wrong_70,scANVI,lisi_f1,0.478454
human_immune,randomly_wrong_70,scANVI,pos_rate,0.883036
human_immune,randomly_wrong_70,scANVI,truepos_rate,0.246195
human_immune,randomly_wrong_70,scDREAMER,ARI_cluster/label,0.156686
human_immune,randomly_wrong_70,scDREAMER,ASW_label,0.553502
human_immune,randomly_wrong_70,scDREAMER,ASW_label/batch,0.939265
human_immune,randomly_wrong_70,scDREAMER,NMI_cluster/label,0.513273
human_immune,randomly_wrong_70,scDREAMER,graph_conn,0.97525
human_immune,randomly_wrong_70,scDREAMER,isolated_label_F1,0.446145
human_immune,randomly_wrong_70,scDREAMER,isolated_label_silhouette,0.566958
human_immune,randomly_wrong_70,scDREAMER,kBET,0.677908
human_immune,randomly_wrong_70,scDREAMER,lisi_b,0.359645
human_immune,randomly_wrong_70,scDREAMER,lisi_c,0.982173
human_immune,randomly_wrong_70,scDREAMER,lisi_f1,0.5265
human_immune,randomly_wrong_70,scDREAMER,pos_rate,0.887125
human_immune,randomly_wrong_70,scDREAMER,truepos_rate,0.661135
human_immune,randomly_wrong_70,scGEN,ARI_cluster/label,0.726358
human_immune,randomly_wrong_70,scGEN,ASW_label,0.536243
human_immune,randomly_wrong_70,scGEN,ASW_label/batch,0.900944
human_immune,randomly_wrong_70,scGEN,NMI_cluster/label,0.766932
human_immune,randomly_wrong_70,scGEN,graph_conn,0.981934
human_immune,randomly_wrong_70,scGEN,isolated_label_F1,0.70292
human_immune,randomly_wrong_70,scGEN,isolated_label_silhouette,0.58055
human_immune,randomly_wrong_70,scGEN,kBET,0.124809
human_immune,randomly_wrong_70,scGEN,lisi_b,0.177695
human_immune,randomly_wrong_70,scGEN,lisi_c,0.983868
human_immune,randomly_wrong_70,scGEN,lisi_f1,0.301022
human_immune,randomly_wrong_70,scGEN,pos_rate,0.911777
human_immune,randomly_wrong_70,scGEN,truepos_rate,0.068734
human_immune,singleR,ItClust,ARI_cluster/label,0.400153
human_immune,singleR,ItClust,ASW_label,0.528687
human_immune,singleR,ItClust,ASW_label/batch,0.704171
human_immune,singleR,ItClust,NMI_cluster/label,0.466805
human_immune,singleR,ItClust,graph_conn,0.551816
human_immune,singleR,ItClust,isolated_label_F1,0.353066
human_immune,singleR,ItClust,isolated_label_silhouette,0.445112
human_immune,singleR,ItClust,kBET,0.258803
human_immune,singleR,ItClust,lisi_b,0.309914
human_immune,singleR,ItClust,lisi_c,0.934977
human_immune,singleR,ItClust,lisi_f1,0.465523
human_immune,singleR,ItClust,pos_rate,0.610518
human_immune,singleR,ItClust,truepos_rate,0.243538
human_immune,singleR,STACAS,ARI_cluster/label,0.827895
human_immune,singleR,STACAS,ASW_label,0.59654
human_immune,singleR,STACAS,ASW_label/batch,0.898764
human_immune,singleR,STACAS,NMI_cluster/label,0.832504
human_immune,singleR,STACAS,graph_conn,0.970367
human_immune,singleR,STACAS,isolated_label_F1,0.850203
human_immune,singleR,STACAS,isolated_label_silhouette,0.648681
human_immune,singleR,STACAS,kBET,0.290927
human_immune,singleR,STACAS,lisi_b,0.264611
human_immune,singleR,STACAS,lisi_c,0.9881
human_immune,singleR,STACAS,lisi_f1,0.417435
human_immune,singleR,STACAS,pos_rate,0.914374
human_immune,singleR,STACAS,truepos_rate,0.142034
human_immune,singleR,scANVI,ARI_cluster/label,0.830718
human_immune,singleR,scANVI,ASW_label,0.570232
human_immune,singleR,scANVI,ASW_label/batch,0.902443
human_immune,singleR,scANVI,NMI_cluster/label,0.808101
human_immune,singleR,scANVI,graph_conn,0.984752
human_immune,singleR,scANVI,isolated_label_F1,0.792299
human_immune,singleR,scANVI,isolated_label_silhouette,0.609229
human_immune,singleR,scANVI,kBET,0.269493
human_immune,singleR,scANVI,lisi_b,0.264619
human_immune,singleR,scANVI,lisi_c,0.986253
human_immune,singleR,scANVI,lisi_f1,0.417279
human_immune,singleR,scANVI,pos_rate,0.915597
human_immune,singleR,scANVI,truepos_rate,0.155166
human_immune,singleR,scDREAMER,ARI_cluster/label,0.520629
human_immune,singleR,scDREAMER,ASW_label,0.551087
human_immune,singleR,scDREAMER,ASW_label/batch,0.9196
human_immune,singleR,scDREAMER,NMI_cluster/label,0.593833
human_immune,singleR,scDREAMER,graph_conn,0.954765
human_immune,singleR,scDREAMER,isolated_label_F1,0.676299
human_immune,singleR,scDREAMER,isolated_label_silhouette,0.572043
human_immune,singleR,scDREAMER,kBET,0.561793
human_immune,singleR,scDREAMER,lisi_b,0.32766
human_immune,singleR,scDREAMER,lisi_c,0.974129
human_immune,singleR,scDREAMER,lisi_f1,0.490377
human_immune,singleR,scDREAMER,pos_rate,0.834955
human_immune,singleR,scDREAMER,truepos_rate,0.518892
human_immune,singleR,scGEN,ARI_cluster/label,0.560887
human_immune,singleR,scGEN,ASW_label,0.539361
human_immune,singleR,scGEN,ASW_label/batch,0.910558
human_immune,singleR,scGEN,NMI_cluster/label,0.634616
human_immune,singleR,scGEN,graph_conn,0.932723
human_immune,singleR,scGEN,isolated_label_F1,0.625919
human_immune,singleR,scGEN,isolated_label_silhouette,0.571995
human_immune,singleR,scGEN,kBET,0.237959
human_immune,singleR,scGEN,lisi_b,0.247082
human_immune,singleR,scGEN,lisi_c,0.979156
human_immune,singleR,scGEN,lisi_f1,0.394592
human_immune,singleR,scGEN,pos_rate,0.90733
human_immune,singleR,scGEN,truepos_rate,0.307318
human_immune,unsupervised,Harmony,ARI_cluster/label,0.740501
human_immune,unsupervised,Harmony,ASW_label,0.55292
human_immune,unsupervised,Harmony,ASW_label/batch,0.917367
human_immune,unsupervised,Harmony,NMI_cluster/label,0.790499
human_immune,unsupervised,Harmony,graph_conn,0.968459
human_immune,unsupervised,Harmony,isolated_label_F1,0.77905
human_immune,unsupervised,Harmony,isolated_label_silhouette,0.576747
human_immune,unsupervised,Harmony,kBET,0.332273
human_immune,unsupervised,Harmony,lisi_b,0.199032
human_immune,unsupervised,Harmony,lisi_c,0.986309
human_immune,unsupervised,Harmony,lisi_f1,0.331225
human_immune,unsupervised,Harmony,pos_rate,0.906942
human_immune,unsupervised,Harmony,truepos_rate,0.22784
human_immune,unsupervised,Seurat,ARI_cluster/label,0.741512
human_immune,unsupervised,Seurat,ASW_label,0.556182
human_immune,unsupervised,Seurat,ASW_label/batch,0.906374
human_immune,unsupervised,Seurat,NMI_cluster/label,0.798231
human_immune,unsupervised,Seurat,graph_conn,0.972124
human_immune,unsupervised,Seurat,isolated_label_F1,0.643371
human_immune,unsupervised,Seurat,isolated_label_silhouette,0.554068
human_immune,unsupervised,Seurat,kBET,0.344004
human_immune,unsupervised,Seurat,lisi_b,0.344281
human_immune,unsupervised,Seurat,lisi_c,0.97746
human_immune,unsupervised,Seurat,lisi_f1,0.509208
human_immune,unsupervised,Seurat,pos_rate,0.838835
human_immune,unsupervised,Seurat,truepos_rate,0.175401
human_immune,unsupervised,scCRAFT,ARI_cluster/label,0.776466
human_immune,unsupervised,scCRAFT,ASW_label,0.579484
human_immune,unsupervised,scCRAFT,ASW_label/batch,0.913427
human_immune,unsupervised,scCRAFT,NMI_cluster/label,0.823488
human_immune,unsupervised,scCRAFT,graph_conn,0.943362
human_immune,unsupervised,scCRAFT,isolated_label_F1,0.702081
human_immune,unsupervised,scCRAFT,isolated_label_silhouette,0.567394
human_immune,unsupervised,scCRAFT,kBET,0.49341
human_immune,unsupervised,scCRAFT,lisi_b,0.328228
human_immune,unsupervised,scCRAFT,lisi_c,0.984433
human_immune,unsupervised,scCRAFT,lisi_f1,0.49231
human_immune,unsupervised,scCRAFT,pos_rate,0.890318
human_immune,unsupervised,scCRAFT,truepos_rate,0.480929
human_immune,unsupervised,scVI,ARI_cluster/label,0.741512
human_immune,unsupervised,scVI,ASW_label,0.548276
human_immune,unsupervised,scVI,ASW_label/batch,0.888456
human_immune,unsupervised,scVI,NMI_cluster/label,0.798231
human_immune,unsupervised,scVI,graph_conn,0.972124
human_immune,unsupervised,scVI,isolated_label_F1,0.776815
human_immune,unsupervised,scVI,isolated_label_silhouette,0.618877
human_immune,unsupervised,scVI,kBET,0.251843
human_immune,unsupervised,scVI,lisi_b,0.285529
human_immune,unsupervised,scVI,lisi_c,0.986045
human_immune,unsupervised,scVI,lisi_f1,0.442828
human_immune,unsupervised,scVI,pos_rate,0.905868
human_immune,unsupervised,scVI,truepos_rate,0.209067
human_immune,unsupervised,scanorama,ARI_cluster/label,0.77563
human_immune,unsupervised,scanorama,ASW_label,0.554325
human_immune,unsupervised,scanorama,ASW_label/batch,0.943051
human_immune,unsupervised,scanorama,NMI_cluster/label,0.815289
human_immune,unsupervised,scanorama,graph_conn,0.984365
human_immune,unsupervised,scanorama,isolated_label_F1,0.76568
human_immune,unsupervised,scanorama,isolated_label_silhouette,0.590344
human_immune,unsupervised,scanorama,kBET,0.223123
human_immune,unsupervised,scanorama,lisi_b,0.193
human_immune,unsupervised,scanorama,lisi_c,0.986
human_immune,unsupervised,scanorama,lisi_f1,0.323
human_immune,unsupervised,scanorama,pos_rate,0.915239
human_immune,unsupervised,scanorama,truepos_rate,0.070584
human_pancreas,Azimuth,ItClust,ARI_cluster/label,0.947364
human_pancreas,Azimuth,ItClust,ASW_label,0.932388
human_pancreas,Azimuth,ItClust,ASW_label/batch,0.641748
human_pancreas,Azimuth,ItClust,NMI_cluster/label,0.914183
human_pancreas,Azimuth,ItClust,graph_conn,0.913916
human_pancreas,Azimuth,ItClust,isolated_label_F1,0.104478
human_pancreas,Azimuth,ItClust,isolated_label_silhouette,0.667836
human_pancreas,Azimuth,ItClust,kBET,0.482678
human_pancreas,Azimuth,ItClust,lisi_b,0.320451
human_pancreas,Azimuth,ItClust,lisi_c,0.995814
human_pancreas,Azimuth,ItClust,lisi_f1,0.484871
human_pancreas,Azimuth,ItClust,pos_rate,0.967037
human_pancreas,Azimuth,ItClust,truepos_rate,0.228116
human_pancreas,Azimuth,STACAS,ARI_cluster/label,0.956714
human_pancreas,Azimuth,STACAS,ASW_label,0.637993
human_pancreas,Azimuth,STACAS,ASW_label/batch,0.831694
human_pancreas,Azimuth,STACAS,NMI_cluster/label,0.92678
human_pancreas,Azimuth,STACAS,graph_conn,0.985822
human_pancreas,Azimuth,STACAS,isolated_label_F1,0.141414
human_pancreas,Azimuth,STACAS,isolated_label_silhouette,0.726153
human_pancreas,Azimuth,STACAS,kBET,0.495823
human_pancreas,Azimuth,STACAS,lisi_b,0.240841
human_pancreas,Azimuth,STACAS,lisi_c,0.996855
human_pancreas,Azimuth,STACAS,lisi_f1,0.387953
human_pancreas,Azimuth,STACAS,pos_rate,0.974606
human_pancreas,Azimuth,STACAS,truepos_rate,0.0636674
human_pancreas,Azimuth,scANVI,ARI_cluster/label,0.949119
human_pancreas,Azimuth,scANVI,ASW_label,0.586735
human_pancreas,Azimuth,scANVI,ASW_label/batch,0.882247
human_pancreas,Azimuth,scANVI,NMI_cluster/label,0.916071
human_pancreas,Azimuth,scANVI,graph_conn,0.984162
human_pancreas,Azimuth,scANVI,isolated_label_F1,0.186667
human_pancreas,Azimuth,scANVI,isolated_label_silhouette,0.7147
human_pancreas,Azimuth,scANVI,kBET,0.519468
human_pancreas,Azimuth,scANVI,lisi_b,0.280057
human_pancreas,Azimuth,scANVI,lisi_c,0.995323
human_pancreas,Azimuth,scANVI,lisi_f1,0.43712
human_pancreas,Azimuth,scANVI,pos_rate,0.969479
human_pancreas,Azimuth,scANVI,truepos_rate,0.140093
human_pancreas,Azimuth,scDREAMER,ARI_cluster/label,0.945235
human_pancreas,Azimuth,scDREAMER,ASW_label,0.654121
human_pancreas,Azimuth,scDREAMER,ASW_label/batch,0.852193
human_pancreas,Azimuth,scDREAMER,NMI_cluster/label,0.914368
human_pancreas,Azimuth,scDREAMER,graph_conn,0.967118
human_pancreas,Azimuth,scDREAMER,isolated_label_F1,0.103704
human_pancreas,Azimuth,scDREAMER,isolated_label_silhouette,0.530034
human_pancreas,Azimuth,scDREAMER,kBET,0.621005
human_pancreas,Azimuth,scDREAMER,lisi_b,0.406
human_pancreas,Azimuth,scDREAMER,lisi_c,0.995393
human_pancreas,Azimuth,scDREAMER,lisi_f1,0.576754
human_pancreas,Azimuth,scDREAMER,pos_rate,0.970272
human_pancreas,Azimuth,scDREAMER,truepos_rate,0.622635
human_pancreas,Azimuth,scGEN,ARI_cluster/label,0.946703
human_pancreas,Azimuth,scGEN,ASW_label,0.637993
human_pancreas,Azimuth,scGEN,ASW_label/batch,0.831694
human_pancreas,Azimuth,scGEN,NMI_cluster/label,0.913013
human_pancreas,Azimuth,scGEN,graph_conn,0.969339
human_pancreas,Azimuth,scGEN,isolated_label_F1,0.141414
human_pancreas,Azimuth,scGEN,isolated_label_silhouette,0.726153
human_pancreas,Azimuth,scGEN,kBET,0.467327
human_pancreas,Azimuth,scGEN,lisi_b,0.275409
human_pancreas,Azimuth,scGEN,lisi_c,0.996786
human_pancreas,Azimuth,scGEN,lisi_f1,0.431575
human_pancreas,Azimuth,scGEN,pos_rate,0.971371
human_pancreas,Azimuth,scGEN,truepos_rate,0.156025
human_pancreas,CellAssign,ItClust,ARI_cluster/label,0.0360556
human_pancreas,CellAssign,ItClust,ASW_label,0.301336
human_pancreas,CellAssign,ItClust,ASW_label/batch,0.421974
human_pancreas,CellAssign,ItClust,NMI_cluster/label,0.179473
human_pancreas,CellAssign,ItClust,graph_conn,0.691824
human_pancreas,CellAssign,ItClust,isolated_label_F1,0.7
human_pancreas,CellAssign,ItClust,isolated_label_silhouette,0.923513
human_pancreas,CellAssign,ItClust,kBET,0.216006
human_pancreas,CellAssign,ItClust,lisi_b,0.236829
human_pancreas,CellAssign,ItClust,lisi_c,0.871536
human_pancreas,CellAssign,ItClust,lisi_f1,0.37245
human_pancreas,CellAssign,ItClust,pos_rate,0.292699
human_pancreas,CellAssign,ItClust,truepos_rate,0.0493835
human_pancreas,CellAssign,STACAS,ARI_cluster/label,0.955608
human_pancreas,CellAssign,STACAS,ASW_label,0.559812
human_pancreas,CellAssign,STACAS,ASW_label/batch,0.878671
human_pancreas,CellAssign,STACAS,NMI_cluster/label,0.926058
human_pancreas,CellAssign,STACAS,graph_conn,0.984016
human_pancreas,CellAssign,STACAS,isolated_label_F1,0.150538
human_pancreas,CellAssign,STACAS,isolated_label_silhouette,0.719847
human_pancreas,CellAssign,STACAS,kBET,0.473884
human_pancreas,CellAssign,STACAS,lisi_b,0.226845
human_pancreas,CellAssign,STACAS,lisi_c,0.997071
human_pancreas,CellAssign,STACAS,lisi_f1,0.369601
human_pancreas,CellAssign,STACAS,pos_rate,0.975827
human_pancreas,CellAssign,STACAS,truepos_rate,0.060127
human_pancreas,CellAssign,scANVI,ARI_cluster/label,0.941904
human_pancreas,CellAssign,scANVI,ASW_label,0.559812
human_pancreas,CellAssign,scANVI,ASW_label/batch,0.878671
human_pancreas,CellAssign,scANVI,NMI_cluster/label,0.907862
human_pancreas,CellAssign,scANVI,graph_conn,0.987227
human_pancreas,CellAssign,scANVI,isolated_label_F1,0.150538
human_pancreas,CellAssign,scANVI,isolated_label_silhouette,0.719847
human_pancreas,CellAssign,scANVI,kBET,0.504719
human_pancreas,CellAssign,scANVI,lisi_b,0.260125
human_pancreas,CellAssign,scANVI,lisi_c,0.992363
human_pancreas,CellAssign,scANVI,lisi_f1,0.412201
human_pancreas,CellAssign,scANVI,pos_rate,0.965328
human_pancreas,CellAssign,scANVI,truepos_rate,0.107984
human_pancreas,CellAssign,scDREAMER,ARI_cluster/label,0.850343
human_pancreas,CellAssign,scDREAMER,ASW_label,0.580423
human_pancreas,CellAssign,scDREAMER,ASW_label/batch,0.858974
human_pancreas,CellAssign,scDREAMER,NMI_cluster/label,0.801144
human_pancreas,CellAssign,scDREAMER,graph_conn,0.952315
human_pancreas,CellAssign,scDREAMER,isolated_label_F1,0.0886076
human_pancreas,CellAssign,scDREAMER,isolated_label_silhouette,0.611355
human_pancreas,CellAssign,scDREAMER,kBET,0.584017
human_pancreas,CellAssign,scDREAMER,lisi_b,0.398762
human_pancreas,CellAssign,scDREAMER,lisi_c,0.988561
human_pancreas,CellAssign,scDREAMER,lisi_f1,0.56829
human_pancreas,CellAssign,scDREAMER,pos_rate,0.940361
human_pancreas,CellAssign,scDREAMER,truepos_rate,0.568673
human_pancreas,CellAssign,scGEN,ARI_cluster/label,0.873897
human_pancreas,CellAssign,scGEN,ASW_label,0.56375
human_pancreas,CellAssign,scGEN,ASW_label/batch,0.855251
human_pancreas,CellAssign,scGEN,NMI_cluster/label,0.817687
human_pancreas,CellAssign,scGEN,graph_conn,0.963325
human_pancreas,CellAssign,scGEN,isolated_label_F1,0.163934
human_pancreas,CellAssign,scGEN,isolated_label_silhouette,0.654349
human_pancreas,CellAssign,scGEN,kBET,0.424229
human_pancreas,CellAssign,scGEN,lisi_b,0.114038
human_pancreas,CellAssign,scGEN,lisi_c,0.993781
human_pancreas,CellAssign,scGEN,lisi_f1,0.204598
human_pancreas,CellAssign,scGEN,pos_rate,0.972287
human_pancreas,CellAssign,scGEN,truepos_rate,0.0266756
human_pancreas,full_annotated_supervised,ItClust,ARI_cluster/label,0.985325
human_pancreas,full_annotated_supervised,ItClust,ASW_label,0.968125
human_pancreas,full_annotated_supervised,ItClust,ASW_label/batch,0.784868
human_pancreas,full_annotated_supervised,ItClust,NMI_cluster/label,0.970592
human_pancreas,full_annotated_supervised,ItClust,graph_conn,0.997219
human_pancreas,full_annotated_supervised,ItClust,isolated_label_F1,0.0972222
human_pancreas,full_annotated_supervised,ItClust,isolated_label_silhouette,0.631947
human_pancreas,full_annotated_supervised,ItClust,kBET,0.66129
human_pancreas,full_annotated_supervised,ItClust,lisi_b,0.327749
human_pancreas,full_annotated_supervised,ItClust,lisi_c,0.999262
human_pancreas,full_annotated_supervised,ItClust,lisi_f1,0.493601
human_pancreas,full_annotated_supervised,ItClust,pos_rate,0.99237
human_pancreas,full_annotated_supervised,ItClust,truepos_rate,0.224332
human_pancreas,full_annotated_supervised,STACAS,ARI_cluster/label,0.958796
human_pancreas,full_annotated_supervised,STACAS,ASW_label,0.701654
human_pancreas,full_annotated_supervised,STACAS,ASW_label/batch,0.851976
human_pancreas,full_annotated_supervised,STACAS,NMI_cluster/label,0.926336
human_pancreas,full_annotated_supervised,STACAS,graph_conn,0.985079
human_pancreas,full_annotated_supervised,STACAS,isolated_label_F1,0.2
human_pancreas,full_annotated_supervised,STACAS,isolated_label_silhouette,0.711441
human_pancreas,full_annotated_supervised,STACAS,kBET,0.549857
human_pancreas,full_annotated_supervised,STACAS,lisi_b,0.262017
human_pancreas,full_annotated_supervised,STACAS,lisi_c,0.997016
human_pancreas,full_annotated_supervised,STACAS,lisi_f1,0.414977
human_pancreas,full_annotated_supervised,STACAS,pos_rate,0.9754
human_pancreas,full_annotated_supervised,STACAS,truepos_rate,0.125382
human_pancreas,full_annotated_supervised,scANVI,ARI_cluster/label,0.953979
human_pancreas,full_annotated_supervised,scANVI,ASW_label,0.613611
human_pancreas,full_annotated_supervised,scANVI,ASW_label/batch,0.874315
human_pancreas,full_annotated_supervised,scANVI,NMI_cluster/label,0.930511
human_pancreas,full_annotated_supervised,scANVI,graph_conn,0.997151
human_pancreas,full_annotated_supervised,scANVI,isolated_label_F1,0.088608
human_pancreas,full_annotated_supervised,scANVI,isolated_label_silhouette,0.776346
human_pancreas,full_annotated_supervised,scANVI,kBET,0.518914
human_pancreas,full_annotated_supervised,scANVI,lisi_b,0.279934
human_pancreas,full_annotated_supervised,scANVI,lisi_c,0.997118
human_pancreas,full_annotated_supervised,scANVI,lisi_f1,0.437143
human_pancreas,full_annotated_supervised,scANVI,pos_rate,0.981931
human_pancreas,full_annotated_supervised,scANVI,truepos_rate,0.150409
human_pancreas,full_annotated_supervised,scDREAMER,ARI_cluster/label,0.989437
human_pancreas,full_annotated_supervised,scDREAMER,ASW_label,0.644191
human_pancreas,full_annotated_supervised,scDREAMER,ASW_label/batch,0.854381
human_pancreas,full_annotated_supervised,scDREAMER,NMI_cluster/label,0.972933
human_pancreas,full_annotated_supervised,scDREAMER,graph_conn,0.999445
human_pancreas,full_annotated_supervised,scDREAMER,isolated_label_F1,0.134615
human_pancreas,full_annotated_supervised,scDREAMER,isolated_label_silhouette,0.69429
human_pancreas,full_annotated_supervised,scDREAMER,kBET,0.771715
human_pancreas,full_annotated_supervised,scDREAMER,lisi_b,0.414894
human_pancreas,full_annotated_supervised,scDREAMER,lisi_c,0.997983
human_pancreas,full_annotated_supervised,scDREAMER,lisi_f1,0.586119
human_pancreas,full_annotated_supervised,scDREAMER,pos_rate,0.995178
human_pancreas,full_annotated_supervised,scDREAMER,truepos_rate,0.665914
human_pancreas,full_annotated_supervised,scGEN,ARI_cluster/label,0.989149
human_pancreas,full_annotated_supervised,scGEN,ASW_label,0.643004
human_pancreas,full_annotated_supervised,scGEN,ASW_label/batch,0.776201
human_pancreas,full_annotated_supervised,scGEN,NMI_cluster/label,0.977687
human_pancreas,full_annotated_supervised,scGEN,graph_conn,0.994886
human_pancreas,full_annotated_supervised,scGEN,isolated_label_F1,0.145833
human_pancreas,full_annotated_supervised,scGEN,isolated_label_silhouette,0.81155
human_pancreas,full_annotated_supervised,scGEN,kBET,0.488514
human_pancreas,full_annotated_supervised,scGEN,lisi_b,0.270064
human_pancreas,full_annotated_supervised,scGEN,lisi_c,0.998929
human_pancreas,full_annotated_supervised,scGEN,lisi_f1,0.42518
human_pancreas,full_annotated_supervised,scGEN,pos_rate,0.993652
human_pancreas,full_annotated_supervised,scGEN,truepos_rate,0.140154
human_pancreas,missing_and_mixing_at_edge_30,ItClust,ARI_cluster/label,0.79162
human_pancreas,missing_and_mixing_at_edge_30,ItClust,ASW_label,0.946142
human_pancreas,missing_and_mixing_at_edge_30,ItClust,ASW_label/batch,0.640529
human_pancreas,missing_and_mixing_at_edge_30,ItClust,NMI_cluster/label,0.880959
human_pancreas,missing_and_mixing_at_edge_30,ItClust,graph_conn,0.923751
human_pancreas,missing_and_mixing_at_edge_30,ItClust,isolated_label_F1,0.057971
human_pancreas,missing_and_mixing_at_edge_30,ItClust,isolated_label_silhouette,0.21418
human_pancreas,missing_and_mixing_at_edge_30,ItClust,kBET,0.461613
human_pancreas,missing_and_mixing_at_edge_30,ItClust,lisi_b,0.332019
human_pancreas,missing_and_mixing_at_edge_30,ItClust,lisi_c,0.997419
human_pancreas,missing_and_mixing_at_edge_30,ItClust,lisi_f1,0.498198
human_pancreas,missing_and_mixing_at_edge_30,ItClust,pos_rate,0.977536
human_pancreas,missing_and_mixing_at_edge_30,ItClust,truepos_rate,0.197656
human_pancreas,missing_and_mixing_at_edge_30,STACAS,ARI_cluster/label,0.957063
human_pancreas,missing_and_mixing_at_edge_30,STACAS,ASW_label,0.682492
human_pancreas,missing_and_mixing_at_edge_30,STACAS,ASW_label/batch,0.854729
human_pancreas,missing_and_mixing_at_edge_30,STACAS,NMI_cluster/label,0.926703
human_pancreas,missing_and_mixing_at_edge_30,STACAS,graph_conn,0.973344
human_pancreas,missing_and_mixing_at_edge_30,STACAS,isolated_label_F1,0.126316
human_pancreas,missing_and_mixing_at_edge_30,STACAS,isolated_label_silhouette,0.694943
human_pancreas,missing_and_mixing_at_edge_30,STACAS,kBET,0.47615
human_pancreas,missing_and_mixing_at_edge_30,STACAS,lisi_b,0.233556
human_pancreas,missing_and_mixing_at_edge_30,STACAS,lisi_c,0.997186
human_pancreas,missing_and_mixing_at_edge_30,STACAS,lisi_f1,0.378468
human_pancreas,missing_and_mixing_at_edge_30,STACAS,pos_rate,0.97601
human_pancreas,missing_and_mixing_at_edge_30,STACAS,truepos_rate,0.064461
human_pancreas,missing_and_mixing_at_edge_30,scANVI,ARI_cluster/label,0.948565
human_pancreas,missing_and_mixing_at_edge_30,scANVI,ASW_label,0.590471
human_pancreas,missing_and_mixing_at_edge_30,scANVI,ASW_label/batch,0.88332
human_pancreas,missing_and_mixing_at_edge_30,scANVI,NMI_cluster/label,0.916883
human_pancreas,missing_and_mixing_at_edge_30,scANVI,graph_conn,0.987802
human_pancreas,missing_and_mixing_at_edge_30,scANVI,isolated_label_F1,0.12963
human_pancreas,missing_and_mixing_at_edge_30,scANVI,isolated_label_silhouette,0.708354
human_pancreas,missing_and_mixing_at_edge_30,scANVI,kBET,0.529634
human_pancreas,missing_and_mixing_at_edge_30,scANVI,lisi_b,0.282892
human_pancreas,missing_and_mixing_at_edge_30,scANVI,lisi_c,0.995414
human_pancreas,missing_and_mixing_at_edge_30,scANVI,lisi_f1,0.440575
human_pancreas,missing_and_mixing_at_edge_30,scANVI,pos_rate,0.971615
human_pancreas,missing_and_mixing_at_edge_30,scANVI,truepos_rate,0.149432
human_pancreas,missing_and_mixing_at_edge_30,scDREAMER,ARI_cluster/label,0.961772
human_pancreas,missing_and_mixing_at_edge_30,scDREAMER,ASW_label,0.696737
human_pancreas,missing_and_mixing_at_edge_30,scDREAMER,ASW_label/batch,0.853368
human_pancreas,missing_and_mixing_at_edge_30,scDREAMER,NMI_cluster/label,0.932428
human_pancreas,missing_and_mixing_at_edge_30,scDREAMER,graph_conn,0.985316
human_pancreas,missing_and_mixing_at_edge_30,scDREAMER,isolated_label_F1,0.202899
human_pancreas,missing_and_mixing_at_edge_30,scDREAMER,isolated_label_silhouette,0.696519
human_pancreas,missing_and_mixing_at_edge_30,scDREAMER,kBET,0.576106
human_pancreas,missing_and_mixing_at_edge_30,scDREAMER,lisi_b,0.368324
human_pancreas,missing_and_mixing_at_edge_30,scDREAMER,lisi_c,0.996804
human_pancreas,missing_and_mixing_at_edge_30,scDREAMER,lisi_f1,0.537894
human_pancreas,missing_and_mixing_at_edge_30,scDREAMER,pos_rate,0.97894
human_pancreas,missing_and_mixing_at_edge_30,scDREAMER,truepos_rate,0.420706
human_pancreas,missing_and_mixing_at_edge_30,scGEN,ARI_cluster/label,0.965668
human_pancreas,missing_and_mixing_at_edge_30,scGEN,ASW_label,0.635293
human_pancreas,missing_and_mixing_at_edge_30,scGEN,ASW_label/batch,0.808184
human_pancreas,missing_and_mixing_at_edge_30,scGEN,NMI_cluster/label,0.937385
human_pancreas,missing_and_mixing_at_edge_30,scGEN,graph_conn,0.93387
human_pancreas,missing_and_mixing_at_edge_30,scGEN,isolated_label_F1,0.109091
human_pancreas,missing_and_mixing_at_edge_30,scGEN,isolated_label_silhouette,0.544761
human_pancreas,missing_and_mixing_at_edge_30,scGEN,kBET,0.397574
human_pancreas,missing_and_mixing_at_edge_30,scGEN,lisi_b,0.273662
human_pancreas,missing_and_mixing_at_edge_30,scGEN,lisi_c,0.997215
human_pancreas,missing_and_mixing_at_edge_30,scGEN,lisi_f1,0.429467
human_pancreas,missing_and_mixing_at_edge_30,scGEN,pos_rate,0.976865
human_pancreas,missing_and_mixing_at_edge_30,scGEN,truepos_rate,0.150531
human_pancreas,missing_and_mixing_at_edge_50,ItClust,ARI_cluster/label,0.718046
human_pancreas,missing_and_mixing_at_edge_50,ItClust,ASW_label,0.944245
human_pancreas,missing_and_mixing_at_edge_50,ItClust,ASW_label/batch,0.577853
human_pancreas,missing_and_mixing_at_edge_50,ItClust,NMI_cluster/label,0.841732
human_pancreas,missing_and_mixing_at_edge_50,ItClust,graph_conn,0.894275
human_pancreas,missing_and_mixing_at_edge_50,ItClust,isolated_label_F1,0.150943
human_pancreas,missing_and_mixing_at_edge_50,ItClust,isolated_label_silhouette,0.300097
human_pancreas,missing_and_mixing_at_edge_50,ItClust,kBET,0.504621
human_pancreas,missing_and_mixing_at_edge_50,ItClust,lisi_b,0.329191
human_pancreas,missing_and_mixing_at_edge_50,ItClust,lisi_c,0.99654
human_pancreas,missing_and_mixing_at_edge_50,ItClust,lisi_f1,0.4949
human_pancreas,missing_and_mixing_at_edge_50,ItClust,pos_rate,0.971676
human_pancreas,missing_and_mixing_at_edge_50,ItClust,truepos_rate,0.228849
human_pancreas,missing_and_mixing_at_edge_50,STACAS,ARI_cluster/label,0.956531
human_pancreas,missing_and_mixing_at_edge_50,STACAS,ASW_label,0.681685
human_pancreas,missing_and_mixing_at_edge_50,STACAS,ASW_label/batch,0.85546
human_pancreas,missing_and_mixing_at_edge_50,STACAS,NMI_cluster/label,0.92704
human_pancreas,missing_and_mixing_at_edge_50,STACAS,graph_conn,0.986035
human_pancreas,missing_and_mixing_at_edge_50,STACAS,isolated_label_F1,0.12766
human_pancreas,missing_and_mixing_at_edge_50,STACAS,isolated_label_silhouette,0.693321
human_pancreas,missing_and_mixing_at_edge_50,STACAS,kBET,0.478407
human_pancreas,missing_and_mixing_at_edge_50,STACAS,lisi_b,0.233792
human_pancreas,missing_and_mixing_at_edge_50,STACAS,lisi_c,0.99713
human_pancreas,missing_and_mixing_at_edge_50,STACAS,lisi_f1,0.378774
human_pancreas,missing_and_mixing_at_edge_50,STACAS,pos_rate,0.975949
human_pancreas,missing_and_mixing_at_edge_50,STACAS,truepos_rate,0.0637895
human_pancreas,missing_and_mixing_at_edge_50,scANVI,ARI_cluster/label,0.94719
human_pancreas,missing_and_mixing_at_edge_50,scANVI,ASW_label,0.600636
human_pancreas,missing_and_mixing_at_edge_50,scANVI,ASW_label/batch,0.8815
human_pancreas,missing_and_mixing_at_edge_50,scANVI,NMI_cluster/label,0.915716
human_pancreas,missing_and_mixing_at_edge_50,scANVI,graph_conn,0.986549
human_pancreas,missing_and_mixing_at_edge_50,scANVI,isolated_label_F1,0.0909091
human_pancreas,missing_and_mixing_at_edge_50,scANVI,isolated_label_silhouette,0.671574
human_pancreas,missing_and_mixing_at_edge_50,scANVI,kBET,0.511342
human_pancreas,missing_and_mixing_at_edge_50,scANVI,lisi_b,0.283686
human_pancreas,missing_and_mixing_at_edge_50,scANVI,lisi_c,0.995575
human_pancreas,missing_and_mixing_at_edge_50,scANVI,lisi_f1,0.441553
human_pancreas,missing_and_mixing_at_edge_50,scANVI,pos_rate,0.969723
human_pancreas,missing_and_mixing_at_edge_50,scANVI,truepos_rate,0.143389
human_pancreas,missing_and_mixing_at_edge_50,scDREAMER,ARI_cluster/label,0.955986
human_pancreas,missing_and_mixing_at_edge_50,scDREAMER,ASW_label,0.696365
human_pancreas,missing_and_mixing_at_edge_50,scDREAMER,ASW_label/batch,0.854307
human_pancreas,missing_and_mixing_at_edge_50,scDREAMER,NMI_cluster/label,0.921459
human_pancreas,missing_and_mixing_at_edge_50,scDREAMER,graph_conn,0.965804
human_pancreas,missing_and_mixing_at_edge_50,scDREAMER,isolated_label_F1,0.17284
human_pancreas,missing_and_mixing_at_edge_50,scDREAMER,isolated_label_silhouette,0.691831
human_pancreas,missing_and_mixing_at_edge_50,scDREAMER,kBET,0.572156
human_pancreas,missing_and_mixing_at_edge_50,scDREAMER,lisi_b,0.367526
human_pancreas,missing_and_mixing_at_edge_50,scDREAMER,lisi_c,0.996364
human_pancreas,missing_and_mixing_at_edge_50,scDREAMER,lisi_f1,0.536978
human_pancreas,missing_and_mixing_at_edge_50,scDREAMER,pos_rate,0.973935
human_pancreas,missing_and_mixing_at_edge_50,scDREAMER,truepos_rate,0.416616
human_pancreas,missing_and_mixing_at_edge_50,scGEN,ARI_cluster/label,0.959104
human_pancreas,missing_and_mixing_at_edge_50,scGEN,ASW_label,0.628105
human_pancreas,missing_and_mixing_at_edge_50,scGEN,ASW_label/batch,0.819086
human_pancreas,missing_and_mixing_at_edge_50,scGEN,NMI_cluster/label,0.919818
human_pancreas,missing_and_mixing_at_edge_50,scGEN,graph_conn,0.931147
human_pancreas,missing_and_mixing_at_edge_50,scGEN,isolated_label_F1,0.123711
human_pancreas,missing_and_mixing_at_edge_50,scGEN,isolated_label_silhouette,0.621822
human_pancreas,missing_and_mixing_at_edge_50,scGEN,kBET,0.47358
human_pancreas,missing_and_mixing_at_edge_50,scGEN,lisi_b,0.27243
human_pancreas,missing_and_mixing_at_edge_50,scGEN,lisi_c,0.996309
human_pancreas,missing_and_mixing_at_edge_50,scGEN,lisi_f1,0.427865
human_pancreas,missing_and_mixing_at_edge_50,scGEN,pos_rate,0.971615
human_pancreas,missing_and_mixing_at_edge_50,scGEN,truepos_rate,0.141436
human_pancreas,missing_and_mixing_at_edge_70,ItClust,ARI_cluster/label,0.638778
human_pancreas,missing_and_mixing_at_edge_70,ItClust,ASW_label,0.935857
human_pancreas,missing_and_mixing_at_edge_70,ItClust,ASW_label/batch,0.56285
human_pancreas,missing_and_mixing_at_edge_70,ItClust,NMI_cluster/label,0.795665
human_pancreas,missing_and_mixing_at_edge_70,ItClust,graph_conn,0.841956
human_pancreas,missing_and_mixing_at_edge_70,ItClust,isolated_label_F1,0.0888889
human_pancreas,missing_and_mixing_at_edge_70,ItClust,isolated_label_silhouette,0.274911
human_pancreas,missing_and_mixing_at_edge_70,ItClust,kBET,0.468361
human_pancreas,missing_and_mixing_at_edge_70,ItClust,lisi_b,0.332859
human_pancreas,missing_and_mixing_at_edge_70,ItClust,lisi_c,0.995321
human_pancreas,missing_and_mixing_at_edge_70,ItClust,lisi_f1,0.49888
human_pancreas,missing_and_mixing_at_edge_70,ItClust,pos_rate,0.966915
human_pancreas,missing_and_mixing_at_edge_70,ItClust,truepos_rate,0.178305
human_pancreas,missing_and_mixing_at_edge_70,STACAS,ARI_cluster/label,0.956249
human_pancreas,missing_and_mixing_at_edge_70,STACAS,ASW_label,0.681645
human_pancreas,missing_and_mixing_at_edge_70,STACAS,ASW_label/batch,0.858004
human_pancreas,missing_and_mixing_at_edge_70,STACAS,NMI_cluster/label,0.925473
human_pancreas,missing_and_mixing_at_edge_70,STACAS,graph_conn,0.984139
human_pancreas,missing_and_mixing_at_edge_70,STACAS,isolated_label_F1,0.126316
human_pancreas,missing_and_mixing_at_edge_70,STACAS,isolated_label_silhouette,0.698942
human_pancreas,missing_and_mixing_at_edge_70,STACAS,kBET,0.477319
human_pancreas,missing_and_mixing_at_edge_70,STACAS,lisi_b,0.234129
human_pancreas,missing_and_mixing_at_edge_70,STACAS,lisi_c,0.997102
human_pancreas,missing_and_mixing_at_edge_70,STACAS,lisi_f1,0.379215
human_pancreas,missing_and_mixing_at_edge_70,STACAS,pos_rate,0.976132
human_pancreas,missing_and_mixing_at_edge_70,STACAS,truepos_rate,0.0653156
human_pancreas,missing_and_mixing_at_edge_70,scANVI,ARI_cluster/label,0.942447
human_pancreas,missing_and_mixing_at_edge_70,scANVI,ASW_label,0.592164
human_pancreas,missing_and_mixing_at_edge_70,scANVI,ASW_label/batch,0.880511
human_pancreas,missing_and_mixing_at_edge_70,scANVI,NMI_cluster/label,0.910128
human_pancreas,missing_and_mixing_at_edge_70,scANVI,graph_conn,0.983146
human_pancreas,missing_and_mixing_at_edge_70,scANVI,isolated_label_F1,0.089172
human_pancreas,missing_and_mixing_at_edge_70,scANVI,isolated_label_silhouette,0.679275
human_pancreas,missing_and_mixing_at_edge_70,scANVI,kBET,0.531509
human_pancreas,missing_and_mixing_at_edge_70,scANVI,lisi_b,0.280781
human_pancreas,missing_and_mixing_at_edge_70,scANVI,lisi_c,0.995222
human_pancreas,missing_and_mixing_at_edge_70,scANVI,lisi_f1,0.437991
human_pancreas,missing_and_mixing_at_edge_70,scANVI,pos_rate,0.969662
human_pancreas,missing_and_mixing_at_edge_70,scANVI,truepos_rate,0.142657
human_pancreas,missing_and_mixing_at_edge_70,scDREAMER,ARI_cluster/label,0.948904
human_pancreas,missing_and_mixing_at_edge_70,scDREAMER,ASW_label,0.696293
human_pancreas,missing_and_mixing_at_edge_70,scDREAMER,ASW_label/batch,0.849764
human_pancreas,missing_and_mixing_at_edge_70,scDREAMER,NMI_cluster/label,0.911856
human_pancreas,missing_and_mixing_at_edge_70,scDREAMER,graph_conn,0.964853
human_pancreas,missing_and_mixing_at_edge_70,scDREAMER,isolated_label_F1,0.100719
human_pancreas,missing_and_mixing_at_edge_70,scDREAMER,isolated_label_silhouette,0.679571
human_pancreas,missing_and_mixing_at_edge_70,scDREAMER,kBET,0.556944
human_pancreas,missing_and_mixing_at_edge_70,scDREAMER,lisi_b,0.366811
human_pancreas,missing_and_mixing_at_edge_70,scDREAMER,lisi_c,0.996135
human_pancreas,missing_and_mixing_at_edge_70,scDREAMER,lisi_f1,0.536182
human_pancreas,missing_and_mixing_at_edge_70,scDREAMER,pos_rate,0.972226
human_pancreas,missing_and_mixing_at_edge_70,scDREAMER,truepos_rate,0.412343
human_pancreas,missing_and_mixing_at_edge_70,scGEN,ARI_cluster/label,0.95186
human_pancreas,missing_and_mixing_at_edge_70,scGEN,ASW_label,0.632635
human_pancreas,missing_and_mixing_at_edge_70,scGEN,ASW_label/batch,0.840912
human_pancreas,missing_and_mixing_at_edge_70,scGEN,NMI_cluster/label,0.914112
human_pancreas,missing_and_mixing_at_edge_70,scGEN,graph_conn,0.952898
human_pancreas,missing_and_mixing_at_edge_70,scGEN,isolated_label_F1,0.135922
human_pancreas,missing_and_mixing_at_edge_70,scGEN,isolated_label_silhouette,0.613378
human_pancreas,missing_and_mixing_at_edge_70,scGEN,kBET,0.463685
human_pancreas,missing_and_mixing_at_edge_70,scGEN,lisi_b,0.271285
human_pancreas,missing_and_mixing_at_edge_70,scGEN,lisi_c,0.996295
human_pancreas,missing_and_mixing_at_edge_70,scGEN,lisi_f1,0.426451
human_pancreas,missing_and_mixing_at_edge_70,scGEN,pos_rate,0.967464
human_pancreas,missing_and_mixing_at_edge_70,scGEN,truepos_rate,0.141741
human_pancreas,mixing_at_edge_30,ItClust,ARI_cluster/label,0.957578
human_pancreas,mixing_at_edge_30,ItClust,ASW_label,0.940438
human_pancreas,mixing_at_edge_30,ItClust,ASW_label/batch,0.56724
human_pancreas,mixing_at_edge_30,ItClust,NMI_cluster/label,0.922156
human_pancreas,mixing_at_edge_30,ItClust,graph_conn,0.881695
human_pancreas,mixing_at_edge_30,ItClust,isolated_label_F1,0.104167
human_pancreas,mixing_at_edge_30,ItClust,isolated_label_silhouette,0.422431
human_pancreas,mixing_at_edge_30,ItClust,kBET,0.471398
human_pancreas,mixing_at_edge_30,ItClust,lisi_b,0.325542
human_pancreas,mixing_at_edge_30,ItClust,lisi_c,0.996601
human_pancreas,mixing_at_edge_30,ItClust,lisi_f1,0.490773
human_pancreas,mixing_at_edge_30,ItClust,pos_rate,0.97015
human_pancreas,mixing_at_edge_30,ItClust,truepos_rate,0.202112
human_pancreas,mixing_at_edge_30,STACAS,ARI_cluster/label,0.956962
human_pancreas,mixing_at_edge_30,STACAS,ASW_label,0.681645
human_pancreas,mixing_at_edge_30,STACAS,ASW_label/batch,0.858004
human_pancreas,mixing_at_edge_30,STACAS,NMI_cluster/label,0.926295
human_pancreas,mixing_at_edge_30,STACAS,graph_conn,0.984139
human_pancreas,mixing_at_edge_30,STACAS,isolated_label_F1,0.126316
human_pancreas,mixing_at_edge_30,STACAS,isolated_label_silhouette,0.698942
human_pancreas,mixing_at_edge_30,STACAS,kBET,0.477125
human_pancreas,mixing_at_edge_30,STACAS,lisi_b,0.234129
human_pancreas,mixing_at_edge_30,STACAS,lisi_c,0.997102
human_pancreas,mixing_at_edge_30,STACAS,lisi_f1,0.379215
human_pancreas,mixing_at_edge_30,STACAS,pos_rate,0.976132
human_pancreas,mixing_at_edge_30,STACAS,truepos_rate,0.0653156
human_pancreas,mixing_at_edge_30,scANVI,ARI_cluster/label,0.948947
human_pancreas,mixing_at_edge_30,scANVI,ASW_label,0.622194
human_pancreas,mixing_at_edge_30,scANVI,ASW_label/batch,0.867519
human_pancreas,mixing_at_edge_30,scANVI,NMI_cluster/label,0.915235
human_pancreas,mixing_at_edge_30,scANVI,graph_conn,0.98859
human_pancreas,mixing_at_edge_30,scANVI,isolated_label_F1,0.091503
human_pancreas,mixing_at_edge_30,scANVI,isolated_label_silhouette,0.638311
human_pancreas,mixing_at_edge_30,scANVI,kBET,0.521642
human_pancreas,mixing_at_edge_30,scANVI,lisi_b,0.277852
human_pancreas,mixing_at_edge_30,scANVI,lisi_c,0.995921
human_pancreas,mixing_at_edge_30,scANVI,lisi_f1,0.434487
human_pancreas,mixing_at_edge_30,scANVI,pos_rate,0.970761
human_pancreas,mixing_at_edge_30,scANVI,truepos_rate,0.143572
human_pancreas,mixing_at_edge_30,scDREAMER,ARI_cluster/label,0.95427
human_pancreas,mixing_at_edge_30,scDREAMER,ASW_label,0.646467
human_pancreas,mixing_at_edge_30,scDREAMER,ASW_label/batch,0.859538
human_pancreas,mixing_at_edge_30,scDREAMER,NMI_cluster/label,0.918311
human_pancreas,mixing_at_edge_30,scDREAMER,graph_conn,0.934462
human_pancreas,mixing_at_edge_30,scDREAMER,isolated_label_F1,0.0888889
human_pancreas,mixing_at_edge_30,scDREAMER,isolated_label_silhouette,0.579818
human_pancreas,mixing_at_edge_30,scDREAMER,kBET,0.623246
human_pancreas,mixing_at_edge_30,scDREAMER,lisi_b,0.413876
human_pancreas,mixing_at_edge_30,scDREAMER,lisi_c,0.995433
human_pancreas,mixing_at_edge_30,scDREAMER,lisi_f1,0.584663
human_pancreas,mixing_at_edge_30,scDREAMER,pos_rate,0.969906
human_pancreas,mixing_at_edge_30,scDREAMER,truepos_rate,0.645281
human_pancreas,mixing_at_edge_30,scGEN,ARI_cluster/label,0.956886
human_pancreas,mixing_at_edge_30,scGEN,ASW_label,0.629954
human_pancreas,mixing_at_edge_30,scGEN,ASW_label/batch,0.822674
human_pancreas,mixing_at_edge_30,scGEN,NMI_cluster/label,0.922756
human_pancreas,mixing_at_edge_30,scGEN,graph_conn,0.949844
human_pancreas,mixing_at_edge_30,scGEN,isolated_label_F1,0.202899
human_pancreas,mixing_at_edge_30,scGEN,isolated_label_silhouette,0.653613
human_pancreas,mixing_at_edge_30,scGEN,kBET,0.383825
human_pancreas,mixing_at_edge_30,scGEN,lisi_b,0.278279
human_pancreas,mixing_at_edge_30,scGEN,lisi_c,0.996663
human_pancreas,mixing_at_edge_30,scGEN,lisi_f1,0.435079
human_pancreas,mixing_at_edge_30,scGEN,pos_rate,0.970577
human_pancreas,mixing_at_edge_30,scGEN,truepos_rate,0.139116
human_pancreas,mixing_at_edge_50,ItClust,ARI_cluster/label,0.959937
human_pancreas,mixing_at_edge_50,ItClust,ASW_label,0.943874
human_pancreas,mixing_at_edge_50,ItClust,ASW_label/batch,0.591817
human_pancreas,mixing_at_edge_50,ItClust,NMI_cluster/label,0.925855
human_pancreas,mixing_at_edge_50,ItClust,graph_conn,0.916209
human_pancreas,mixing_at_edge_50,ItClust,isolated_label_F1,0.12766
human_pancreas,mixing_at_edge_50,ItClust,isolated_label_silhouette,0.204973
human_pancreas,mixing_at_edge_50,ItClust,kBET,0.47857
human_pancreas,mixing_at_edge_50,ItClust,lisi_b,0.323826
human_pancreas,mixing_at_edge_50,ItClust,lisi_c,0.997215
human_pancreas,mixing_at_edge_50,ItClust,lisi_f1,0.488894
human_pancreas,mixing_at_edge_50,ItClust,pos_rate,0.973691
human_pancreas,mixing_at_edge_50,ItClust,truepos_rate,0.190514
human_pancreas,mixing_at_edge_50,STACAS,ARI_cluster/label,0.95536
human_pancreas,mixing_at_edge_50,STACAS,ASW_label,0.681685
human_pancreas,mixing_at_edge_50,STACAS,ASW_label/batch,0.85546
human_pancreas,mixing_at_edge_50,STACAS,NMI_cluster/label,0.923614
human_pancreas,mixing_at_edge_50,STACAS,graph_conn,0.986035
human_pancreas,mixing_at_edge_50,STACAS,isolated_label_F1,0.12766
human_pancreas,mixing_at_edge_50,STACAS,isolated_label_silhouette,0.693321
human_pancreas,mixing_at_edge_50,STACAS,kBET,0.475008
human_pancreas,mixing_at_edge_50,STACAS,lisi_b,0.233792
human_pancreas,mixing_at_edge_50,STACAS,lisi_c,0.99713
human_pancreas,mixing_at_edge_50,STACAS,lisi_f1,0.378774
human_pancreas,mixing_at_edge_50,STACAS,pos_rate,0.975949
human_pancreas,mixing_at_edge_50,STACAS,truepos_rate,0.0637895
human_pancreas,mixing_at_edge_50,scANVI,ARI_cluster/label,0.948952
human_pancreas,mixing_at_edge_50,scANVI,ASW_label,0.632032
human_pancreas,mixing_at_edge_50,scANVI,ASW_label/batch,0.858277
human_pancreas,mixing_at_edge_50,scANVI,NMI_cluster/label,0.914659
human_pancreas,mixing_at_edge_50,scANVI,graph_conn,0.987894
human_pancreas,mixing_at_edge_50,scANVI,isolated_label_F1,0.090909
human_pancreas,mixing_at_edge_50,scANVI,isolated_label_silhouette,0.645526
human_pancreas,mixing_at_edge_50,scANVI,kBET,0.531312
human_pancreas,mixing_at_edge_50,scANVI,lisi_b,0.286953
human_pancreas,mixing_at_edge_50,scANVI,lisi_c,0.996035
human_pancreas,mixing_at_edge_50,scANVI,lisi_f1,0.445546
human_pancreas,mixing_at_edge_50,scANVI,pos_rate,0.970944
human_pancreas,mixing_at_edge_50,scANVI,truepos_rate,0.15401
human_pancreas,mixing_at_edge_50,scDREAMER,ARI_cluster/label,0.958446
human_pancreas,mixing_at_edge_50,scDREAMER,ASW_label,0.650893
human_pancreas,mixing_at_edge_50,scDREAMER,ASW_label/batch,0.863947
human_pancreas,mixing_at_edge_50,scDREAMER,NMI_cluster/label,0.926245
human_pancreas,mixing_at_edge_50,scDREAMER,graph_conn,0.941564
human_pancreas,mixing_at_edge_50,scDREAMER,isolated_label_F1,0.113208
human_pancreas,mixing_at_edge_50,scDREAMER,isolated_label_silhouette,0.510243
human_pancreas,mixing_at_edge_50,scDREAMER,kBET,0.69973
human_pancreas,mixing_at_edge_50,scDREAMER,lisi_b,0.408873
human_pancreas,mixing_at_edge_50,scDREAMER,lisi_c,0.995967
human_pancreas,mixing_at_edge_50,scDREAMER,lisi_f1,0.579744
human_pancreas,mixing_at_edge_50,scDREAMER,pos_rate,0.97308
human_pancreas,mixing_at_edge_50,scDREAMER,truepos_rate,0.618117
human_pancreas,mixing_at_edge_50,scGEN,ARI_cluster/label,0.96022
human_pancreas,mixing_at_edge_50,scGEN,ASW_label,0.636552
human_pancreas,mixing_at_edge_50,scGEN,ASW_label/batch,0.826438
human_pancreas,mixing_at_edge_50,scGEN,NMI_cluster/label,0.926171
human_pancreas,mixing_at_edge_50,scGEN,graph_conn,0.958814
human_pancreas,mixing_at_edge_50,scGEN,isolated_label_F1,0.123711
human_pancreas,mixing_at_edge_50,scGEN,isolated_label_silhouette,0.690914
human_pancreas,mixing_at_edge_50,scGEN,kBET,0.556373
human_pancreas,mixing_at_edge_50,scGEN,lisi_b,0.279736
human_pancreas,mixing_at_edge_50,scGEN,lisi_c,0.997059
human_pancreas,mixing_at_edge_50,scGEN,lisi_f1,0.436896
human_pancreas,mixing_at_edge_50,scGEN,pos_rate,0.974057
human_pancreas,mixing_at_edge_50,scGEN,truepos_rate,0.152851
human_pancreas,mixing_at_edge_70,ItClust,ARI_cluster/label,0.967437
human_pancreas,mixing_at_edge_70,ItClust,ASW_label,0.950526
human_pancreas,mixing_at_edge_70,ItClust,ASW_label/batch,0.649977
human_pancreas,mixing_at_edge_70,ItClust,NMI_cluster/label,0.940709
human_pancreas,mixing_at_edge_70,ItClust,graph_conn,0.908234
human_pancreas,mixing_at_edge_70,ItClust,isolated_label_F1,0.140351
human_pancreas,mixing_at_edge_70,ItClust,isolated_label_silhouette,0.301908
human_pancreas,mixing_at_edge_70,ItClust,kBET,0.482726
human_pancreas,mixing_at_edge_70,ItClust,lisi_b,0.329537
human_pancreas,mixing_at_edge_70,ItClust,lisi_c,0.99775
human_pancreas,mixing_at_edge_70,ItClust,lisi_f1,0.49544
human_pancreas,mixing_at_edge_70,ItClust,pos_rate,0.97894
human_pancreas,mixing_at_edge_70,ItClust,truepos_rate,0.242827
human_pancreas,mixing_at_edge_70,STACAS,ARI_cluster/label,0.957547
human_pancreas,mixing_at_edge_70,STACAS,ASW_label,0.682492
human_pancreas,mixing_at_edge_70,STACAS,ASW_label/batch,0.854729
human_pancreas,mixing_at_edge_70,STACAS,NMI_cluster/label,0.927936
human_pancreas,mixing_at_edge_70,STACAS,graph_conn,0.973344
human_pancreas,mixing_at_edge_70,STACAS,isolated_label_F1,0.126316
human_pancreas,mixing_at_edge_70,STACAS,isolated_label_silhouette,0.694943
human_pancreas,mixing_at_edge_70,STACAS,kBET,0.476496
human_pancreas,mixing_at_edge_70,STACAS,lisi_b,0.233556
human_pancreas,mixing_at_edge_70,STACAS,lisi_c,0.997186
human_pancreas,mixing_at_edge_70,STACAS,lisi_f1,0.378468
human_pancreas,mixing_at_edge_70,STACAS,pos_rate,0.97601
human_pancreas,mixing_at_edge_70,STACAS,truepos_rate,0.064461
human_pancreas,mixing_at_edge_70,scANVI,ARI_cluster/label,0.955357
human_pancreas,mixing_at_edge_70,scANVI,ASW_label,0.627211
human_pancreas,mixing_at_edge_70,scANVI,ASW_label/batch,0.857838
human_pancreas,mixing_at_edge_70,scANVI,NMI_cluster/label,0.927556
human_pancreas,mixing_at_edge_70,scANVI,graph_conn,0.983121
human_pancreas,mixing_at_edge_70,scANVI,isolated_label_F1,0.093333
human_pancreas,mixing_at_edge_70,scANVI,isolated_label_silhouette,0.580264
human_pancreas,mixing_at_edge_70,scANVI,kBET,0.450437
human_pancreas,mixing_at_edge_70,scANVI,lisi_b,0.281846
human_pancreas,mixing_at_edge_70,scANVI,lisi_c,0.996357
human_pancreas,mixing_at_edge_70,scANVI,lisi_f1,0.439397
human_pancreas,mixing_at_edge_70,scANVI,pos_rate,0.972165
human_pancreas,mixing_at_edge_70,scANVI,truepos_rate,0.153644
human_pancreas,mixing_at_edge_70,scDREAMER,ARI_cluster/label,0.964482
human_pancreas,mixing_at_edge_70,scDREAMER,ASW_label,0.646681
human_pancreas,mixing_at_edge_70,scDREAMER,ASW_label/batch,0.854375
human_pancreas,mixing_at_edge_70,scDREAMER,NMI_cluster/label,0.936763
human_pancreas,mixing_at_edge_70,scDREAMER,graph_conn,0.929991
human_pancreas,mixing_at_edge_70,scDREAMER,isolated_label_F1,0.0895522
human_pancreas,mixing_at_edge_70,scDREAMER,isolated_label_silhouette,0.563319
human_pancreas,mixing_at_edge_70,scDREAMER,kBET,0.700689
human_pancreas,mixing_at_edge_70,scDREAMER,lisi_b,0.412107
human_pancreas,mixing_at_edge_70,scDREAMER,lisi_c,0.996346
human_pancreas,mixing_at_edge_70,scDREAMER,lisi_f1,0.583053
human_pancreas,mixing_at_edge_70,scDREAMER,pos_rate,0.978147
human_pancreas,mixing_at_edge_70,scDREAMER,truepos_rate,0.644305
human_pancreas,mixing_at_edge_70,scGEN,ARI_cluster/label,0.966951
human_pancreas,mixing_at_edge_70,scGEN,ASW_label,0.633481
human_pancreas,mixing_at_edge_70,scGEN,ASW_label/batch,0.799056
human_pancreas,mixing_at_edge_70,scGEN,NMI_cluster/label,0.939577
human_pancreas,mixing_at_edge_70,scGEN,graph_conn,0.93433
human_pancreas,mixing_at_edge_70,scGEN,isolated_label_F1,0.104167
human_pancreas,mixing_at_edge_70,scGEN,isolated_label_silhouette,0.604473
human_pancreas,mixing_at_edge_70,scGEN,kBET,0.398632
human_pancreas,mixing_at_edge_70,scGEN,lisi_b,0.271972
human_pancreas,mixing_at_edge_70,scGEN,lisi_c,0.997392
human_pancreas,mixing_at_edge_70,scGEN,lisi_f1,0.427399
human_pancreas,mixing_at_edge_70,scGEN,pos_rate,0.977964
human_pancreas,mixing_at_edge_70,scGEN,truepos_rate,0.15108
human_pancreas,partially_annotated_batches_30,ItClust,ARI_cluster/label,0.343699
human_pancreas,partially_annotated_batches_30,ItClust,ASW_label,0.580601
human_pancreas,partially_annotated_batches_30,ItClust,ASW_label/batch,0.718472
human_pancreas,partially_annotated_batches_30,ItClust,NMI_cluster/label,0.5479
human_pancreas,partially_annotated_batches_30,ItClust,graph_conn,0.620192
human_pancreas,partially_annotated_batches_30,ItClust,isolated_label_F1,0.107143
human_pancreas,partially_annotated_batches_30,ItClust,isolated_label_silhouette,0.483744
human_pancreas,partially_annotated_batches_30,ItClust,kBET,0.204678
human_pancreas,partially_annotated_batches_30,ItClust,lisi_b,0.17037
human_pancreas,partially_annotated_batches_30,ItClust,lisi_c,0.948158
human_pancreas,partially_annotated_batches_30,ItClust,lisi_f1,0.28884
human_pancreas,partially_annotated_batches_30,ItClust,pos_rate,0.744659
human_pancreas,partially_annotated_batches_30,ItClust,truepos_rate,0.00390673
human_pancreas,partially_annotated_batches_30,STACAS,ARI_cluster/label,0.956576
human_pancreas,partially_annotated_batches_30,STACAS,ASW_label,0.6803
human_pancreas,partially_annotated_batches_30,STACAS,ASW_label/batch,0.855135
human_pancreas,partially_annotated_batches_30,STACAS,NMI_cluster/label,0.926197
human_pancreas,partially_annotated_batches_30,STACAS,graph_conn,0.983964
human_pancreas,partially_annotated_batches_30,STACAS,isolated_label_F1,0.099291
human_pancreas,partially_annotated_batches_30,STACAS,isolated_label_silhouette,0.67307
human_pancreas,partially_annotated_batches_30,STACAS,kBET,0.471596
human_pancreas,partially_annotated_batches_30,STACAS,lisi_b,0.223274
human_pancreas,partially_annotated_batches_30,STACAS,lisi_c,0.997056
human_pancreas,partially_annotated_batches_30,STACAS,lisi_f1,0.364847
human_pancreas,partially_annotated_batches_30,STACAS,pos_rate,0.976193
human_pancreas,partially_annotated_batches_30,STACAS,truepos_rate,0.0725186
human_pancreas,partially_annotated_batches_30,scANVI,ARI_cluster/label,0.949376
human_pancreas,partially_annotated_batches_30,scANVI,ASW_label,0.592155
human_pancreas,partially_annotated_batches_30,scANVI,ASW_label/batch,0.877519
human_pancreas,partially_annotated_batches_30,scANVI,NMI_cluster/label,0.92146
human_pancreas,partially_annotated_batches_30,scANVI,graph_conn,0.996331
human_pancreas,partially_annotated_batches_30,scANVI,isolated_label_F1,0.088608
human_pancreas,partially_annotated_batches_30,scANVI,isolated_label_silhouette,0.715336
human_pancreas,partially_annotated_batches_30,scANVI,kBET,0.521863
human_pancreas,partially_annotated_batches_30,scANVI,lisi_b,0.278387
human_pancreas,partially_annotated_batches_30,scANVI,lisi_c,0.996131
human_pancreas,partially_annotated_batches_30,scANVI,lisi_f1,0.43516
human_pancreas,partially_annotated_batches_30,scANVI,pos_rate,0.977353
human_pancreas,partially_annotated_batches_30,scANVI,truepos_rate,0.140093
human_pancreas,partially_annotated_batches_30,scDREAMER,ARI_cluster/label,0.628034
human_pancreas,partially_annotated_batches_30,scDREAMER,ASW_label,0.583001
human_pancreas,partially_annotated_batches_30,scDREAMER,ASW_label/batch,0.880622
human_pancreas,partially_annotated_batches_30,scDREAMER,NMI_cluster/label,0.783693
human_pancreas,partially_annotated_batches_30,scDREAMER,graph_conn,0.957657
human_pancreas,partially_annotated_batches_30,scDREAMER,isolated_label_F1,0.103704
human_pancreas,partially_annotated_batches_30,scDREAMER,isolated_label_silhouette,0.613775
human_pancreas,partially_annotated_batches_30,scDREAMER,kBET,0.259638
human_pancreas,partially_annotated_batches_30,scDREAMER,lisi_b,0.221785
human_pancreas,partially_annotated_batches_30,scDREAMER,lisi_c,0.99355
human_pancreas,partially_annotated_batches_30,scDREAMER,lisi_f1,0.362623
human_pancreas,partially_annotated_batches_30,scDREAMER,pos_rate,0.972042
human_pancreas,partially_annotated_batches_30,scDREAMER,truepos_rate,0.0110487
human_pancreas,partially_annotated_batches_30,scGEN,ARI_cluster/label,0.750259
human_pancreas,partially_annotated_batches_30,scGEN,ASW_label,0.579126
human_pancreas,partially_annotated_batches_30,scGEN,ASW_label/batch,0.822735
human_pancreas,partially_annotated_batches_30,scGEN,NMI_cluster/label,0.840399
human_pancreas,partially_annotated_batches_30,scGEN,graph_conn,0.988717
human_pancreas,partially_annotated_batches_30,scGEN,isolated_label_F1,0.103704
human_pancreas,partially_annotated_batches_30,scGEN,isolated_label_silhouette,0.668942
human_pancreas,partially_annotated_batches_30,scGEN,kBET,0.34796
human_pancreas,partially_annotated_batches_30,scGEN,lisi_b,0.136971
human_pancreas,partially_annotated_batches_30,scGEN,lisi_c,0.997114
human_pancreas,partially_annotated_batches_30,scGEN,lisi_f1,0.240856
human_pancreas,partially_annotated_batches_30,scGEN,pos_rate,0.987303
human_pancreas,partially_annotated_batches_30,scGEN,truepos_rate,0.0167257
human_pancreas,partially_annotated_batches_50,ItClust,ARI_cluster/label,0.3003
human_pancreas,partially_annotated_batches_50,ItClust,ASW_label,0.186367
human_pancreas,partially_annotated_batches_50,ItClust,ASW_label/batch,0.640688
human_pancreas,partially_annotated_batches_50,ItClust,NMI_cluster/label,0.532766
human_pancreas,partially_annotated_batches_50,ItClust,graph_conn,0.68456
human_pancreas,partially_annotated_batches_50,ItClust,isolated_label_F1,0.0122699
human_pancreas,partially_annotated_batches_50,ItClust,isolated_label_silhouette,0.955166
human_pancreas,partially_annotated_batches_50,ItClust,kBET,0.218939
human_pancreas,partially_annotated_batches_50,ItClust,lisi_b,0.164129
human_pancreas,partially_annotated_batches_50,ItClust,lisi_c,0.982951
human_pancreas,partially_annotated_batches_50,ItClust,lisi_f1,0.281289
human_pancreas,partially_annotated_batches_50,ItClust,pos_rate,0.898608
human_pancreas,partially_annotated_batches_50,ItClust,truepos_rate,0.0194726
human_pancreas,partially_annotated_batches_50,STACAS,ARI_cluster/label,0.955581
human_pancreas,partially_annotated_batches_50,STACAS,ASW_label,0.677125
human_pancreas,partially_annotated_batches_50,STACAS,ASW_label/batch,0.862592
human_pancreas,partially_annotated_batches_50,STACAS,NMI_cluster/label,0.925295
human_pancreas,partially_annotated_batches_50,STACAS,graph_conn,0.982845
human_pancreas,partially_annotated_batches_50,STACAS,isolated_label_F1,0.12766
human_pancreas,partially_annotated_batches_50,STACAS,isolated_label_silhouette,0.673373
human_pancreas,partially_annotated_batches_50,STACAS,kBET,0.488
human_pancreas,partially_annotated_batches_50,STACAS,lisi_b,0.213256
human_pancreas,partially_annotated_batches_50,STACAS,lisi_c,0.997137
human_pancreas,partially_annotated_batches_50,STACAS,lisi_f1,0.351366
human_pancreas,partially_annotated_batches_50,STACAS,pos_rate,0.975766
human_pancreas,partially_annotated_batches_50,STACAS,truepos_rate,0.0663533
human_pancreas,partially_annotated_batches_50,scANVI,ARI_cluster/label,0.950869
human_pancreas,partially_annotated_batches_50,scANVI,ASW_label,0.593287
human_pancreas,partially_annotated_batches_50,scANVI,ASW_label/batch,0.872088
human_pancreas,partially_annotated_batches_50,scANVI,NMI_cluster/label,0.923873
human_pancreas,partially_annotated_batches_50,scANVI,graph_conn,0.990826
human_pancreas,partially_annotated_batches_50,scANVI,isolated_label_F1,0.089172
human_pancreas,partially_annotated_batches_50,scANVI,isolated_label_silhouette,0.693752
human_pancreas,partially_annotated_batches_50,scANVI,kBET,0.510738
human_pancreas,partially_annotated_batches_50,scANVI,lisi_b,0.270882
human_pancreas,partially_annotated_batches_50,scANVI,lisi_c,0.9958
human_pancreas,partially_annotated_batches_50,scANVI,lisi_f1,0.425907
human_pancreas,partially_annotated_batches_50,scANVI,pos_rate,0.974179
human_pancreas,partially_annotated_batches_50,scANVI,truepos_rate,0.118972
human_pancreas,partially_annotated_batches_50,scDREAMER,ARI_cluster/label,0.597074
human_pancreas,partially_annotated_batches_50,scDREAMER,ASW_label,0.569005
human_pancreas,partially_annotated_batches_50,scDREAMER,ASW_label/batch,0.872009
human_pancreas,partially_annotated_batches_50,scDREAMER,NMI_cluster/label,0.770708
human_pancreas,partially_annotated_batches_50,scDREAMER,graph_conn,0.90208
human_pancreas,partially_annotated_batches_50,scDREAMER,isolated_label_F1,0.0952381
human_pancreas,partially_annotated_batches_50,scDREAMER,isolated_label_silhouette,0.542457
human_pancreas,partially_annotated_batches_50,scDREAMER,kBET,0.266326
human_pancreas,partially_annotated_batches_50,scDREAMER,lisi_b,0.220305
human_pancreas,partially_annotated_batches_50,scDREAMER,lisi_c,0.99181
human_pancreas,partially_annotated_batches_50,scDREAMER,lisi_f1,0.360528
human_pancreas,partially_annotated_batches_50,scDREAMER,pos_rate,0.959651
human_pancreas,partially_annotated_batches_50,scDREAMER,truepos_rate,0.0259431
human_pancreas,partially_annotated_batches_50,scGEN,ARI_cluster/label,0.714036
human_pancreas,partially_annotated_batches_50,scGEN,ASW_label,0.569778
human_pancreas,partially_annotated_batches_50,scGEN,ASW_label/batch,0.884005
human_pancreas,partially_annotated_batches_50,scGEN,NMI_cluster/label,0.793415
human_pancreas,partially_annotated_batches_50,scGEN,graph_conn,0.947664
human_pancreas,partially_annotated_batches_50,scGEN,isolated_label_F1,0.147368
human_pancreas,partially_annotated_batches_50,scGEN,isolated_label_silhouette,0.723883
human_pancreas,partially_annotated_batches_50,scGEN,kBET,0.26996
human_pancreas,partially_annotated_batches_50,scGEN,lisi_b,0.0811127
human_pancreas,partially_annotated_batches_50,scGEN,lisi_c,0.996547
human_pancreas,partially_annotated_batches_50,scGEN,lisi_f1,0.150015
human_pancreas,partially_annotated_batches_50,scGEN,pos_rate,0.98303
human_pancreas,partially_annotated_batches_50,scGEN,truepos_rate,0.0137346
human_pancreas,partially_annotated_batches_70,ItClust,ARI_cluster/label,0.326832
human_pancreas,partially_annotated_batches_70,ItClust,ASW_label,0.17044
human_pancreas,partially_annotated_batches_70,ItClust,ASW_label/batch,0.618189
human_pancreas,partially_annotated_batches_70,ItClust,NMI_cluster/label,0.542123
human_pancreas,partially_annotated_batches_70,ItClust,graph_conn,0.710207
human_pancreas,partially_annotated_batches_70,ItClust,isolated_label_F1,0.0289855
human_pancreas,partially_annotated_batches_70,ItClust,isolated_label_silhouette,0.959057
human_pancreas,partially_annotated_batches_70,ItClust,kBET,0.219346
human_pancreas,partially_annotated_batches_70,ItClust,lisi_b,0.142167
human_pancreas,partially_annotated_batches_70,ItClust,lisi_c,0.978302
human_pancreas,partially_annotated_batches_70,ItClust,lisi_f1,0.248257
human_pancreas,partially_annotated_batches_70,ItClust,pos_rate,0.878708
human_pancreas,partially_annotated_batches_70,ItClust,truepos_rate,0.0103772
human_pancreas,partially_annotated_batches_70,STACAS,ARI_cluster/label,0.956136
human_pancreas,partially_annotated_batches_70,STACAS,ASW_label,0.674666
human_pancreas,partially_annotated_batches_70,STACAS,ASW_label/batch,0.867798
human_pancreas,partially_annotated_batches_70,STACAS,NMI_cluster/label,0.926119
human_pancreas,partially_annotated_batches_70,STACAS,graph_conn,0.987982
human_pancreas,partially_annotated_batches_70,STACAS,isolated_label_F1,0.147368
human_pancreas,partially_annotated_batches_70,STACAS,isolated_label_silhouette,0.699549
human_pancreas,partially_annotated_batches_70,STACAS,kBET,0.485251
human_pancreas,partially_annotated_batches_70,STACAS,lisi_b,0.240696
human_pancreas,partially_annotated_batches_70,STACAS,lisi_c,0.996744
human_pancreas,partially_annotated_batches_70,STACAS,lisi_f1,0.387756
human_pancreas,partially_annotated_batches_70,STACAS,pos_rate,0.976315
human_pancreas,partially_annotated_batches_70,STACAS,truepos_rate,0.0757539
human_pancreas,partially_annotated_batches_70,scANVI,ARI_cluster/label,0.953146
human_pancreas,partially_annotated_batches_70,scANVI,ASW_label,0.609856
human_pancreas,partially_annotated_batches_70,scANVI,ASW_label/batch,0.860848
human_pancreas,partially_annotated_batches_70,scANVI,NMI_cluster/label,0.92169
human_pancreas,partially_annotated_batches_70,scANVI,graph_conn,0.988603
human_pancreas,partially_annotated_batches_70,scANVI,isolated_label_F1,0.162791
human_pancreas,partially_annotated_batches_70,scANVI,isolated_label_silhouette,0.720035
human_pancreas,partially_annotated_batches_70,scANVI,kBET,0.502666
human_pancreas,partially_annotated_batches_70,scANVI,lisi_b,0.268641
human_pancreas,partially_annotated_batches_70,scANVI,lisi_c,0.995804
human_pancreas,partially_annotated_batches_70,scANVI,lisi_f1,0.423133
human_pancreas,partially_annotated_batches_70,scANVI,pos_rate,0.972714
human_pancreas,partially_annotated_batches_70,scANVI,truepos_rate,0.118545
human_pancreas,partially_annotated_batches_70,scDREAMER,ARI_cluster/label,0.717943
human_pancreas,partially_annotated_batches_70,scDREAMER,ASW_label,0.581931
human_pancreas,partially_annotated_batches_70,scDREAMER,ASW_label/batch,0.862126
human_pancreas,partially_annotated_batches_70,scDREAMER,NMI_cluster/label,0.781629
human_pancreas,partially_annotated_batches_70,scDREAMER,graph_conn,0.902194
human_pancreas,partially_annotated_batches_70,scDREAMER,isolated_label_F1,0.0863309
human_pancreas,partially_annotated_batches_70,scDREAMER,isolated_label_silhouette,0.558253
human_pancreas,partially_annotated_batches_70,scDREAMER,kBET,0.352605
human_pancreas,partially_annotated_batches_70,scDREAMER,lisi_b,0.285468
human_pancreas,partially_annotated_batches_70,scDREAMER,lisi_c,0.990556
human_pancreas,partially_annotated_batches_70,scDREAMER,lisi_f1,0.443209
human_pancreas,partially_annotated_batches_70,scDREAMER,pos_rate,0.949396
human_pancreas,partially_annotated_batches_70,scDREAMER,truepos_rate,0.14284
human_pancreas,partially_annotated_batches_70,scGEN,ARI_cluster/label,0.60165
human_pancreas,partially_annotated_batches_70,scGEN,ASW_label,0.569046
human_pancreas,partially_annotated_batches_70,scGEN,ASW_label/batch,0.875637
human_pancreas,partially_annotated_batches_70,scGEN,NMI_cluster/label,0.750921
human_pancreas,partially_annotated_batches_70,scGEN,graph_conn,0.985262
human_pancreas,partially_annotated_batches_70,scGEN,isolated_label_F1,0.12766
human_pancreas,partially_annotated_batches_70,scGEN,isolated_label_silhouette,0.734923
human_pancreas,partially_annotated_batches_70,scGEN,kBET,0.317486
human_pancreas,partially_annotated_batches_70,scGEN,lisi_b,0.0910748
human_pancreas,partially_annotated_batches_70,scGEN,lisi_c,0.995666
human_pancreas,partially_annotated_batches_70,scGEN,lisi_f1,0.166884
human_pancreas,partially_annotated_batches_70,scGEN,pos_rate,0.979307
human_pancreas,partially_annotated_batches_70,scGEN,truepos_rate,0.015749
human_pancreas,randomly_missing_30,ItClust,ARI_cluster/label,0.63046
human_pancreas,randomly_missing_30,ItClust,ASW_label,0.745467
human_pancreas,randomly_missing_30,ItClust,ASW_label/batch,0.512917
human_pancreas,randomly_missing_30,ItClust,NMI_cluster/label,0.732501
human_pancreas,randomly_missing_30,ItClust,graph_conn,0.808884
human_pancreas,randomly_missing_30,ItClust,isolated_label_F1,0.0851064
human_pancreas,randomly_missing_30,ItClust,isolated_label_silhouette,0.253736
human_pancreas,randomly_missing_30,ItClust,kBET,0.453665
human_pancreas,randomly_missing_30,ItClust,lisi_b,0.351763
human_pancreas,randomly_missing_30,ItClust,lisi_c,0.993997
human_pancreas,randomly_missing_30,ItClust,lisi_f1,0.519635
human_pancreas,randomly_missing_30,ItClust,pos_rate,0.959468
human_pancreas,randomly_missing_30,ItClust,truepos_rate,0.268771
human_pancreas,randomly_missing_30,STACAS,ARI_cluster/label,0.956625
human_pancreas,randomly_missing_30,STACAS,ASW_label,0.681575
human_pancreas,randomly_missing_30,STACAS,ASW_label/batch,0.865256
human_pancreas,randomly_missing_30,STACAS,NMI_cluster/label,0.924813
human_pancreas,randomly_missing_30,STACAS,graph_conn,0.985888
human_pancreas,randomly_missing_30,STACAS,isolated_label_F1,0.12766
human_pancreas,randomly_missing_30,STACAS,isolated_label_silhouette,0.689456
human_pancreas,randomly_missing_30,STACAS,kBET,0.475989
human_pancreas,randomly_missing_30,STACAS,lisi_b,0.234359
human_pancreas,randomly_missing_30,STACAS,lisi_c,0.997051
human_pancreas,randomly_missing_30,STACAS,lisi_f1,0.379513
human_pancreas,randomly_missing_30,STACAS,pos_rate,0.976254
human_pancreas,randomly_missing_30,STACAS,truepos_rate,0.0695886
human_pancreas,randomly_missing_30,scANVI,ARI_cluster/label,0.954384
human_pancreas,randomly_missing_30,scANVI,ASW_label,0.592273
human_pancreas,randomly_missing_30,scANVI,ASW_label/batch,0.880726
human_pancreas,randomly_missing_30,scANVI,NMI_cluster/label,0.929312
human_pancreas,randomly_missing_30,scANVI,graph_conn,0.998391
human_pancreas,randomly_missing_30,scANVI,isolated_label_F1,0.179487
human_pancreas,randomly_missing_30,scANVI,isolated_label_silhouette,0.729056
human_pancreas,randomly_missing_30,scANVI,kBET,0.524437
human_pancreas,randomly_missing_30,scANVI,lisi_b,0.281204
human_pancreas,randomly_missing_30,scANVI,lisi_c,0.996453
human_pancreas,randomly_missing_30,scANVI,lisi_f1,0.438625
human_pancreas,randomly_missing_30,scANVI,pos_rate,0.980894
human_pancreas,randomly_missing_30,scANVI,truepos_rate,0.149554
human_pancreas,randomly_missing_30,scDREAMER,ARI_cluster/label,0.667945
human_pancreas,randomly_missing_30,scDREAMER,ASW_label,0.636167
human_pancreas,randomly_missing_30,scDREAMER,ASW_label/batch,0.84446
human_pancreas,randomly_missing_30,scDREAMER,NMI_cluster/label,0.810903
human_pancreas,randomly_missing_30,scDREAMER,graph_conn,0.95043
human_pancreas,randomly_missing_30,scDREAMER,isolated_label_F1,0.135922
human_pancreas,randomly_missing_30,scDREAMER,isolated_label_silhouette,0.601253
human_pancreas,randomly_missing_30,scDREAMER,kBET,0.727055
human_pancreas,randomly_missing_30,scDREAMER,lisi_b,0.422016
human_pancreas,randomly_missing_30,scDREAMER,lisi_c,0.995829
human_pancreas,randomly_missing_30,scDREAMER,lisi_f1,0.592809
human_pancreas,randomly_missing_30,scDREAMER,pos_rate,0.981443
human_pancreas,randomly_missing_30,scDREAMER,truepos_rate,0.683006
human_pancreas,randomly_missing_30,scGEN,ARI_cluster/label,0.731122
human_pancreas,randomly_missing_30,scGEN,ASW_label,0.60174
human_pancreas,randomly_missing_30,scGEN,ASW_label/batch,0.779115
human_pancreas,randomly_missing_30,scGEN,NMI_cluster/label,0.846952
human_pancreas,randomly_missing_30,scGEN,graph_conn,0.951672
human_pancreas,randomly_missing_30,scGEN,isolated_label_F1,0.225806
human_pancreas,randomly_missing_30,scGEN,isolated_label_silhouette,0.708335
human_pancreas,randomly_missing_30,scGEN,kBET,0.49363
human_pancreas,randomly_missing_30,scGEN,lisi_b,0.256151
human_pancreas,randomly_missing_30,scGEN,lisi_c,0.997479
human_pancreas,randomly_missing_30,scGEN,lisi_f1,0.407625
human_pancreas,randomly_missing_30,scGEN,pos_rate,0.986754
human_pancreas,randomly_missing_30,scGEN,truepos_rate,0.16567
human_pancreas,randomly_missing_50,ItClust,ARI_cluster/label,0.408715
human_pancreas,randomly_missing_50,ItClust,ASW_label,0.603456
human_pancreas,randomly_missing_50,ItClust,ASW_label/batch,0.536856
human_pancreas,randomly_missing_50,ItClust,NMI_cluster/label,0.640584
human_pancreas,randomly_missing_50,ItClust,graph_conn,0.510983
human_pancreas,randomly_missing_50,ItClust,isolated_label_F1,0.105263
human_pancreas,randomly_missing_50,ItClust,isolated_label_silhouette,0.318277
human_pancreas,randomly_missing_50,ItClust,kBET,0.374252
human_pancreas,randomly_missing_50,ItClust,lisi_b,0.364463
human_pancreas,randomly_missing_50,ItClust,lisi_c,0.989017
human_pancreas,randomly_missing_50,ItClust,lisi_f1,0.532642
human_pancreas,randomly_missing_50,ItClust,pos_rate,0.930106
human_pancreas,randomly_missing_50,ItClust,truepos_rate,0.265902
human_pancreas,randomly_missing_50,STACAS,ARI_cluster/label,0.957389
human_pancreas,randomly_missing_50,STACAS,ASW_label,0.680147
human_pancreas,randomly_missing_50,STACAS,ASW_label/batch,0.861147
human_pancreas,randomly_missing_50,STACAS,NMI_cluster/label,0.926576
human_pancreas,randomly_missing_50,STACAS,graph_conn,0.985059
human_pancreas,randomly_missing_50,STACAS,isolated_label_F1,0.12766
human_pancreas,randomly_missing_50,STACAS,isolated_label_silhouette,0.698635
human_pancreas,randomly_missing_50,STACAS,kBET,0.47493
human_pancreas,randomly_missing_50,STACAS,lisi_b,0.229928
human_pancreas,randomly_missing_50,STACAS,lisi_c,0.997016
human_pancreas,randomly_missing_50,STACAS,lisi_f1,0.373679
human_pancreas,randomly_missing_50,STACAS,pos_rate,0.975827
human_pancreas,randomly_missing_50,STACAS,truepos_rate,0.0661091
human_pancreas,randomly_missing_50,scANVI,ARI_cluster/label,0.950094
human_pancreas,randomly_missing_50,scANVI,ASW_label,0.589317
human_pancreas,randomly_missing_50,scANVI,ASW_label/batch,0.881127
human_pancreas,randomly_missing_50,scANVI,NMI_cluster/label,0.924256
human_pancreas,randomly_missing_50,scANVI,graph_conn,0.992829
human_pancreas,randomly_missing_50,scANVI,isolated_label_F1,0.12963
human_pancreas,randomly_missing_50,scANVI,isolated_label_silhouette,0.75358
human_pancreas,randomly_missing_50,scANVI,kBET,0.527972
human_pancreas,randomly_missing_50,scANVI,lisi_b,0.283879
human_pancreas,randomly_missing_50,scANVI,lisi_c,0.996162
human_pancreas,randomly_missing_50,scANVI,lisi_f1,0.441844
human_pancreas,randomly_missing_50,scANVI,pos_rate,0.977842
human_pancreas,randomly_missing_50,scANVI,truepos_rate,0.143938
human_pancreas,randomly_missing_50,scDREAMER,ARI_cluster/label,0.950773
human_pancreas,randomly_missing_50,scDREAMER,ASW_label,0.642144
human_pancreas,randomly_missing_50,scDREAMER,ASW_label/batch,0.85227
human_pancreas,randomly_missing_50,scDREAMER,NMI_cluster/label,0.91466
human_pancreas,randomly_missing_50,scDREAMER,graph_conn,0.963478
human_pancreas,randomly_missing_50,scDREAMER,isolated_label_F1,0.105263
human_pancreas,randomly_missing_50,scDREAMER,isolated_label_silhouette,0.59311
human_pancreas,randomly_missing_50,scDREAMER,kBET,0.617922
human_pancreas,randomly_missing_50,scDREAMER,lisi_b,0.410772
human_pancreas,randomly_missing_50,scDREAMER,lisi_c,0.995442
human_pancreas,randomly_missing_50,scDREAMER,lisi_f1,0.581561
human_pancreas,randomly_missing_50,scDREAMER,pos_rate,0.974545
human_pancreas,randomly_missing_50,scDREAMER,truepos_rate,0.631974
human_pancreas,randomly_missing_50,scGEN,ARI_cluster/label,0.633165
human_pancreas,randomly_missing_50,scGEN,ASW_label,0.592262
human_pancreas,randomly_missing_50,scGEN,ASW_label/batch,0.804825
human_pancreas,randomly_missing_50,scGEN,NMI_cluster/label,0.816095
human_pancreas,randomly_missing_50,scGEN,graph_conn,0.890753
human_pancreas,randomly_missing_50,scGEN,isolated_label_F1,0.142857
human_pancreas,randomly_missing_50,scGEN,isolated_label_silhouette,0.673346
human_pancreas,randomly_missing_50,scGEN,kBET,0.448561
human_pancreas,randomly_missing_50,scGEN,lisi_b,0.225276
human_pancreas,randomly_missing_50,scGEN,lisi_c,0.996873
human_pancreas,randomly_missing_50,scGEN,lisi_f1,0.367503
human_pancreas,randomly_missing_50,scGEN,pos_rate,0.985777
human_pancreas,randomly_missing_50,scGEN,truepos_rate,0.138323
human_pancreas,randomly_missing_70,ItClust,ARI_cluster/label,0.397785
human_pancreas,randomly_missing_70,ItClust,ASW_label,0.518669
human_pancreas,randomly_missing_70,ItClust,ASW_label/batch,0.513974
human_pancreas,randomly_missing_70,ItClust,NMI_cluster/label,0.618356
human_pancreas,randomly_missing_70,ItClust,graph_conn,0.65241
human_pancreas,randomly_missing_70,ItClust,isolated_label_F1,0.119403
human_pancreas,randomly_missing_70,ItClust,isolated_label_silhouette,0.38069
human_pancreas,randomly_missing_70,ItClust,kBET,0.460278
human_pancreas,randomly_missing_70,ItClust,lisi_b,0.369988
human_pancreas,randomly_missing_70,ItClust,lisi_c,0.982765
human_pancreas,randomly_missing_70,ItClust,lisi_f1,0.537587
human_pancreas,randomly_missing_70,ItClust,pos_rate,0.913014
human_pancreas,randomly_missing_70,ItClust,truepos_rate,0.311134
human_pancreas,randomly_missing_70,STACAS,ARI_cluster/label,0.957148
human_pancreas,randomly_missing_70,STACAS,ASW_label,0.677677
human_pancreas,randomly_missing_70,STACAS,ASW_label/batch,0.860068
human_pancreas,randomly_missing_70,STACAS,NMI_cluster/label,0.926484
human_pancreas,randomly_missing_70,STACAS,graph_conn,0.986186
human_pancreas,randomly_missing_70,STACAS,isolated_label_F1,0.12766
human_pancreas,randomly_missing_70,STACAS,isolated_label_silhouette,0.69354
human_pancreas,randomly_missing_70,STACAS,kBET,0.485585
human_pancreas,randomly_missing_70,STACAS,lisi_b,0.225636
human_pancreas,randomly_missing_70,STACAS,lisi_c,0.997059
human_pancreas,randomly_missing_70,STACAS,lisi_f1,0.367995
human_pancreas,randomly_missing_70,STACAS,pos_rate,0.976132
human_pancreas,randomly_missing_70,STACAS,truepos_rate,0.0685508
human_pancreas,randomly_missing_70,scANVI,ARI_cluster/label,0.953269
human_pancreas,randomly_missing_70,scANVI,ASW_label,0.614223
human_pancreas,randomly_missing_70,scANVI,ASW_label/batch,0.875977
human_pancreas,randomly_missing_70,scANVI,NMI_cluster/label,0.926549
human_pancreas,randomly_missing_70,scANVI,graph_conn,0.993936
human_pancreas,randomly_missing_70,scANVI,isolated_label_F1,0.141414
human_pancreas,randomly_missing_70,scANVI,isolated_label_silhouette,0.712473
human_pancreas,randomly_missing_70,scANVI,kBET,0.522614
human_pancreas,randomly_missing_70,scANVI,lisi_b,0.278854
human_pancreas,randomly_missing_70,scANVI,lisi_c,0.99679
human_pancreas,randomly_missing_70,scANVI,lisi_f1,0.435794
human_pancreas,randomly_missing_70,scANVI,pos_rate,0.980527
human_pancreas,randomly_missing_70,scANVI,truepos_rate,0.149371
human_pancreas,randomly_missing_70,scDREAMER,ARI_cluster/label,0.942439
human_pancreas,randomly_missing_70,scDREAMER,ASW_label,0.651989
human_pancreas,randomly_missing_70,scDREAMER,ASW_label/batch,0.859559
human_pancreas,randomly_missing_70,scDREAMER,NMI_cluster/label,0.904164
human_pancreas,randomly_missing_70,scDREAMER,graph_conn,0.963221
human_pancreas,randomly_missing_70,scDREAMER,isolated_label_F1,0.259259
human_pancreas,randomly_missing_70,scDREAMER,isolated_label_silhouette,0.606251
human_pancreas,randomly_missing_70,scDREAMER,kBET,0.693738
human_pancreas,randomly_missing_70,scDREAMER,lisi_b,0.413403
human_pancreas,randomly_missing_70,scDREAMER,lisi_c,0.994287
human_pancreas,randomly_missing_70,scDREAMER,lisi_f1,0.583994
human_pancreas,randomly_missing_70,scDREAMER,pos_rate,0.965389
human_pancreas,randomly_missing_70,scDREAMER,truepos_rate,0.586803
human_pancreas,randomly_missing_70,scGEN,ARI_cluster/label,0.61793
human_pancreas,randomly_missing_70,scGEN,ASW_label,0.580795
human_pancreas,randomly_missing_70,scGEN,ASW_label/batch,0.84968
human_pancreas,randomly_missing_70,scGEN,NMI_cluster/label,0.800711
human_pancreas,randomly_missing_70,scGEN,graph_conn,0.950571
human_pancreas,randomly_missing_70,scGEN,isolated_label_F1,0.141414
human_pancreas,randomly_missing_70,scGEN,isolated_label_silhouette,0.691781
human_pancreas,randomly_missing_70,scGEN,kBET,0.34576
human_pancreas,randomly_missing_70,scGEN,lisi_b,0.193533
human_pancreas,randomly_missing_70,scGEN,lisi_c,0.996156
human_pancreas,randomly_missing_70,scGEN,lisi_f1,0.324099
human_pancreas,randomly_missing_70,scGEN,pos_rate,0.981809
human_pancreas,randomly_missing_70,scGEN,truepos_rate,0.125748
human_pancreas,randomly_wrong_30,ItClust,ARI_cluster/label,0.466113
human_pancreas,randomly_wrong_30,ItClust,ASW_label,0.58932
human_pancreas,randomly_wrong_30,ItClust,ASW_label/batch,0.663095
human_pancreas,randomly_wrong_30,ItClust,NMI_cluster/label,0.421436
human_pancreas,randomly_wrong_30,ItClust,graph_conn,0.650962
human_pancreas,randomly_wrong_30,ItClust,isolated_label_F1,0.0147059
human_pancreas,randomly_wrong_30,ItClust,isolated_label_silhouette,0.616742
human_pancreas,randomly_wrong_30,ItClust,kBET,0.166634
human_pancreas,randomly_wrong_30,ItClust,lisi_b,0.393471
human_pancreas,randomly_wrong_30,ItClust,lisi_c,0.943846
human_pancreas,randomly_wrong_30,ItClust,lisi_f1,0.555405
human_pancreas,randomly_wrong_30,ItClust,pos_rate,0.716213
human_pancreas,randomly_wrong_30,ItClust,truepos_rate,0.266756
human_pancreas,randomly_wrong_30,STACAS,ARI_cluster/label,0.95856
human_pancreas,randomly_wrong_30,STACAS,ASW_label,0.698609
human_pancreas,randomly_wrong_30,STACAS,ASW_label/batch,0.853063
human_pancreas,randomly_wrong_30,STACAS,NMI_cluster/label,0.927877
human_pancreas,randomly_wrong_30,STACAS,graph_conn,0.984542
human_pancreas,randomly_wrong_30,STACAS,isolated_label_F1,0.0979021
human_pancreas,randomly_wrong_30,STACAS,isolated_label_silhouette,0.712396
human_pancreas,randomly_wrong_30,STACAS,kBET,0.536828
human_pancreas,randomly_wrong_30,STACAS,lisi_b,0.253219
human_pancreas,randomly_wrong_30,STACAS,lisi_c,0.997036
human_pancreas,randomly_wrong_30,STACAS,lisi_f1,0.403867
human_pancreas,randomly_wrong_30,STACAS,pos_rate,0.975278
human_pancreas,randomly_wrong_30,STACAS,truepos_rate,0.112685
human_pancreas,randomly_wrong_30,scANVI,ARI_cluster/label,0.949183
human_pancreas,randomly_wrong_30,scANVI,ASW_label,0.568424
human_pancreas,randomly_wrong_30,scANVI,ASW_label/batch,0.885049
human_pancreas,randomly_wrong_30,scANVI,NMI_cluster/label,0.917511
human_pancreas,randomly_wrong_30,scANVI,graph_conn,0.988636
human_pancreas,randomly_wrong_30,scANVI,isolated_label_F1,0.141414
human_pancreas,randomly_wrong_30,scANVI,isolated_label_silhouette,0.665791
human_pancreas,randomly_wrong_30,scANVI,kBET,0.484228
human_pancreas,randomly_wrong_30,scANVI,lisi_b,0.316686
human_pancreas,randomly_wrong_30,scANVI,lisi_c,0.994025
human_pancreas,randomly_wrong_30,scANVI,lisi_f1,0.480341
human_pancreas,randomly_wrong_30,scANVI,pos_rate,0.972348
human_pancreas,randomly_wrong_30,scANVI,truepos_rate,0.217617
human_pancreas,randomly_wrong_30,scDREAMER,ARI_cluster/label,0.632781
human_pancreas,randomly_wrong_30,scDREAMER,ASW_label,0.62681
human_pancreas,randomly_wrong_30,scDREAMER,ASW_label/batch,0.837905
human_pancreas,randomly_wrong_30,scDREAMER,NMI_cluster/label,0.742413
human_pancreas,randomly_wrong_30,scDREAMER,graph_conn,0.961966
human_pancreas,randomly_wrong_30,scDREAMER,isolated_label_F1,0.0804598
human_pancreas,randomly_wrong_30,scDREAMER,isolated_label_silhouette,0.64661
human_pancreas,randomly_wrong_30,scDREAMER,kBET,0.628413
human_pancreas,randomly_wrong_30,scDREAMER,lisi_b,0.415121
human_pancreas,randomly_wrong_30,scDREAMER,lisi_c,0.99502
human_pancreas,randomly_wrong_30,scDREAMER,lisi_f1,0.585834
human_pancreas,randomly_wrong_30,scDREAMER,pos_rate,0.976621
human_pancreas,randomly_wrong_30,scDREAMER,truepos_rate,0.638628
human_pancreas,randomly_wrong_30,scGEN,ARI_cluster/label,0.876809
human_pancreas,randomly_wrong_30,scGEN,ASW_label,0.585239
human_pancreas,randomly_wrong_30,scGEN,ASW_label/batch,0.911918
human_pancreas,randomly_wrong_30,scGEN,NMI_cluster/label,0.839609
human_pancreas,randomly_wrong_30,scGEN,graph_conn,0.98213
human_pancreas,randomly_wrong_30,scGEN,isolated_label_F1,0.106061
human_pancreas,randomly_wrong_30,scGEN,isolated_label_silhouette,0.640576
human_pancreas,randomly_wrong_30,scGEN,kBET,0.460907
human_pancreas,randomly_wrong_30,scGEN,lisi_b,0.238025
human_pancreas,randomly_wrong_30,scGEN,lisi_c,0.994335
human_pancreas,randomly_wrong_30,scGEN,lisi_f1,0.384103
human_pancreas,randomly_wrong_30,scGEN,pos_rate,0.96722
human_pancreas,randomly_wrong_30,scGEN,truepos_rate,0.151019
human_pancreas,randomly_wrong_50,ItClust,ARI_cluster/label,0.207485
human_pancreas,randomly_wrong_50,ItClust,ASW_label,0.46421
human_pancreas,randomly_wrong_50,ItClust,ASW_label/batch,0.729976
human_pancreas,randomly_wrong_50,ItClust,NMI_cluster/label,0.207541
human_pancreas,randomly_wrong_50,ItClust,graph_conn,0.469014
human_pancreas,randomly_wrong_50,ItClust,isolated_label_F1,0.017094
human_pancreas,randomly_wrong_50,ItClust,isolated_label_silhouette,0.524807
human_pancreas,randomly_wrong_50,ItClust,kBET,0.090079
human_pancreas,randomly_wrong_50,ItClust,lisi_b,0.404516
human_pancreas,randomly_wrong_50,ItClust,lisi_c,0.887479
human_pancreas,randomly_wrong_50,ItClust,lisi_f1,0.555729
human_pancreas,randomly_wrong_50,ItClust,pos_rate,0.46429
human_pancreas,randomly_wrong_50,ItClust,truepos_rate,0.186912
human_pancreas,randomly_wrong_50,STACAS,ARI_cluster/label,0.959182
human_pancreas,randomly_wrong_50,STACAS,ASW_label,0.69652
human_pancreas,randomly_wrong_50,STACAS,ASW_label/batch,0.854042
human_pancreas,randomly_wrong_50,STACAS,NMI_cluster/label,0.928246
human_pancreas,randomly_wrong_50,STACAS,graph_conn,0.984542
human_pancreas,randomly_wrong_50,STACAS,isolated_label_F1,0.0972222
human_pancreas,randomly_wrong_50,STACAS,isolated_label_silhouette,0.705637
human_pancreas,randomly_wrong_50,STACAS,kBET,0.542652
human_pancreas,randomly_wrong_50,STACAS,lisi_b,0.249798
human_pancreas,randomly_wrong_50,STACAS,lisi_c,0.996936
human_pancreas,randomly_wrong_50,STACAS,lisi_f1,0.399496
human_pancreas,randomly_wrong_50,STACAS,pos_rate,0.974667
human_pancreas,randomly_wrong_50,STACAS,truepos_rate,0.119766
human_pancreas,randomly_wrong_50,scANVI,ARI_cluster/label,0.948236
human_pancreas,randomly_wrong_50,scANVI,ASW_label,0.561505
human_pancreas,randomly_wrong_50,scANVI,ASW_label/batch,0.889452
human_pancreas,randomly_wrong_50,scANVI,NMI_cluster/label,0.914672
human_pancreas,randomly_wrong_50,scANVI,graph_conn,0.988932
human_pancreas,randomly_wrong_50,scANVI,isolated_label_F1,0.17284
human_pancreas,randomly_wrong_50,scANVI,isolated_label_silhouette,0.6408
human_pancreas,randomly_wrong_50,scANVI,kBET,0.587211
human_pancreas,randomly_wrong_50,scANVI,lisi_b,0.322821
human_pancreas,randomly_wrong_50,scANVI,lisi_c,0.992623
human_pancreas,randomly_wrong_50,scANVI,lisi_f1,0.487196
human_pancreas,randomly_wrong_50,scANVI,pos_rate,0.969723
human_pancreas,randomly_wrong_50,scANVI,truepos_rate,0.236052
human_pancreas,randomly_wrong_50,scDREAMER,ARI_cluster/label,0.583212
human_pancreas,randomly_wrong_50,scDREAMER,ASW_label,0.584541
human_pancreas,randomly_wrong_50,scDREAMER,ASW_label/batch,0.845164
human_pancreas,randomly_wrong_50,scDREAMER,NMI_cluster/label,0.590144
human_pancreas,randomly_wrong_50,scDREAMER,graph_conn,0.895338
human_pancreas,randomly_wrong_50,scDREAMER,isolated_label_F1,0.0425532
human_pancreas,randomly_wrong_50,scDREAMER,isolated_label_silhouette,0.471494
human_pancreas,randomly_wrong_50,scDREAMER,kBET,0.70973
human_pancreas,randomly_wrong_50,scDREAMER,lisi_b,0.442212
human_pancreas,randomly_wrong_50,scDREAMER,lisi_c,0.986542
human_pancreas,randomly_wrong_50,scDREAMER,lisi_f1,0.610687
human_pancreas,randomly_wrong_50,scDREAMER,pos_rate,0.937553
human_pancreas,randomly_wrong_50,scDREAMER,truepos_rate,0.759614
human_pancreas,randomly_wrong_50,scGEN,ARI_cluster/label,0.834404
human_pancreas,randomly_wrong_50,scGEN,ASW_label,0.573445
human_pancreas,randomly_wrong_50,scGEN,ASW_label/batch,0.900875
human_pancreas,randomly_wrong_50,scGEN,NMI_cluster/label,0.818139
human_pancreas,randomly_wrong_50,scGEN,graph_conn,0.977288
human_pancreas,randomly_wrong_50,scGEN,isolated_label_F1,0.14433
human_pancreas,randomly_wrong_50,scGEN,isolated_label_silhouette,0.680782
human_pancreas,randomly_wrong_50,scGEN,kBET,0.408116
human_pancreas,randomly_wrong_50,scGEN,lisi_b,0.217718
human_pancreas,randomly_wrong_50,scGEN,lisi_c,0.994638
human_pancreas,randomly_wrong_50,scGEN,lisi_f1,0.357239
human_pancreas,randomly_wrong_50,scGEN,pos_rate,0.970639
human_pancreas,randomly_wrong_50,scGEN,truepos_rate,0.094555
human_pancreas,randomly_wrong_70,ItClust,ARI_cluster/label,0.0562582
human_pancreas,randomly_wrong_70,ItClust,ASW_label,0.429475
human_pancreas,randomly_wrong_70,ItClust,ASW_label/batch,0.760088
human_pancreas,randomly_wrong_70,ItClust,NMI_cluster/label,0.0700338
human_pancreas,randomly_wrong_70,ItClust,graph_conn,0.29309
human_pancreas,randomly_wrong_70,ItClust,isolated_label_F1,0.0222222
human_pancreas,randomly_wrong_70,ItClust,isolated_label_silhouette,0.468393
human_pancreas,randomly_wrong_70,ItClust,kBET,0.0533001
human_pancreas,randomly_wrong_70,ItClust,lisi_b,0.403888
human_pancreas,randomly_wrong_70,ItClust,lisi_c,0.819006
human_pancreas,randomly_wrong_70,ItClust,lisi_f1,0.54099
human_pancreas,randomly_wrong_70,ItClust,pos_rate,0.200464
human_pancreas,randomly_wrong_70,ItClust,truepos_rate,0.0830179
human_pancreas,randomly_wrong_70,STACAS,ARI_cluster/label,0.958097
human_pancreas,randomly_wrong_70,STACAS,ASW_label,0.695357
human_pancreas,randomly_wrong_70,STACAS,ASW_label/batch,0.859152
human_pancreas,randomly_wrong_70,STACAS,NMI_cluster/label,0.927767
human_pancreas,randomly_wrong_70,STACAS,graph_conn,0.984138
human_pancreas,randomly_wrong_70,STACAS,isolated_label_F1,0.208955
human_pancreas,randomly_wrong_70,STACAS,isolated_label_silhouette,0.737785
human_pancreas,randomly_wrong_70,STACAS,kBET,0.538496
human_pancreas,randomly_wrong_70,STACAS,lisi_b,0.247274
human_pancreas,randomly_wrong_70,STACAS,lisi_c,0.996878
human_pancreas,randomly_wrong_70,STACAS,lisi_f1,0.396258
human_pancreas,randomly_wrong_70,STACAS,pos_rate,0.975156
human_pancreas,randomly_wrong_70,STACAS,truepos_rate,0.114699
human_pancreas,randomly_wrong_70,scANVI,ARI_cluster/label,0.943787
human_pancreas,randomly_wrong_70,scANVI,ASW_label,0.560099
human_pancreas,randomly_wrong_70,scANVI,ASW_label/batch,0.895809
human_pancreas,randomly_wrong_70,scANVI,NMI_cluster/label,0.907415
human_pancreas,randomly_wrong_70,scANVI,graph_conn,0.98634
human_pancreas,randomly_wrong_70,scANVI,isolated_label_F1,0.134615
human_pancreas,randomly_wrong_70,scANVI,isolated_label_silhouette,0.667241
human_pancreas,randomly_wrong_70,scANVI,kBET,0.493441
human_pancreas,randomly_wrong_70,scANVI,lisi_b,0.318448
human_pancreas,randomly_wrong_70,scANVI,lisi_c,0.992005
human_pancreas,randomly_wrong_70,scANVI,lisi_f1,0.482127
human_pancreas,randomly_wrong_70,scANVI,pos_rate,0.964351
human_pancreas,randomly_wrong_70,scANVI,truepos_rate,0.230009
human_pancreas,randomly_wrong_70,scDREAMER,ARI_cluster/label,0.185853
human_pancreas,randomly_wrong_70,scDREAMER,ASW_label,0.59881
human_pancreas,randomly_wrong_70,scDREAMER,ASW_label/batch,0.851724
human_pancreas,randomly_wrong_70,scDREAMER,NMI_cluster/label,0.550947
human_pancreas,randomly_wrong_70,scDREAMER,graph_conn,0.889824
human_pancreas,randomly_wrong_70,scDREAMER,isolated_label_F1,0.0296296
human_pancreas,randomly_wrong_70,scDREAMER,isolated_label_silhouette,0.553267
human_pancreas,randomly_wrong_70,scDREAMER,kBET,0.704528
human_pancreas,randomly_wrong_70,scDREAMER,lisi_b,0.435813
human_pancreas,randomly_wrong_70,scDREAMER,lisi_c,0.992355
human_pancreas,randomly_wrong_70,scDREAMER,lisi_f1,0.605645
human_pancreas,randomly_wrong_70,scDREAMER,pos_rate,0.961604
human_pancreas,randomly_wrong_70,scDREAMER,truepos_rate,0.801245
human_pancreas,randomly_wrong_70,scGEN,ARI_cluster/label,0.915431
human_pancreas,randomly_wrong_70,scGEN,ASW_label,0.568524
human_pancreas,randomly_wrong_70,scGEN,ASW_label/batch,0.901868
human_pancreas,randomly_wrong_70,scGEN,NMI_cluster/label,0.887419
human_pancreas,randomly_wrong_70,scGEN,graph_conn,0.975525
human_pancreas,randomly_wrong_70,scGEN,isolated_label_F1,0.104478
human_pancreas,randomly_wrong_70,scGEN,isolated_label_silhouette,0.683037
human_pancreas,randomly_wrong_70,scGEN,kBET,0.271302
human_pancreas,randomly_wrong_70,scGEN,lisi_b,0.170972
human_pancreas,randomly_wrong_70,scGEN,lisi_c,0.994766
human_pancreas,randomly_wrong_70,scGEN,lisi_f1,0.291793
human_pancreas,randomly_wrong_70,scGEN,pos_rate,0.973752
human_pancreas,randomly_wrong_70,scGEN,truepos_rate,0.0347332
human_pancreas,singleR,ItClust,ARI_cluster/label,0.123098
human_pancreas,singleR,ItClust,ASW_label,0.389944
human_pancreas,singleR,ItClust,ASW_label/batch,0.479234
human_pancreas,singleR,ItClust,NMI_cluster/label,0.245646
human_pancreas,singleR,ItClust,graph_conn,0.558387
human_pancreas,singleR,ItClust,isolated_label_F1,0.0888889
human_pancreas,singleR,ItClust,isolated_label_silhouette,0.659013
human_pancreas,singleR,ItClust,kBET,0.299513
human_pancreas,singleR,ItClust,lisi_b,0.322171
human_pancreas,singleR,ItClust,lisi_c,0.88552
human_pancreas,singleR,ItClust,lisi_f1,0.472453
human_pancreas,singleR,ItClust,pos_rate,0.305091
human_pancreas,singleR,ItClust,truepos_rate,0.0832011
human_pancreas,singleR,STACAS,ARI_cluster/label,0.956609
human_pancreas,singleR,STACAS,ASW_label,0.560074
human_pancreas,singleR,STACAS,ASW_label/batch,0.866373
human_pancreas,singleR,STACAS,NMI_cluster/label,0.924773
human_pancreas,singleR,STACAS,graph_conn,0.986682
human_pancreas,singleR,STACAS,isolated_label_F1,0.0813953
human_pancreas,singleR,STACAS,isolated_label_silhouette,0.604377
human_pancreas,singleR,STACAS,kBET,0.474779
human_pancreas,singleR,STACAS,lisi_b,0.223044
human_pancreas,singleR,STACAS,lisi_c,0.996943
human_pancreas,singleR,STACAS,lisi_f1,0.364532
human_pancreas,singleR,STACAS,pos_rate,0.975888
human_pancreas,singleR,STACAS,truepos_rate,0.061958
human_pancreas,singleR,scANVI,ARI_cluster/label,0.942748
human_pancreas,singleR,scANVI,ASW_label,0.561526
human_pancreas,singleR,scANVI,ASW_label/batch,0.882156
human_pancreas,singleR,scANVI,NMI_cluster/label,0.908097
human_pancreas,singleR,scANVI,graph_conn,0.989004
human_pancreas,singleR,scANVI,isolated_label_F1,0.194444
human_pancreas,singleR,scANVI,isolated_label_silhouette,0.628251
human_pancreas,singleR,scANVI,kBET,0.543608
human_pancreas,singleR,scANVI,lisi_b,0.274837
human_pancreas,singleR,scANVI,lisi_c,0.991941
human_pancreas,singleR,scANVI,lisi_f1,0.430419
human_pancreas,singleR,scANVI,pos_rate,0.962459
human_pancreas,singleR,scANVI,truepos_rate,0.146258
human_pancreas,singleR,scDREAMER,ARI_cluster/label,0.529017
human_pancreas,singleR,scDREAMER,ASW_label,0.560739
human_pancreas,singleR,scDREAMER,ASW_label/batch,0.853564
human_pancreas,singleR,scDREAMER,NMI_cluster/label,0.655245
human_pancreas,singleR,scDREAMER,graph_conn,0.908654
human_pancreas,singleR,scDREAMER,isolated_label_F1,0.0909091
human_pancreas,singleR,scDREAMER,isolated_label_silhouette,0.568175
human_pancreas,singleR,scDREAMER,kBET,0.58291
human_pancreas,singleR,scDREAMER,lisi_b,0.370972
human_pancreas,singleR,scDREAMER,lisi_c,0.982547
human_pancreas,singleR,scDREAMER,lisi_f1,0.538592
human_pancreas,singleR,scDREAMER,pos_rate,0.918935
human_pancreas,singleR,scDREAMER,truepos_rate,0.285985
human_pancreas,singleR,scGEN,ARI_cluster/label,0.558709
human_pancreas,singleR,scGEN,ASW_label,0.560074
human_pancreas,singleR,scGEN,ASW_label/batch,0.866373
human_pancreas,singleR,scGEN,NMI_cluster/label,0.740917
human_pancreas,singleR,scGEN,graph_conn,0.955854
human_pancreas,singleR,scGEN,isolated_label_F1,0.0813953
human_pancreas,singleR,scGEN,isolated_label_silhouette,0.604377
human_pancreas,singleR,scGEN,kBET,0.278147
human_pancreas,singleR,scGEN,lisi_b,0.149911
human_pancreas,singleR,scGEN,lisi_c,0.991172
human_pancreas,singleR,scGEN,lisi_f1,0.260433
human_pancreas,singleR,scGEN,pos_rate,0.96252
human_pancreas,singleR,scGEN,truepos_rate,0.028507
human_pancreas,unsupervised,Harmony,ARI_cluster/label,0.953225
human_pancreas,unsupervised,Harmony,ASW_label,0.624457
human_pancreas,unsupervised,Harmony,ASW_label/batch,0.871617
human_pancreas,unsupervised,Harmony,NMI_cluster/label,0.919287
human_pancreas,unsupervised,Harmony,graph_conn,0.974322
human_pancreas,unsupervised,Harmony,isolated_label_F1,0.096552
human_pancreas,unsupervised,Harmony,isolated_label_silhouette,0.620789
human_pancreas,unsupervised,Harmony,kBET,0.41682
human_pancreas,unsupervised,Harmony,lisi_b,0.234261
human_pancreas,unsupervised,Harmony,lisi_c,0.996137
human_pancreas,unsupervised,Harmony,lisi_f1,0.379318
human_pancreas,unsupervised,Harmony,pos_rate,0.969723
human_pancreas,unsupervised,Harmony,truepos_rate,0.119888
human_pancreas,unsupervised,Seurat,ARI_cluster/label,0.947821
human_pancreas,unsupervised,Seurat,ASW_label,0.685445
human_pancreas,unsupervised,Seurat,ASW_label/batch,0.851785
human_pancreas,unsupervised,Seurat,NMI_cluster/label,0.912455
human_pancreas,unsupervised,Seurat,graph_conn,0.981263
human_pancreas,unsupervised,Seurat,isolated_label_F1,0.215385
human_pancreas,unsupervised,Seurat,isolated_label_silhouette,0.630494
human_pancreas,unsupervised,Seurat,kBET,0.698247
human_pancreas,unsupervised,Seurat,lisi_b,0.24984
human_pancreas,unsupervised,Seurat,lisi_c,0.995446
human_pancreas,unsupervised,Seurat,lisi_f1,0.39943
human_pancreas,unsupervised,Seurat,pos_rate,0.969296
human_pancreas,unsupervised,Seurat,truepos_rate,0.0953486
human_pancreas,unsupervised,scCRAFT,ARI_cluster/label,0.95111
human_pancreas,unsupervised,scCRAFT,ASW_label,0.696782
human_pancreas,unsupervised,scCRAFT,ASW_label/batch,0.927987
human_pancreas,unsupervised,scCRAFT,NMI_cluster/label,0.918114
human_pancreas,unsupervised,scCRAFT,graph_conn,0.959422
human_pancreas,unsupervised,scCRAFT,isolated_label_F1,0.097902
human_pancreas,unsupervised,scCRAFT,isolated_label_silhouette,0.546051
human_pancreas,unsupervised,scCRAFT,kBET,0.534377
human_pancreas,unsupervised,scCRAFT,lisi_b,0.44057
human_pancreas,unsupervised,scCRAFT,lisi_c,0.995127
human_pancreas,unsupervised,scCRAFT,lisi_f1,0.610746
human_pancreas,unsupervised,scCRAFT,pos_rate,0.966549
human_pancreas,unsupervised,scCRAFT,truepos_rate,0.58198
human_pancreas,unsupervised,scVI,ARI_cluster/label,0.945282
human_pancreas,unsupervised,scVI,ASW_label,0.556335
human_pancreas,unsupervised,scVI,ASW_label/batch,0.878569
human_pancreas,unsupervised,scVI,NMI_cluster/label,0.907139
human_pancreas,unsupervised,scVI,graph_conn,0.987088
human_pancreas,unsupervised,scVI,isolated_label_F1,0.130841
human_pancreas,unsupervised,scVI,isolated_label_silhouette,0.714344
human_pancreas,unsupervised,scVI,kBET,0.511966
human_pancreas,unsupervised,scVI,lisi_b,0.282697
human_pancreas,unsupervised,scVI,lisi_c,0.992556
human_pancreas,unsupervised,scVI,lisi_f1,0.440058
human_pancreas,unsupervised,scVI,pos_rate,0.964901
human_pancreas,unsupervised,scVI,truepos_rate,0.148456
human_pancreas,unsupervised,scanorama,ARI_cluster/label,0.955929
human_pancreas,unsupervised,scanorama,ASW_label,0.591414
human_pancreas,unsupervised,scanorama,ASW_label/batch,0.923887
human_pancreas,unsupervised,scanorama,NMI_cluster/label,0.924127
human_pancreas,unsupervised,scanorama,graph_conn,0.981614
human_pancreas,unsupervised,scanorama,isolated_label_F1,0.106061
human_pancreas,unsupervised,scanorama,isolated_label_silhouette,0.604791
human_pancreas,unsupervised,scanorama,kBET,0.407623
human_pancreas,unsupervised,scanorama,lisi_b,0.161
human_pancreas,unsupervised,scanorama,lisi_c,0.997
human_pancreas,unsupervised,scanorama,lisi_f1,0.278
human_pancreas,unsupervised,scanorama,pos_rate,0.981077
human_pancreas,unsupervised,scanorama,truepos_rate,0.026004
lung_atlas,Azimuth,ItClust,ARI_cluster/label,0.573593
lung_atlas,Azimuth,ItClust,ASW_label,0.585237
lung_atlas,Azimuth,ItClust,ASW_label/batch,0.432473
lung_atlas,Azimuth,ItClust,NMI_cluster/label,0.703822
lung_atlas,Azimuth,ItClust,graph_conn,0.788399
lung_atlas,Azimuth,ItClust,isolated_label_F1,0.21716
lung_atlas,Azimuth,ItClust,isolated_label_silhouette,0.890019
lung_atlas,Azimuth,ItClust,kBET,0.592006
lung_atlas,Azimuth,ItClust,lisi_b,0.201692
lung_atlas,Azimuth,ItClust,lisi_c,0.96943
lung_atlas,Azimuth,ItClust,lisi_f1,0.333913
lung_atlas,Azimuth,ItClust,pos_rate,0.760323
lung_atlas,Azimuth,ItClust,truepos_rate,0.217938
lung_atlas,Azimuth,STACAS,ARI_cluster/label,0.662963
lung_atlas,Azimuth,STACAS,ASW_label,0.594739
lung_atlas,Azimuth,STACAS,ASW_label/batch,0.836968
lung_atlas,Azimuth,STACAS,NMI_cluster/label,0.761328
lung_atlas,Azimuth,STACAS,graph_conn,0.964774
lung_atlas,Azimuth,STACAS,isolated_label_F1,0.852033
lung_atlas,Azimuth,STACAS,isolated_label_silhouette,0.613581
lung_atlas,Azimuth,STACAS,kBET,0.475212
lung_atlas,Azimuth,STACAS,lisi_b,0.166227
lung_atlas,Azimuth,STACAS,lisi_c,0.977323
lung_atlas,Azimuth,STACAS,lisi_f1,0.284128
lung_atlas,Azimuth,STACAS,pos_rate,0.832308
lung_atlas,Azimuth,STACAS,truepos_rate,0.0797785
lung_atlas,Azimuth,scANVI,ARI_cluster/label,0.552214
lung_atlas,Azimuth,scANVI,ASW_label,0.601701
lung_atlas,Azimuth,scANVI,ASW_label/batch,0.872325
lung_atlas,Azimuth,scANVI,NMI_cluster/label,0.746043
lung_atlas,Azimuth,scANVI,graph_conn,0.975958
lung_atlas,Azimuth,scANVI,isolated_label_F1,0.833073
lung_atlas,Azimuth,scANVI,isolated_label_silhouette,0.686246
lung_atlas,Azimuth,scANVI,kBET,0.423506
lung_atlas,Azimuth,scANVI,lisi_b,0.139608
lung_atlas,Azimuth,scANVI,lisi_c,0.979962
lung_atlas,Azimuth,scANVI,lisi_f1,0.244398
lung_atlas,Azimuth,scANVI,pos_rate,0.847177
lung_atlas,Azimuth,scANVI,truepos_rate,0.0705154
lung_atlas,Azimuth,scDREAMER,ARI_cluster/label,0.576406
lung_atlas,Azimuth,scDREAMER,ASW_label,0.549513
lung_atlas,Azimuth,scDREAMER,ASW_label/batch,0.888413
lung_atlas,Azimuth,scDREAMER,NMI_cluster/label,0.704679
lung_atlas,Azimuth,scDREAMER,graph_conn,0.936287
lung_atlas,Azimuth,scDREAMER,isolated_label_F1,0.216188
lung_atlas,Azimuth,scDREAMER,isolated_label_silhouette,0.541221
lung_atlas,Azimuth,scDREAMER,kBET,0.703177
lung_atlas,Azimuth,scDREAMER,lisi_b,0.21601
lung_atlas,Azimuth,scDREAMER,lisi_c,0.966916
lung_atlas,Azimuth,scDREAMER,lisi_f1,0.353131
lung_atlas,Azimuth,scDREAMER,pos_rate,0.752632
lung_atlas,Azimuth,scDREAMER,truepos_rate,0.30134
lung_atlas,Azimuth,scGEN,ARI_cluster/label,0.607918
lung_atlas,Azimuth,scGEN,ASW_label,0.563636
lung_atlas,Azimuth,scGEN,ASW_label/batch,0.835134
lung_atlas,Azimuth,scGEN,NMI_cluster/label,0.730345
lung_atlas,Azimuth,scGEN,graph_conn,0.923386
lung_atlas,Azimuth,scGEN,isolated_label_F1,0.16797
lung_atlas,Azimuth,scGEN,isolated_label_silhouette,0.500025
lung_atlas,Azimuth,scGEN,kBET,0.495095
lung_atlas,Azimuth,scGEN,lisi_b,0.162742
lung_atlas,Azimuth,scGEN,lisi_c,0.977954
lung_atlas,Azimuth,scGEN,lisi_f1,0.279047
lung_atlas,Azimuth,scGEN,pos_rate,0.828548
lung_atlas,Azimuth,scGEN,truepos_rate,0.0905797
lung_atlas,CellAssign,ItClust,ARI_cluster/label,0.149931
lung_atlas,CellAssign,ItClust,ASW_label,0.274317
lung_atlas,CellAssign,ItClust,ASW_label/batch,0.441021
lung_atlas,CellAssign,ItClust,NMI_cluster/label,0.234763
lung_atlas,CellAssign,ItClust,graph_conn,0.358664
lung_atlas,CellAssign,ItClust,isolated_label_F1,0.0563187
lung_atlas,CellAssign,ItClust,isolated_label_silhouette,0.23609
lung_atlas,CellAssign,ItClust,kBET,0.396257
lung_atlas,CellAssign,ItClust,lisi_b,0.206145
lung_atlas,CellAssign,ItClust,lisi_c,0.85756
lung_atlas,CellAssign,ItClust,lisi_f1,0.332389
lung_atlas,CellAssign,ItClust,pos_rate,0.225902
lung_atlas,CellAssign,ItClust,truepos_rate,0.0616967
lung_atlas,CellAssign,STACAS,ARI_cluster/label,0.646778
lung_atlas,CellAssign,STACAS,ASW_label,0.583448
lung_atlas,CellAssign,STACAS,ASW_label/batch,0.854823
lung_atlas,CellAssign,STACAS,NMI_cluster/label,0.759914
lung_atlas,CellAssign,STACAS,graph_conn,0.9653
lung_atlas,CellAssign,STACAS,isolated_label_F1,0.853081
lung_atlas,CellAssign,STACAS,isolated_label_silhouette,0.666894
lung_atlas,CellAssign,STACAS,kBET,0.459714
lung_atlas,CellAssign,STACAS,lisi_b,0.163995
lung_atlas,CellAssign,STACAS,lisi_c,0.976516
lung_atlas,CellAssign,STACAS,lisi_f1,0.280828
lung_atlas,CellAssign,STACAS,pos_rate,0.820857
lung_atlas,CellAssign,STACAS,truepos_rate,0.082513
lung_atlas,CellAssign,scANVI,ARI_cluster/label,0.675927
lung_atlas,CellAssign,scANVI,ASW_label,0.571301
lung_atlas,CellAssign,scANVI,ASW_label/batch,0.901628
lung_atlas,CellAssign,scANVI,NMI_cluster/label,0.761959
lung_atlas,CellAssign,scANVI,graph_conn,0.975231
lung_atlas,CellAssign,scANVI,isolated_label_F1,0.864078
lung_atlas,CellAssign,scANVI,isolated_label_silhouette,0.633629
lung_atlas,CellAssign,scANVI,kBET,0.415036
lung_atlas,CellAssign,scANVI,lisi_b,0.140255
lung_atlas,CellAssign,scANVI,lisi_c,0.978926
lung_atlas,CellAssign,scANVI,lisi_f1,0.245357
lung_atlas,CellAssign,scANVI,pos_rate,0.844169
lung_atlas,CellAssign,scANVI,truepos_rate,0.0767022
lung_atlas,CellAssign,scDREAMER,ARI_cluster/label,0.407991
lung_atlas,CellAssign,scDREAMER,ASW_label,0.53726
lung_atlas,CellAssign,scDREAMER,ASW_label/batch,0.896434
lung_atlas,CellAssign,scDREAMER,NMI_cluster/label,0.555002
lung_atlas,CellAssign,scDREAMER,graph_conn,0.913288
lung_atlas,CellAssign,scDREAMER,isolated_label_F1,0.263736
lung_atlas,CellAssign,scDREAMER,isolated_label_silhouette,0.556097
lung_atlas,CellAssign,scDREAMER,kBET,0.693736
lung_atlas,CellAssign,scDREAMER,lisi_b,0.217316
lung_atlas,CellAssign,scDREAMER,lisi_c,0.951936
lung_atlas,CellAssign,scDREAMER,lisi_f1,0.353852
lung_atlas,CellAssign,scDREAMER,pos_rate,0.674699
lung_atlas,CellAssign,scDREAMER,truepos_rate,0.272525
lung_atlas,CellAssign,scGEN,ARI_cluster/label,0.401148
lung_atlas,CellAssign,scGEN,ASW_label,0.552624
lung_atlas,CellAssign,scGEN,ASW_label/batch,0.908053
lung_atlas,CellAssign,scGEN,NMI_cluster/label,0.642587
lung_atlas,CellAssign,scGEN,graph_conn,0.957243
lung_atlas,CellAssign,scGEN,isolated_label_F1,0.67234
lung_atlas,CellAssign,scGEN,isolated_label_silhouette,0.573033
lung_atlas,CellAssign,scGEN,kBET,0.340116
lung_atlas,CellAssign,scGEN,lisi_b,0.088406
lung_atlas,CellAssign,scGEN,lisi_c,0.98006
lung_atlas,CellAssign,scGEN,lisi_f1,0.162182
lung_atlas,CellAssign,scGEN,pos_rate,0.887784
lung_atlas,CellAssign,scGEN,truepos_rate,0.0659352
lung_atlas,full_annotated_supervised,ItClust,ARI_cluster/label,0.757116
lung_atlas,full_annotated_supervised,ItClust,ASW_label,0.824225
lung_atlas,full_annotated_supervised,ItClust,ASW_label/batch,0.696893
lung_atlas,full_annotated_supervised,ItClust,NMI_cluster/label,0.908395
lung_atlas,full_annotated_supervised,ItClust,graph_conn,0.983197
lung_atlas,full_annotated_supervised,ItClust,isolated_label_F1,0.998819
lung_atlas,full_annotated_supervised,ItClust,isolated_label_silhouette,0.980417
lung_atlas,full_annotated_supervised,ItClust,kBET,0.719393
lung_atlas,full_annotated_supervised,ItClust,lisi_b,0.207797
lung_atlas,full_annotated_supervised,ItClust,lisi_c,0.988617
lung_atlas,full_annotated_supervised,ItClust,lisi_f1,0.343413
lung_atlas,full_annotated_supervised,ItClust,pos_rate,0.903746
lung_atlas,full_annotated_supervised,ItClust,truepos_rate,0.410753
lung_atlas,full_annotated_supervised,STACAS,ARI_cluster/label,0.654172
lung_atlas,full_annotated_supervised,STACAS,ASW_label,0.598355
lung_atlas,full_annotated_supervised,STACAS,ASW_label/batch,0.843687
lung_atlas,full_annotated_supervised,STACAS,NMI_cluster/label,0.765351
lung_atlas,full_annotated_supervised,STACAS,graph_conn,0.971249
lung_atlas,full_annotated_supervised,STACAS,isolated_label_F1,0.847352
lung_atlas,full_annotated_supervised,STACAS,isolated_label_silhouette,0.615326
lung_atlas,full_annotated_supervised,STACAS,kBET,0.474569
lung_atlas,full_annotated_supervised,STACAS,lisi_b,0.164919
lung_atlas,full_annotated_supervised,STACAS,lisi_c,0.981092
lung_atlas,full_annotated_supervised,STACAS,lisi_f1,0.282372
lung_atlas,full_annotated_supervised,STACAS,pos_rate,0.864985
lung_atlas,full_annotated_supervised,STACAS,truepos_rate,0.0819319
lung_atlas,full_annotated_supervised,scANVI,ARI_cluster/label,0.839477
lung_atlas,full_annotated_supervised,scANVI,ASW_label,0.64483
lung_atlas,full_annotated_supervised,scANVI,ASW_label/batch,0.869907
lung_atlas,full_annotated_supervised,scANVI,NMI_cluster/label,0.889923
lung_atlas,full_annotated_supervised,scANVI,graph_conn,0.996986
lung_atlas,full_annotated_supervised,scANVI,isolated_label_F1,0.968174
lung_atlas,full_annotated_supervised,scANVI,isolated_label_silhouette,0.77566
lung_atlas,full_annotated_supervised,scANVI,kBET,0.404589
lung_atlas,full_annotated_supervised,scANVI,lisi_b,0.142126
lung_atlas,full_annotated_supervised,scANVI,lisi_c,0.995459
lung_atlas,full_annotated_supervised,scANVI,lisi_f1,0.248738
lung_atlas,full_annotated_supervised,scANVI,pos_rate,0.963631
lung_atlas,full_annotated_supervised,scANVI,truepos_rate,0.101552
lung_atlas,full_annotated_supervised,scDREAMER,ARI_cluster/label,0.988567
lung_atlas,full_annotated_supervised,scDREAMER,ASW_label,0.620417
lung_atlas,full_annotated_supervised,scDREAMER,ASW_label/batch,0.883093
lung_atlas,full_annotated_supervised,scDREAMER,NMI_cluster/label,0.982879
lung_atlas,full_annotated_supervised,scDREAMER,graph_conn,0.999783
lung_atlas,full_annotated_supervised,scDREAMER,isolated_label_F1,0.982332
lung_atlas,full_annotated_supervised,scDREAMER,isolated_label_silhouette,0.602293
lung_atlas,full_annotated_supervised,scDREAMER,kBET,0.795383
lung_atlas,full_annotated_supervised,scDREAMER,lisi_b,0.238523
lung_atlas,full_annotated_supervised,scDREAMER,lisi_c,0.996495
lung_atlas,full_annotated_supervised,scDREAMER,lisi_f1,0.384913
lung_atlas,full_annotated_supervised,scDREAMER,pos_rate,0.992514
lung_atlas,full_annotated_supervised,scDREAMER,truepos_rate,0.627495
lung_atlas,full_annotated_supervised,scGEN,ARI_cluster/label,0.964328
lung_atlas,full_annotated_supervised,scGEN,ASW_label,0.625885
lung_atlas,full_annotated_supervised,scGEN,ASW_label/batch,0.789014
lung_atlas,full_annotated_supervised,scGEN,NMI_cluster/label,0.961589
lung_atlas,full_annotated_supervised,scGEN,graph_conn,0.995699
lung_atlas,full_annotated_supervised,scGEN,isolated_label_F1,0.994941
lung_atlas,full_annotated_supervised,scGEN,isolated_label_silhouette,0.647566
lung_atlas,full_annotated_supervised,scGEN,kBET,0.411642
lung_atlas,full_annotated_supervised,scGEN,lisi_b,0.173942
lung_atlas,full_annotated_supervised,scGEN,lisi_c,0.997848
lung_atlas,full_annotated_supervised,scGEN,lisi_f1,0.296244
lung_atlas,full_annotated_supervised,scGEN,pos_rate,0.989062
lung_atlas,full_annotated_supervised,scGEN,truepos_rate,0.141954
lung_atlas,missing_and_mixing_at_edge_30,ItClust,ARI_cluster/label,0.758958
lung_atlas,missing_and_mixing_at_edge_30,ItClust,ASW_label,0.812349
lung_atlas,missing_and_mixing_at_edge_30,ItClust,ASW_label/batch,0.502808
lung_atlas,missing_and_mixing_at_edge_30,ItClust,NMI_cluster/label,0.808517
lung_atlas,missing_and_mixing_at_edge_30,ItClust,graph_conn,0.911279
lung_atlas,missing_and_mixing_at_edge_30,ItClust,isolated_label_F1,0.875696
lung_atlas,missing_and_mixing_at_edge_30,ItClust,isolated_label_silhouette,0.70085
lung_atlas,missing_and_mixing_at_edge_30,ItClust,kBET,0.705019
lung_atlas,missing_and_mixing_at_edge_30,ItClust,lisi_b,0.227157
lung_atlas,missing_and_mixing_at_edge_30,ItClust,lisi_c,0.985077
lung_atlas,missing_and_mixing_at_edge_30,ItClust,lisi_f1,0.369182
lung_atlas,missing_and_mixing_at_edge_30,ItClust,pos_rate,0.875786
lung_atlas,missing_and_mixing_at_edge_30,ItClust,truepos_rate,0.411471
lung_atlas,missing_and_mixing_at_edge_30,STACAS,ARI_cluster/label,0.632196
lung_atlas,missing_and_mixing_at_edge_30,STACAS,ASW_label,0.59034
lung_atlas,missing_and_mixing_at_edge_30,STACAS,ASW_label/batch,0.840454
lung_atlas,missing_and_mixing_at_edge_30,STACAS,NMI_cluster/label,0.768125
lung_atlas,missing_and_mixing_at_edge_30,STACAS,graph_conn,0.963875
lung_atlas,missing_and_mixing_at_edge_30,STACAS,isolated_label_F1,0.815267
lung_atlas,missing_and_mixing_at_edge_30,STACAS,isolated_label_silhouette,0.599319
lung_atlas,missing_and_mixing_at_edge_30,STACAS,kBET,0.48524
lung_atlas,missing_and_mixing_at_edge_30,STACAS,lisi_b,0.166932
lung_atlas,missing_and_mixing_at_edge_30,STACAS,lisi_c,0.97772
lung_atlas,missing_and_mixing_at_edge_30,STACAS,lisi_f1,0.285174
lung_atlas,missing_and_mixing_at_edge_30,STACAS,pos_rate,0.837948
lung_atlas,missing_and_mixing_at_edge_30,STACAS,truepos_rate,0.0806672
lung_atlas,missing_and_mixing_at_edge_30,scANVI,ARI_cluster/label,0.723459
lung_atlas,missing_and_mixing_at_edge_30,scANVI,ASW_label,0.65346
lung_atlas,missing_and_mixing_at_edge_30,scANVI,ASW_label/batch,0.876028
lung_atlas,missing_and_mixing_at_edge_30,scANVI,NMI_cluster/label,0.815239
lung_atlas,missing_and_mixing_at_edge_30,scANVI,graph_conn,0.971637
lung_atlas,missing_and_mixing_at_edge_30,scANVI,isolated_label_F1,0.916814
lung_atlas,missing_and_mixing_at_edge_30,scANVI,isolated_label_silhouette,0.72758
lung_atlas,missing_and_mixing_at_edge_30,scANVI,kBET,0.438175
lung_atlas,missing_and_mixing_at_edge_30,scANVI,lisi_b,0.147639
lung_atlas,missing_and_mixing_at_edge_30,scANVI,lisi_c,0.989603
lung_atlas,missing_and_mixing_at_edge_30,scANVI,lisi_f1,0.256944
lung_atlas,missing_and_mixing_at_edge_30,scANVI,pos_rate,0.911916
lung_atlas,missing_and_mixing_at_edge_30,scANVI,truepos_rate,0.100561
lung_atlas,missing_and_mixing_at_edge_30,scDREAMER,ARI_cluster/label,0.833097
lung_atlas,missing_and_mixing_at_edge_30,scDREAMER,ASW_label,0.635394
lung_atlas,missing_and_mixing_at_edge_30,scDREAMER,ASW_label/batch,0.858108
lung_atlas,missing_and_mixing_at_edge_30,scDREAMER,NMI_cluster/label,0.841925
lung_atlas,missing_and_mixing_at_edge_30,scDREAMER,graph_conn,0.953171
lung_atlas,missing_and_mixing_at_edge_30,scDREAMER,isolated_label_F1,0.866557
lung_atlas,missing_and_mixing_at_edge_30,scDREAMER,isolated_label_silhouette,0.668029
lung_atlas,missing_and_mixing_at_edge_30,scDREAMER,kBET,0.673045
lung_atlas,missing_and_mixing_at_edge_30,scDREAMER,lisi_b,0.215693
lung_atlas,missing_and_mixing_at_edge_30,scDREAMER,lisi_c,0.986931
lung_atlas,missing_and_mixing_at_edge_30,scDREAMER,lisi_f1,0.354016
lung_atlas,missing_and_mixing_at_edge_30,scDREAMER,pos_rate,0.905797
lung_atlas,missing_and_mixing_at_edge_30,scDREAMER,truepos_rate,0.361396
lung_atlas,missing_and_mixing_at_edge_30,scGEN,ARI_cluster/label,0.825733
lung_atlas,missing_and_mixing_at_edge_30,scGEN,ASW_label,0.602162
lung_atlas,missing_and_mixing_at_edge_30,scGEN,ASW_label/batch,0.820322
lung_atlas,missing_and_mixing_at_edge_30,scGEN,NMI_cluster/label,0.829242
lung_atlas,missing_and_mixing_at_edge_30,scGEN,graph_conn,0.906377
lung_atlas,missing_and_mixing_at_edge_30,scGEN,isolated_label_F1,0.740506
lung_atlas,missing_and_mixing_at_edge_30,scGEN,isolated_label_silhouette,0.518342
lung_atlas,missing_and_mixing_at_edge_30,scGEN,kBET,0.589587
lung_atlas,missing_and_mixing_at_edge_30,scGEN,lisi_b,0.170932
lung_atlas,missing_and_mixing_at_edge_30,scGEN,lisi_c,0.990478
lung_atlas,missing_and_mixing_at_edge_30,scGEN,lisi_f1,0.29155
lung_atlas,missing_and_mixing_at_edge_30,scGEN,pos_rate,0.904943
lung_atlas,missing_and_mixing_at_edge_30,scGEN,truepos_rate,0.124282
lung_atlas,missing_and_mixing_at_edge_50,ItClust,ARI_cluster/label,0.620996
lung_atlas,missing_and_mixing_at_edge_50,ItClust,ASW_label,0.783384
lung_atlas,missing_and_mixing_at_edge_50,ItClust,ASW_label/batch,0.447804
lung_atlas,missing_and_mixing_at_edge_50,ItClust,NMI_cluster/label,0.736169
lung_atlas,missing_and_mixing_at_edge_50,ItClust,graph_conn,0.842178
lung_atlas,missing_and_mixing_at_edge_50,ItClust,isolated_label_F1,0.603604
lung_atlas,missing_and_mixing_at_edge_50,ItClust,isolated_label_silhouette,0.393832
lung_atlas,missing_and_mixing_at_edge_50,ItClust,kBET,0.736678
lung_atlas,missing_and_mixing_at_edge_50,ItClust,lisi_b,0.222224
lung_atlas,missing_and_mixing_at_edge_50,ItClust,lisi_c,0.977186
lung_atlas,missing_and_mixing_at_edge_50,ItClust,lisi_f1,0.362102
lung_atlas,missing_and_mixing_at_edge_50,ItClust,pos_rate,0.82971
lung_atlas,missing_and_mixing_at_edge_50,ItClust,truepos_rate,0.291872
lung_atlas,missing_and_mixing_at_edge_50,STACAS,ARI_cluster/label,0.632196
lung_atlas,missing_and_mixing_at_edge_50,STACAS,ASW_label,0.59034
lung_atlas,missing_and_mixing_at_edge_50,STACAS,ASW_label/batch,0.840454
lung_atlas,missing_and_mixing_at_edge_50,STACAS,NMI_cluster/label,0.768125
lung_atlas,missing_and_mixing_at_edge_50,STACAS,graph_conn,0.963875
lung_atlas,missing_and_mixing_at_edge_50,STACAS,isolated_label_F1,0.815267
lung_atlas,missing_and_mixing_at_edge_50,STACAS,isolated_label_silhouette,0.599319
lung_atlas,missing_and_mixing_at_edge_50,STACAS,kBET,0.484471
lung_atlas,missing_and_mixing_at_edge_50,STACAS,lisi_b,0.166932
lung_atlas,missing_and_mixing_at_edge_50,STACAS,lisi_c,0.97772
lung_atlas,missing_and_mixing_at_edge_50,STACAS,lisi_f1,0.285174
lung_atlas,missing_and_mixing_at_edge_50,STACAS,pos_rate,0.837948
lung_atlas,missing_and_mixing_at_edge_50,STACAS,truepos_rate,0.0806672
lung_atlas,missing_and_mixing_at_edge_50,scANVI,ARI_cluster/label,0.617861
lung_atlas,missing_and_mixing_at_edge_50,scANVI,ASW_label,0.620801
lung_atlas,missing_and_mixing_at_edge_50,scANVI,ASW_label/batch,0.876556
lung_atlas,missing_and_mixing_at_edge_50,scANVI,NMI_cluster/label,0.766815
lung_atlas,missing_and_mixing_at_edge_50,scANVI,graph_conn,0.974404
lung_atlas,missing_and_mixing_at_edge_50,scANVI,isolated_label_F1,0.748052
lung_atlas,missing_and_mixing_at_edge_50,scANVI,isolated_label_silhouette,0.654768
lung_atlas,missing_and_mixing_at_edge_50,scANVI,kBET,0.435115
lung_atlas,missing_and_mixing_at_edge_50,scANVI,lisi_b,0.151449
lung_atlas,missing_and_mixing_at_edge_50,scANVI,lisi_c,0.978791
lung_atlas,missing_and_mixing_at_edge_50,scANVI,lisi_f1,0.26231
lung_atlas,missing_and_mixing_at_edge_50,scANVI,pos_rate,0.834051
lung_atlas,missing_and_mixing_at_edge_50,scANVI,truepos_rate,0.087606
lung_atlas,missing_and_mixing_at_edge_50,scDREAMER,ARI_cluster/label,0.729657
lung_atlas,missing_and_mixing_at_edge_50,scDREAMER,ASW_label,0.614059
lung_atlas,missing_and_mixing_at_edge_50,scDREAMER,ASW_label/batch,0.859205
lung_atlas,missing_and_mixing_at_edge_50,scDREAMER,NMI_cluster/label,0.780247
lung_atlas,missing_and_mixing_at_edge_50,scDREAMER,graph_conn,0.958353
lung_atlas,missing_and_mixing_at_edge_50,scDREAMER,isolated_label_F1,0.84878
lung_atlas,missing_and_mixing_at_edge_50,scDREAMER,isolated_label_silhouette,0.676659
lung_atlas,missing_and_mixing_at_edge_50,scDREAMER,kBET,0.642517
lung_atlas,missing_and_mixing_at_edge_50,scDREAMER,lisi_b,0.213944
lung_atlas,missing_and_mixing_at_edge_50,scDREAMER,lisi_c,0.977851
lung_atlas,missing_and_mixing_at_edge_50,scDREAMER,lisi_f1,0.351077
lung_atlas,missing_and_mixing_at_edge_50,scDREAMER,pos_rate,0.834769
lung_atlas,missing_and_mixing_at_edge_50,scDREAMER,truepos_rate,0.297683
lung_atlas,missing_and_mixing_at_edge_50,scGEN,ARI_cluster/label,0.59886
lung_atlas,missing_and_mixing_at_edge_50,scGEN,ASW_label,0.579178
lung_atlas,missing_and_mixing_at_edge_50,scGEN,ASW_label/batch,0.842904
lung_atlas,missing_and_mixing_at_edge_50,scGEN,NMI_cluster/label,0.716016
lung_atlas,missing_and_mixing_at_edge_50,scGEN,graph_conn,0.894467
lung_atlas,missing_and_mixing_at_edge_50,scGEN,isolated_label_F1,0.482143
lung_atlas,missing_and_mixing_at_edge_50,scGEN,isolated_label_silhouette,0.457142
lung_atlas,missing_and_mixing_at_edge_50,scGEN,kBET,0.523883
lung_atlas,missing_and_mixing_at_edge_50,scGEN,lisi_b,0.165628
lung_atlas,missing_and_mixing_at_edge_50,scGEN,lisi_c,0.976912
lung_atlas,missing_and_mixing_at_edge_50,scGEN,lisi_f1,0.283235
lung_atlas,missing_and_mixing_at_edge_50,scGEN,pos_rate,0.813474
lung_atlas,missing_and_mixing_at_edge_50,scGEN,truepos_rate,0.112934
lung_atlas,missing_and_mixing_at_edge_70,ItClust,ARI_cluster/label,0.563931
lung_atlas,missing_and_mixing_at_edge_70,ItClust,ASW_label,0.734883
lung_atlas,missing_and_mixing_at_edge_70,ItClust,ASW_label/batch,0.476739
lung_atlas,missing_and_mixing_at_edge_70,ItClust,NMI_cluster/label,0.694433
lung_atlas,missing_and_mixing_at_edge_70,ItClust,graph_conn,0.788496
lung_atlas,missing_and_mixing_at_edge_70,ItClust,isolated_label_F1,0.192022
lung_atlas,missing_and_mixing_at_edge_70,ItClust,isolated_label_silhouette,0.234874
lung_atlas,missing_and_mixing_at_edge_70,ItClust,kBET,0.741591
lung_atlas,missing_and_mixing_at_edge_70,ItClust,lisi_b,0.219371
lung_atlas,missing_and_mixing_at_edge_70,ItClust,lisi_c,0.97018
lung_atlas,missing_and_mixing_at_edge_70,ItClust,lisi_f1,0.357832
lung_atlas,missing_and_mixing_at_edge_70,ItClust,pos_rate,0.777789
lung_atlas,missing_and_mixing_at_edge_70,ItClust,truepos_rate,0.278575
lung_atlas,missing_and_mixing_at_edge_70,STACAS,ARI_cluster/label,0.636011
lung_atlas,missing_and_mixing_at_edge_70,STACAS,ASW_label,0.589991
lung_atlas,missing_and_mixing_at_edge_70,STACAS,ASW_label/batch,0.837949
lung_atlas,missing_and_mixing_at_edge_70,STACAS,NMI_cluster/label,0.762453
lung_atlas,missing_and_mixing_at_edge_70,STACAS,graph_conn,0.961825
lung_atlas,missing_and_mixing_at_edge_70,STACAS,isolated_label_F1,0.78174
lung_atlas,missing_and_mixing_at_edge_70,STACAS,isolated_label_silhouette,0.606104
lung_atlas,missing_and_mixing_at_edge_70,STACAS,kBET,0.46705
lung_atlas,missing_and_mixing_at_edge_70,STACAS,lisi_b,0.167049
lung_atlas,missing_and_mixing_at_edge_70,STACAS,lisi_c,0.977473
lung_atlas,missing_and_mixing_at_edge_70,STACAS,lisi_f1,0.285335
lung_atlas,missing_and_mixing_at_edge_70,STACAS,pos_rate,0.834461
lung_atlas,missing_and_mixing_at_edge_70,STACAS,truepos_rate,0.0806672
lung_atlas,missing_and_mixing_at_edge_70,scANVI,ARI_cluster/label,0.582111
lung_atlas,missing_and_mixing_at_edge_70,scANVI,ASW_label,0.623304
lung_atlas,missing_and_mixing_at_edge_70,scANVI,ASW_label/batch,0.875972
lung_atlas,missing_and_mixing_at_edge_70,scANVI,NMI_cluster/label,0.771747
lung_atlas,missing_and_mixing_at_edge_70,scANVI,graph_conn,0.974195
lung_atlas,missing_and_mixing_at_edge_70,scANVI,isolated_label_F1,0.8448
lung_atlas,missing_and_mixing_at_edge_70,scANVI,isolated_label_silhouette,0.650239
lung_atlas,missing_and_mixing_at_edge_70,scANVI,kBET,0.435398
lung_atlas,missing_and_mixing_at_edge_70,scANVI,lisi_b,0.149357
lung_atlas,missing_and_mixing_at_edge_70,scANVI,lisi_c,0.978687
lung_atlas,missing_and_mixing_at_edge_70,scANVI,lisi_f1,0.259164
lung_atlas,missing_and_mixing_at_edge_70,scANVI,pos_rate,0.835965
lung_atlas,missing_and_mixing_at_edge_70,scANVI,truepos_rate,0.0830941
lung_atlas,missing_and_mixing_at_edge_70,scDREAMER,ARI_cluster/label,0.645907
lung_atlas,missing_and_mixing_at_edge_70,scDREAMER,ASW_label,0.600115
lung_atlas,missing_and_mixing_at_edge_70,scDREAMER,ASW_label/batch,0.863202
lung_atlas,missing_and_mixing_at_edge_70,scDREAMER,NMI_cluster/label,0.740079
lung_atlas,missing_and_mixing_at_edge_70,scDREAMER,graph_conn,0.959309
lung_atlas,missing_and_mixing_at_edge_70,scDREAMER,isolated_label_F1,0.824675
lung_atlas,missing_and_mixing_at_edge_70,scDREAMER,isolated_label_silhouette,0.658139
lung_atlas,missing_and_mixing_at_edge_70,scDREAMER,kBET,0.641406
lung_atlas,missing_and_mixing_at_edge_70,scDREAMER,lisi_b,0.211092
lung_atlas,missing_and_mixing_at_edge_70,scDREAMER,lisi_c,0.972312
lung_atlas,missing_and_mixing_at_edge_70,scDREAMER,lisi_f1,0.346876
lung_atlas,missing_and_mixing_at_edge_70,scDREAMER,pos_rate,0.784181
lung_atlas,missing_and_mixing_at_edge_70,scDREAMER,truepos_rate,0.273482
lung_atlas,missing_and_mixing_at_edge_70,scGEN,ARI_cluster/label,0.637036
lung_atlas,missing_and_mixing_at_edge_70,scGEN,ASW_label,0.578688
lung_atlas,missing_and_mixing_at_edge_70,scGEN,ASW_label/batch,0.846314
lung_atlas,missing_and_mixing_at_edge_70,scGEN,NMI_cluster/label,0.70893
lung_atlas,missing_and_mixing_at_edge_70,scGEN,graph_conn,0.899324
lung_atlas,missing_and_mixing_at_edge_70,scGEN,isolated_label_F1,0.474187
lung_atlas,missing_and_mixing_at_edge_70,scGEN,isolated_label_silhouette,0.454917
lung_atlas,missing_and_mixing_at_edge_70,scGEN,kBET,0.51448
lung_atlas,missing_and_mixing_at_edge_70,scGEN,lisi_b,0.165582
lung_atlas,missing_and_mixing_at_edge_70,scGEN,lisi_c,0.976262
lung_atlas,missing_and_mixing_at_edge_70,scGEN,lisi_f1,0.283141
lung_atlas,missing_and_mixing_at_edge_70,scGEN,pos_rate,0.806843
lung_atlas,missing_and_mixing_at_edge_70,scGEN,truepos_rate,0.097997
lung_atlas,mixing_at_edge_30,ItClust,ARI_cluster/label,0.697934
lung_atlas,mixing_at_edge_30,ItClust,ASW_label,0.766062
lung_atlas,mixing_at_edge_30,ItClust,ASW_label/batch,0.494011
lung_atlas,mixing_at_edge_30,ItClust,NMI_cluster/label,0.759931
lung_atlas,mixing_at_edge_30,ItClust,graph_conn,0.819621
lung_atlas,mixing_at_edge_30,ItClust,isolated_label_F1,0.590308
lung_atlas,mixing_at_edge_30,ItClust,isolated_label_silhouette,0.371213
lung_atlas,mixing_at_edge_30,ItClust,kBET,0.75685
lung_atlas,mixing_at_edge_30,ItClust,lisi_b,0.234896
lung_atlas,mixing_at_edge_30,ItClust,lisi_c,0.977377
lung_atlas,mixing_at_edge_30,ItClust,lisi_f1,0.378762
lung_atlas,mixing_at_edge_30,ItClust,pos_rate,0.817268
lung_atlas,mixing_at_edge_30,ItClust,truepos_rate,0.369599
lung_atlas,mixing_at_edge_30,STACAS,ARI_cluster/label,0.672562
lung_atlas,mixing_at_edge_30,STACAS,ASW_label,0.597939
lung_atlas,mixing_at_edge_30,STACAS,ASW_label/batch,0.843112
lung_atlas,mixing_at_edge_30,STACAS,NMI_cluster/label,0.770879
lung_atlas,mixing_at_edge_30,STACAS,graph_conn,0.970089
lung_atlas,mixing_at_edge_30,STACAS,isolated_label_F1,0.840979
lung_atlas,mixing_at_edge_30,STACAS,isolated_label_silhouette,0.626805
lung_atlas,mixing_at_edge_30,STACAS,kBET,0.482297
lung_atlas,mixing_at_edge_30,STACAS,lisi_b,0.167618
lung_atlas,mixing_at_edge_30,STACAS,lisi_c,0.978817
lung_atlas,mixing_at_edge_30,STACAS,lisi_f1,0.286222
lung_atlas,mixing_at_edge_30,STACAS,pos_rate,0.843759
lung_atlas,mixing_at_edge_30,STACAS,truepos_rate,0.081009
lung_atlas,mixing_at_edge_30,scANVI,ARI_cluster/label,0.784975
lung_atlas,mixing_at_edge_30,scANVI,ASW_label,0.65292
lung_atlas,mixing_at_edge_30,scANVI,ASW_label/batch,0.873404
lung_atlas,mixing_at_edge_30,scANVI,NMI_cluster/label,0.871884
lung_atlas,mixing_at_edge_30,scANVI,graph_conn,0.997039
lung_atlas,mixing_at_edge_30,scANVI,isolated_label_F1,0.973244
lung_atlas,mixing_at_edge_30,scANVI,isolated_label_silhouette,0.784999
lung_atlas,mixing_at_edge_30,scANVI,kBET,0.450079
lung_atlas,mixing_at_edge_30,scANVI,lisi_b,0.154153
lung_atlas,mixing_at_edge_30,scANVI,lisi_c,0.981165
lung_atlas,mixing_at_edge_30,scANVI,lisi_f1,0.266444
lung_atlas,mixing_at_edge_30,scANVI,pos_rate,0.849159
lung_atlas,mixing_at_edge_30,scANVI,truepos_rate,0.0988857
lung_atlas,mixing_at_edge_30,scDREAMER,ARI_cluster/label,0.694392
lung_atlas,mixing_at_edge_30,scDREAMER,ASW_label,0.611472
lung_atlas,mixing_at_edge_30,scDREAMER,ASW_label/batch,0.858238
lung_atlas,mixing_at_edge_30,scDREAMER,NMI_cluster/label,0.773788
lung_atlas,mixing_at_edge_30,scDREAMER,graph_conn,0.957119
lung_atlas,mixing_at_edge_30,scDREAMER,isolated_label_F1,0.830769
lung_atlas,mixing_at_edge_30,scDREAMER,isolated_label_silhouette,0.682456
lung_atlas,mixing_at_edge_30,scDREAMER,kBET,0.659307
lung_atlas,mixing_at_edge_30,scDREAMER,lisi_b,0.212962
lung_atlas,mixing_at_edge_30,scDREAMER,lisi_c,0.976453
lung_atlas,mixing_at_edge_30,scDREAMER,lisi_f1,0.349663
lung_atlas,mixing_at_edge_30,scDREAMER,pos_rate,0.817234
lung_atlas,mixing_at_edge_30,scDREAMER,truepos_rate,0.30845
lung_atlas,mixing_at_edge_30,scGEN,ARI_cluster/label,0.900051
lung_atlas,mixing_at_edge_30,scGEN,ASW_label,0.617306
lung_atlas,mixing_at_edge_30,scGEN,ASW_label/batch,0.797663
lung_atlas,mixing_at_edge_30,scGEN,NMI_cluster/label,0.939329
lung_atlas,mixing_at_edge_30,scGEN,graph_conn,0.995846
lung_atlas,mixing_at_edge_30,scGEN,isolated_label_F1,0.998314
lung_atlas,mixing_at_edge_30,scGEN,isolated_label_silhouette,0.666358
lung_atlas,mixing_at_edge_30,scGEN,kBET,0.530864
lung_atlas,mixing_at_edge_30,scGEN,lisi_b,0.167105
lung_atlas,mixing_at_edge_30,scGEN,lisi_c,0.981091
lung_atlas,mixing_at_edge_30,scGEN,lisi_f1,0.28557
lung_atlas,mixing_at_edge_30,scGEN,pos_rate,0.840648
lung_atlas,mixing_at_edge_30,scGEN,truepos_rate,0.111669
lung_atlas,mixing_at_edge_50,ItClust,ARI_cluster/label,0.729339
lung_atlas,mixing_at_edge_50,ItClust,ASW_label,0.789419
lung_atlas,mixing_at_edge_50,ItClust,ASW_label/batch,0.487244
lung_atlas,mixing_at_edge_50,ItClust,NMI_cluster/label,0.784301
lung_atlas,mixing_at_edge_50,ItClust,graph_conn,0.868669
lung_atlas,mixing_at_edge_50,ItClust,isolated_label_F1,0.731006
lung_atlas,mixing_at_edge_50,ItClust,isolated_label_silhouette,0.482776
lung_atlas,mixing_at_edge_50,ItClust,kBET,0.713784
lung_atlas,mixing_at_edge_50,ItClust,lisi_b,0.215796
lung_atlas,mixing_at_edge_50,ItClust,lisi_c,0.980613
lung_atlas,mixing_at_edge_50,ItClust,lisi_f1,0.353746
lung_atlas,mixing_at_edge_50,ItClust,pos_rate,0.848031
lung_atlas,mixing_at_edge_50,ItClust,truepos_rate,0.329163
lung_atlas,mixing_at_edge_50,STACAS,ARI_cluster/label,0.659559
lung_atlas,mixing_at_edge_50,STACAS,ASW_label,0.594292
lung_atlas,mixing_at_edge_50,STACAS,ASW_label/batch,0.841148
lung_atlas,mixing_at_edge_50,STACAS,NMI_cluster/label,0.75548
lung_atlas,mixing_at_edge_50,STACAS,graph_conn,0.962109
lung_atlas,mixing_at_edge_50,STACAS,isolated_label_F1,0.689139
lung_atlas,mixing_at_edge_50,STACAS,isolated_label_silhouette,0.60914
lung_atlas,mixing_at_edge_50,STACAS,kBET,0.468422
lung_atlas,mixing_at_edge_50,STACAS,lisi_b,0.167727
lung_atlas,mixing_at_edge_50,STACAS,lisi_c,0.978723
lung_atlas,mixing_at_edge_50,STACAS,lisi_f1,0.286377
lung_atlas,mixing_at_edge_50,STACAS,pos_rate,0.843417
lung_atlas,mixing_at_edge_50,STACAS,truepos_rate,0.0775226
lung_atlas,mixing_at_edge_50,scANVI,ARI_cluster/label,0.668414
lung_atlas,mixing_at_edge_50,scANVI,ASW_label,0.625465
lung_atlas,mixing_at_edge_50,scANVI,ASW_label/batch,0.868301
lung_atlas,mixing_at_edge_50,scANVI,NMI_cluster/label,0.79428
lung_atlas,mixing_at_edge_50,scANVI,graph_conn,0.970353
lung_atlas,mixing_at_edge_50,scANVI,isolated_label_F1,0.855219
lung_atlas,mixing_at_edge_50,scANVI,isolated_label_silhouette,0.730772
lung_atlas,mixing_at_edge_50,scANVI,kBET,0.435178
lung_atlas,mixing_at_edge_50,scANVI,lisi_b,0.153927
lung_atlas,mixing_at_edge_50,scANVI,lisi_c,0.98392
lung_atlas,mixing_at_edge_50,scANVI,lisi_f1,0.266208
lung_atlas,mixing_at_edge_50,scANVI,pos_rate,0.874795
lung_atlas,mixing_at_edge_50,scANVI,truepos_rate,0.0996035
lung_atlas,mixing_at_edge_50,scDREAMER,ARI_cluster/label,0.765734
lung_atlas,mixing_at_edge_50,scDREAMER,ASW_label,0.61971
lung_atlas,mixing_at_edge_50,scDREAMER,ASW_label/batch,0.859983
lung_atlas,mixing_at_edge_50,scDREAMER,NMI_cluster/label,0.804397
lung_atlas,mixing_at_edge_50,scDREAMER,graph_conn,0.955868
lung_atlas,mixing_at_edge_50,scDREAMER,isolated_label_F1,0.8646
lung_atlas,mixing_at_edge_50,scDREAMER,isolated_label_silhouette,0.687002
lung_atlas,mixing_at_edge_50,scDREAMER,kBET,0.662583
lung_atlas,mixing_at_edge_50,scDREAMER,lisi_b,0.214146
lung_atlas,mixing_at_edge_50,scDREAMER,lisi_c,0.980634
lung_atlas,mixing_at_edge_50,scDREAMER,lisi_f1,0.351527
lung_atlas,mixing_at_edge_50,scDREAMER,pos_rate,0.860371
lung_atlas,mixing_at_edge_50,scDREAMER,truepos_rate,0.328992
lung_atlas,mixing_at_edge_50,scGEN,ARI_cluster/label,0.764234
lung_atlas,mixing_at_edge_50,scGEN,ASW_label,0.598644
lung_atlas,mixing_at_edge_50,scGEN,ASW_label/batch,0.827529
lung_atlas,mixing_at_edge_50,scGEN,NMI_cluster/label,0.795009
lung_atlas,mixing_at_edge_50,scGEN,graph_conn,0.934719
lung_atlas,mixing_at_edge_50,scGEN,isolated_label_F1,0.601002
lung_atlas,mixing_at_edge_50,scGEN,isolated_label_silhouette,0.508027
lung_atlas,mixing_at_edge_50,scGEN,kBET,0.556591
lung_atlas,mixing_at_edge_50,scGEN,lisi_b,0.169139
lung_atlas,mixing_at_edge_50,scGEN,lisi_c,0.986839
lung_atlas,mixing_at_edge_50,scGEN,lisi_f1,0.288783
lung_atlas,mixing_at_edge_50,scGEN,pos_rate,0.872949
lung_atlas,mixing_at_edge_50,scGEN,truepos_rate,0.128042
lung_atlas,mixing_at_edge_70,ItClust,ARI_cluster/label,0.767903
lung_atlas,mixing_at_edge_70,ItClust,ASW_label,0.818248
lung_atlas,mixing_at_edge_70,ItClust,ASW_label/batch,0.505308
lung_atlas,mixing_at_edge_70,ItClust,NMI_cluster/label,0.820326
lung_atlas,mixing_at_edge_70,ItClust,graph_conn,0.920028
lung_atlas,mixing_at_edge_70,ItClust,isolated_label_F1,0.885246
lung_atlas,mixing_at_edge_70,ItClust,isolated_label_silhouette,0.743004
lung_atlas,mixing_at_edge_70,ItClust,kBET,0.7214
lung_atlas,mixing_at_edge_70,ItClust,lisi_b,0.220162
lung_atlas,mixing_at_edge_70,ItClust,lisi_c,0.984988
lung_atlas,mixing_at_edge_70,ItClust,lisi_f1,0.359883
lung_atlas,mixing_at_edge_70,ItClust,pos_rate,0.880127
lung_atlas,mixing_at_edge_70,ItClust,truepos_rate,0.376367
lung_atlas,mixing_at_edge_70,STACAS,ARI_cluster/label,0.685816
lung_atlas,mixing_at_edge_70,STACAS,ASW_label,0.596551
lung_atlas,mixing_at_edge_70,STACAS,ASW_label/batch,0.837812
lung_atlas,mixing_at_edge_70,STACAS,NMI_cluster/label,0.769181
lung_atlas,mixing_at_edge_70,STACAS,graph_conn,0.962158
lung_atlas,mixing_at_edge_70,STACAS,isolated_label_F1,0.834951
lung_atlas,mixing_at_edge_70,STACAS,isolated_label_silhouette,0.607338
lung_atlas,mixing_at_edge_70,STACAS,kBET,0.464106
lung_atlas,mixing_at_edge_70,STACAS,lisi_b,0.167623
lung_atlas,mixing_at_edge_70,STACAS,lisi_c,0.979166
lung_atlas,mixing_at_edge_70,STACAS,lisi_f1,0.286244
lung_atlas,mixing_at_edge_70,STACAS,pos_rate,0.848681
lung_atlas,mixing_at_edge_70,STACAS,truepos_rate,0.0807698
lung_atlas,mixing_at_edge_70,scANVI,ARI_cluster/label,0.674711
lung_atlas,mixing_at_edge_70,scANVI,ASW_label,0.639374
lung_atlas,mixing_at_edge_70,scANVI,ASW_label/batch,0.872093
lung_atlas,mixing_at_edge_70,scANVI,NMI_cluster/label,0.795027
lung_atlas,mixing_at_edge_70,scANVI,graph_conn,0.978867
lung_atlas,mixing_at_edge_70,scANVI,isolated_label_F1,0.918367
lung_atlas,mixing_at_edge_70,scANVI,isolated_label_silhouette,0.761234
lung_atlas,mixing_at_edge_70,scANVI,kBET,0.431021
lung_atlas,mixing_at_edge_70,scANVI,lisi_b,0.150816
lung_atlas,mixing_at_edge_70,scANVI,lisi_c,0.989558
lung_atlas,mixing_at_edge_70,scANVI,lisi_f1,0.261741
lung_atlas,mixing_at_edge_70,scANVI,pos_rate,0.91735
lung_atlas,mixing_at_edge_70,scANVI,truepos_rate,0.115122
lung_atlas,mixing_at_edge_70,scDREAMER,ARI_cluster/label,0.8324
lung_atlas,mixing_at_edge_70,scDREAMER,ASW_label,0.633651
lung_atlas,mixing_at_edge_70,scDREAMER,ASW_label/batch,0.862013
lung_atlas,mixing_at_edge_70,scDREAMER,NMI_cluster/label,0.844506
lung_atlas,mixing_at_edge_70,scDREAMER,graph_conn,0.959316
lung_atlas,mixing_at_edge_70,scDREAMER,isolated_label_F1,0.872154
lung_atlas,mixing_at_edge_70,scDREAMER,isolated_label_silhouette,0.701895
lung_atlas,mixing_at_edge_70,scDREAMER,kBET,0.672158
lung_atlas,mixing_at_edge_70,scDREAMER,lisi_b,0.213916
lung_atlas,mixing_at_edge_70,scDREAMER,lisi_c,0.987763
lung_atlas,mixing_at_edge_70,scDREAMER,lisi_f1,0.351671
lung_atlas,mixing_at_edge_70,scDREAMER,pos_rate,0.91465
lung_atlas,mixing_at_edge_70,scDREAMER,truepos_rate,0.368882
lung_atlas,mixing_at_edge_70,scGEN,ARI_cluster/label,0.838151
lung_atlas,mixing_at_edge_70,scGEN,ASW_label,0.608014
lung_atlas,mixing_at_edge_70,scGEN,ASW_label/batch,0.823442
lung_atlas,mixing_at_edge_70,scGEN,NMI_cluster/label,0.845609
lung_atlas,mixing_at_edge_70,scGEN,graph_conn,0.920753
lung_atlas,mixing_at_edge_70,scGEN,isolated_label_F1,0.884404
lung_atlas,mixing_at_edge_70,scGEN,isolated_label_silhouette,0.589889
lung_atlas,mixing_at_edge_70,scGEN,kBET,0.550841
lung_atlas,mixing_at_edge_70,scGEN,lisi_b,0.171793
lung_atlas,mixing_at_edge_70,scGEN,lisi_c,0.992571
lung_atlas,mixing_at_edge_70,scGEN,lisi_f1,0.292893
lung_atlas,mixing_at_edge_70,scGEN,pos_rate,0.914513
lung_atlas,mixing_at_edge_70,scGEN,truepos_rate,0.143458
lung_atlas,partially_annotated_batches_30,ItClust,ARI_cluster/label,0.345784
lung_atlas,partially_annotated_batches_30,ItClust,ASW_label,0.602073
lung_atlas,partially_annotated_batches_30,ItClust,ASW_label/batch,0.660066
lung_atlas,partially_annotated_batches_30,ItClust,NMI_cluster/label,0.677567
lung_atlas,partially_annotated_batches_30,ItClust,graph_conn,0.791558
lung_atlas,partially_annotated_batches_30,ItClust,isolated_label_F1,0.875325
lung_atlas,partially_annotated_batches_30,ItClust,isolated_label_silhouette,0.720931
lung_atlas,partially_annotated_batches_30,ItClust,kBET,0.426591
lung_atlas,partially_annotated_batches_30,ItClust,lisi_b,0.115187
lung_atlas,partially_annotated_batches_30,ItClust,lisi_c,0.961745
lung_atlas,partially_annotated_batches_30,ItClust,lisi_f1,0.205734
lung_atlas,partially_annotated_batches_30,ItClust,pos_rate,0.753076
lung_atlas,partially_annotated_batches_30,ItClust,truepos_rate,0.0566038
lung_atlas,partially_annotated_batches_30,STACAS,ARI_cluster/label,0.6112
lung_atlas,partially_annotated_batches_30,STACAS,ASW_label,0.592462
lung_atlas,partially_annotated_batches_30,STACAS,ASW_label/batch,0.852401
lung_atlas,partially_annotated_batches_30,STACAS,NMI_cluster/label,0.754086
lung_atlas,partially_annotated_batches_30,STACAS,graph_conn,0.969075
lung_atlas,partially_annotated_batches_30,STACAS,isolated_label_F1,0.844291
lung_atlas,partially_annotated_batches_30,STACAS,isolated_label_silhouette,0.617723
lung_atlas,partially_annotated_batches_30,STACAS,kBET,0.459908
lung_atlas,partially_annotated_batches_30,STACAS,lisi_b,0.155925
lung_atlas,partially_annotated_batches_30,STACAS,lisi_c,0.9805
lung_atlas,partially_annotated_batches_30,STACAS,lisi_f1,0.269062
lung_atlas,partially_annotated_batches_30,STACAS,pos_rate,0.85873
lung_atlas,partially_annotated_batches_30,STACAS,truepos_rate,0.0793683
lung_atlas,partially_annotated_batches_30,scANVI,ARI_cluster/label,0.722368
lung_atlas,partially_annotated_batches_30,scANVI,ASW_label,0.656926
lung_atlas,partially_annotated_batches_30,scANVI,ASW_label/batch,0.878524
lung_atlas,partially_annotated_batches_30,scANVI,NMI_cluster/label,0.855034
lung_atlas,partially_annotated_batches_30,scANVI,graph_conn,0.99346
lung_atlas,partially_annotated_batches_30,scANVI,isolated_label_F1,0.963816
lung_atlas,partially_annotated_batches_30,scANVI,isolated_label_silhouette,0.761102
lung_atlas,partially_annotated_batches_30,scANVI,kBET,0.400961
lung_atlas,partially_annotated_batches_30,scANVI,lisi_b,0.140326
lung_atlas,partially_annotated_batches_30,scANVI,lisi_c,0.99275
lung_atlas,partially_annotated_batches_30,scANVI,lisi_f1,0.245894
lung_atlas,partially_annotated_batches_30,scANVI,pos_rate,0.944114
lung_atlas,partially_annotated_batches_30,scANVI,truepos_rate,0.094408
lung_atlas,partially_annotated_batches_30,scDREAMER,ARI_cluster/label,0.612527
lung_atlas,partially_annotated_batches_30,scDREAMER,ASW_label,0.544167
lung_atlas,partially_annotated_batches_30,scDREAMER,ASW_label/batch,0.898316
lung_atlas,partially_annotated_batches_30,scDREAMER,NMI_cluster/label,0.808849
lung_atlas,partially_annotated_batches_30,scDREAMER,graph_conn,0.933069
lung_atlas,partially_annotated_batches_30,scDREAMER,isolated_label_F1,0.875491
lung_atlas,partially_annotated_batches_30,scDREAMER,isolated_label_silhouette,0.567318
lung_atlas,partially_annotated_batches_30,scDREAMER,kBET,0.380244
lung_atlas,partially_annotated_batches_30,scDREAMER,lisi_b,0.134465
lung_atlas,partially_annotated_batches_30,scDREAMER,lisi_c,0.984187
lung_atlas,partially_annotated_batches_30,scDREAMER,lisi_f1,0.236604
lung_atlas,partially_annotated_batches_30,scDREAMER,pos_rate,0.888672
lung_atlas,partially_annotated_batches_30,scDREAMER,truepos_rate,0.096869
lung_atlas,partially_annotated_batches_30,scGEN,ARI_cluster/label,0.624754
lung_atlas,partially_annotated_batches_30,scGEN,ASW_label,0.584856
lung_atlas,partially_annotated_batches_30,scGEN,ASW_label/batch,0.814558
lung_atlas,partially_annotated_batches_30,scGEN,NMI_cluster/label,0.812626
lung_atlas,partially_annotated_batches_30,scGEN,graph_conn,0.888283
lung_atlas,partially_annotated_batches_30,scGEN,isolated_label_F1,0.868571
lung_atlas,partially_annotated_batches_30,scGEN,isolated_label_silhouette,0.609441
lung_atlas,partially_annotated_batches_30,scGEN,kBET,0.308784
lung_atlas,partially_annotated_batches_30,scGEN,lisi_b,0.0956266
lung_atlas,partially_annotated_batches_30,scGEN,lisi_c,0.993749
lung_atlas,partially_annotated_batches_30,scGEN,lisi_f1,0.174465
lung_atlas,partially_annotated_batches_30,scGEN,pos_rate,0.967767
lung_atlas,partially_annotated_batches_30,scGEN,truepos_rate,0.0496992
lung_atlas,partially_annotated_batches_50,ItClust,ARI_cluster/label,0.207494
lung_atlas,partially_annotated_batches_50,ItClust,ASW_label,0.316021
lung_atlas,partially_annotated_batches_50,ItClust,ASW_label/batch,0.638923
lung_atlas,partially_annotated_batches_50,ItClust,NMI_cluster/label,0.482059
lung_atlas,partially_annotated_batches_50,ItClust,graph_conn,0.612657
lung_atlas,partially_annotated_batches_50,ItClust,isolated_label_F1,0.647528
lung_atlas,partially_annotated_batches_50,ItClust,isolated_label_silhouette,0.374562
lung_atlas,partially_annotated_batches_50,ItClust,kBET,0.367141
lung_atlas,partially_annotated_batches_50,ItClust,lisi_b,0.102099
lung_atlas,partially_annotated_batches_50,ItClust,lisi_c,0.925878
lung_atlas,partially_annotated_batches_50,ItClust,lisi_f1,0.183916
lung_atlas,partially_annotated_batches_50,ItClust,pos_rate,0.581932
lung_atlas,partially_annotated_batches_50,ItClust,truepos_rate,0.0380435
lung_atlas,partially_annotated_batches_50,STACAS,ARI_cluster/label,0.639913
lung_atlas,partially_annotated_batches_50,STACAS,ASW_label,0.581366
lung_atlas,partially_annotated_batches_50,STACAS,ASW_label/batch,0.83635
lung_atlas,partially_annotated_batches_50,STACAS,NMI_cluster/label,0.737278
lung_atlas,partially_annotated_batches_50,STACAS,graph_conn,0.955981
lung_atlas,partially_annotated_batches_50,STACAS,isolated_label_F1,0.815081
lung_atlas,partially_annotated_batches_50,STACAS,isolated_label_silhouette,0.598579
lung_atlas,partially_annotated_batches_50,STACAS,kBET,0.466145
lung_atlas,partially_annotated_batches_50,STACAS,lisi_b,0.154089
lung_atlas,partially_annotated_batches_50,STACAS,lisi_c,0.979974
lung_atlas,partially_annotated_batches_50,STACAS,lisi_f1,0.266305
lung_atlas,partially_annotated_batches_50,STACAS,pos_rate,0.859584
lung_atlas,partially_annotated_batches_50,STACAS,truepos_rate,0.0817268
lung_atlas,partially_annotated_batches_50,scANVI,ARI_cluster/label,0.681505
lung_atlas,partially_annotated_batches_50,scANVI,ASW_label,0.581851
lung_atlas,partially_annotated_batches_50,scANVI,ASW_label/batch,0.889009
lung_atlas,partially_annotated_batches_50,scANVI,NMI_cluster/label,0.78561
lung_atlas,partially_annotated_batches_50,scANVI,graph_conn,0.975931
lung_atlas,partially_annotated_batches_50,scANVI,isolated_label_F1,0.815567
lung_atlas,partially_annotated_batches_50,scANVI,isolated_label_silhouette,0.561062
lung_atlas,partially_annotated_batches_50,scANVI,kBET,0.407399
lung_atlas,partially_annotated_batches_50,scANVI,lisi_b,0.147721
lung_atlas,partially_annotated_batches_50,scANVI,lisi_c,0.988184
lung_atlas,partially_annotated_batches_50,scANVI,lisi_f1,0.25702
lung_atlas,partially_annotated_batches_50,scANVI,pos_rate,0.906276
lung_atlas,partially_annotated_batches_50,scANVI,truepos_rate,0.102133
lung_atlas,partially_annotated_batches_50,scDREAMER,ARI_cluster/label,0.388782
lung_atlas,partially_annotated_batches_50,scDREAMER,ASW_label,0.5145
lung_atlas,partially_annotated_batches_50,scDREAMER,ASW_label/batch,0.893876
lung_atlas,partially_annotated_batches_50,scDREAMER,NMI_cluster/label,0.660352
lung_atlas,partially_annotated_batches_50,scDREAMER,graph_conn,0.897965
lung_atlas,partially_annotated_batches_50,scDREAMER,isolated_label_F1,0.648649
lung_atlas,partially_annotated_batches_50,scDREAMER,isolated_label_silhouette,0.511743
lung_atlas,partially_annotated_batches_50,scDREAMER,kBET,0.36858
lung_atlas,partially_annotated_batches_50,scDREAMER,lisi_b,0.116016
lung_atlas,partially_annotated_batches_50,scDREAMER,lisi_c,0.965506
lung_atlas,partially_annotated_batches_50,scDREAMER,lisi_f1,0.207142
lung_atlas,partially_annotated_batches_50,scDREAMER,pos_rate,0.757417
lung_atlas,partially_annotated_batches_50,scDREAMER,truepos_rate,0.0686355
lung_atlas,partially_annotated_batches_50,scGEN,ARI_cluster/label,0.463458
lung_atlas,partially_annotated_batches_50,scGEN,ASW_label,0.553756
lung_atlas,partially_annotated_batches_50,scGEN,ASW_label/batch,0.881736
lung_atlas,partially_annotated_batches_50,scGEN,NMI_cluster/label,0.718556
lung_atlas,partially_annotated_batches_50,scGEN,graph_conn,0.954722
lung_atlas,partially_annotated_batches_50,scGEN,isolated_label_F1,0.890815
lung_atlas,partially_annotated_batches_50,scGEN,isolated_label_silhouette,0.582733
lung_atlas,partially_annotated_batches_50,scGEN,kBET,0.246689
lung_atlas,partially_annotated_batches_50,scGEN,lisi_b,0.0647088
lung_atlas,partially_annotated_batches_50,scGEN,lisi_c,0.989207
lung_atlas,partially_annotated_batches_50,scGEN,lisi_f1,0.121472
lung_atlas,partially_annotated_batches_50,scGEN,pos_rate,0.944353
lung_atlas,partially_annotated_batches_50,scGEN,truepos_rate,0.0422136
lung_atlas,partially_annotated_batches_70,ItClust,ARI_cluster/label,0.148803
lung_atlas,partially_annotated_batches_70,ItClust,ASW_label,0.124087
lung_atlas,partially_annotated_batches_70,ItClust,ASW_label/batch,0.568457
lung_atlas,partially_annotated_batches_70,ItClust,NMI_cluster/label,0.335299
lung_atlas,partially_annotated_batches_70,ItClust,graph_conn,0.47325
lung_atlas,partially_annotated_batches_70,ItClust,isolated_label_F1,0.0662691
lung_atlas,partially_annotated_batches_70,ItClust,isolated_label_silhouette,0.936195
lung_atlas,partially_annotated_batches_70,ItClust,kBET,0.415231
lung_atlas,partially_annotated_batches_70,ItClust,lisi_b,0.151559
lung_atlas,partially_annotated_batches_70,ItClust,lisi_c,0.888248
lung_atlas,partially_annotated_batches_70,ItClust,lisi_f1,0.258936
lung_atlas,partially_annotated_batches_70,ItClust,pos_rate,0.407745
lung_atlas,partially_annotated_batches_70,ItClust,truepos_rate,0.0331898
lung_atlas,partially_annotated_batches_70,STACAS,ARI_cluster/label,0.612664
lung_atlas,partially_annotated_batches_70,STACAS,ASW_label,0.580935
lung_atlas,partially_annotated_batches_70,STACAS,ASW_label/batch,0.853413
lung_atlas,partially_annotated_batches_70,STACAS,NMI_cluster/label,0.746466
lung_atlas,partially_annotated_batches_70,STACAS,graph_conn,0.959807
lung_atlas,partially_annotated_batches_70,STACAS,isolated_label_F1,0.825545
lung_atlas,partially_annotated_batches_70,STACAS,isolated_label_silhouette,0.596334
lung_atlas,partially_annotated_batches_70,STACAS,kBET,0.46645
lung_atlas,partially_annotated_batches_70,STACAS,lisi_b,0.164518
lung_atlas,partially_annotated_batches_70,STACAS,lisi_c,0.97735
lung_atlas,partially_annotated_batches_70,STACAS,lisi_f1,0.28163
lung_atlas,partially_annotated_batches_70,STACAS,pos_rate,0.836717
lung_atlas,partially_annotated_batches_70,STACAS,truepos_rate,0.0814534
lung_atlas,partially_annotated_batches_70,scANVI,ARI_cluster/label,0.685082
lung_atlas,partially_annotated_batches_70,scANVI,ASW_label,0.579852
lung_atlas,partially_annotated_batches_70,scANVI,ASW_label/batch,0.885761
lung_atlas,partially_annotated_batches_70,scANVI,NMI_cluster/label,0.784242
lung_atlas,partially_annotated_batches_70,scANVI,graph_conn,0.976831
lung_atlas,partially_annotated_batches_70,scANVI,isolated_label_F1,0.705416
lung_atlas,partially_annotated_batches_70,scANVI,isolated_label_silhouette,0.568666
lung_atlas,partially_annotated_batches_70,scANVI,kBET,0.455792
lung_atlas,partially_annotated_batches_70,scANVI,lisi_b,0.146662
lung_atlas,partially_annotated_batches_70,scANVI,lisi_c,0.982748
lung_atlas,partially_annotated_batches_70,scANVI,lisi_f1,0.255234
lung_atlas,partially_annotated_batches_70,scANVI,pos_rate,0.861328
lung_atlas,partially_annotated_batches_70,scANVI,truepos_rate,0.0820003
lung_atlas,partially_annotated_batches_70,scDREAMER,ARI_cluster/label,0.388022
lung_atlas,partially_annotated_batches_70,scDREAMER,ASW_label,0.507672
lung_atlas,partially_annotated_batches_70,scDREAMER,ASW_label/batch,0.907226
lung_atlas,partially_annotated_batches_70,scDREAMER,NMI_cluster/label,0.605913
lung_atlas,partially_annotated_batches_70,scDREAMER,graph_conn,0.895595
lung_atlas,partially_annotated_batches_70,scDREAMER,isolated_label_F1,0.299688
lung_atlas,partially_annotated_batches_70,scDREAMER,isolated_label_silhouette,0.58555
lung_atlas,partially_annotated_batches_70,scDREAMER,kBET,0.477055
lung_atlas,partially_annotated_batches_70,scDREAMER,lisi_b,0.13993
lung_atlas,partially_annotated_batches_70,scDREAMER,lisi_c,0.951566
lung_atlas,partially_annotated_batches_70,scDREAMER,lisi_f1,0.243981
lung_atlas,partially_annotated_batches_70,scDREAMER,pos_rate,0.648414
lung_atlas,partially_annotated_batches_70,scDREAMER,truepos_rate,0.0340785
lung_atlas,partially_annotated_batches_70,scGEN,ARI_cluster/label,0.499146
lung_atlas,partially_annotated_batches_70,scGEN,ASW_label,0.555535
lung_atlas,partially_annotated_batches_70,scGEN,ASW_label/batch,0.883324
lung_atlas,partially_annotated_batches_70,scGEN,NMI_cluster/label,0.714409
lung_atlas,partially_annotated_batches_70,scGEN,graph_conn,0.953738
lung_atlas,partially_annotated_batches_70,scGEN,isolated_label_F1,0.705144
lung_atlas,partially_annotated_batches_70,scGEN,isolated_label_silhouette,0.57786
lung_atlas,partially_annotated_batches_70,scGEN,kBET,0.244766
lung_atlas,partially_annotated_batches_70,scGEN,lisi_b,0.0489607
lung_atlas,partially_annotated_batches_70,scGEN,lisi_c,0.986863
lung_atlas,partially_annotated_batches_70,scGEN,lisi_f1,0.0932928
lung_atlas,partially_annotated_batches_70,scGEN,pos_rate,0.925485
lung_atlas,partially_annotated_batches_70,scGEN,truepos_rate,0.0282677
lung_atlas,randomly_missing_30,ItClust,ARI_cluster/label,0.468401
lung_atlas,randomly_missing_30,ItClust,ASW_label,0.644061
lung_atlas,randomly_missing_30,ItClust,ASW_label/batch,0.399139
lung_atlas,randomly_missing_30,ItClust,NMI_cluster/label,0.703112
lung_atlas,randomly_missing_30,ItClust,graph_conn,0.760457
lung_atlas,randomly_missing_30,ItClust,isolated_label_F1,0.837209
lung_atlas,randomly_missing_30,ItClust,isolated_label_silhouette,0.69935
lung_atlas,randomly_missing_30,ItClust,kBET,0.693549
lung_atlas,randomly_missing_30,ItClust,lisi_b,0.218913
lung_atlas,randomly_missing_30,ItClust,lisi_c,0.976343
lung_atlas,randomly_missing_30,ItClust,lisi_f1,0.357638
lung_atlas,randomly_missing_30,ItClust,pos_rate,0.8293
lung_atlas,randomly_missing_30,ItClust,truepos_rate,0.442884
lung_atlas,randomly_missing_30,STACAS,ARI_cluster/label,0.638811
lung_atlas,randomly_missing_30,STACAS,ASW_label,0.594809
lung_atlas,randomly_missing_30,STACAS,ASW_label/batch,0.848874
lung_atlas,randomly_missing_30,STACAS,NMI_cluster/label,0.750518
lung_atlas,randomly_missing_30,STACAS,graph_conn,0.970563
lung_atlas,randomly_missing_30,STACAS,isolated_label_F1,0.834621
lung_atlas,randomly_missing_30,STACAS,isolated_label_silhouette,0.621213
lung_atlas,randomly_missing_30,STACAS,kBET,0.476985
lung_atlas,randomly_missing_30,STACAS,lisi_b,0.161071
lung_atlas,randomly_missing_30,STACAS,lisi_c,0.980018
lung_atlas,randomly_missing_30,STACAS,lisi_f1,0.27667
lung_atlas,randomly_missing_30,STACAS,pos_rate,0.856235
lung_atlas,randomly_missing_30,STACAS,truepos_rate,0.0855551
lung_atlas,randomly_missing_30,scANVI,ARI_cluster/label,0.830096
lung_atlas,randomly_missing_30,scANVI,ASW_label,0.646646
lung_atlas,randomly_missing_30,scANVI,ASW_label/batch,0.873499
lung_atlas,randomly_missing_30,scANVI,NMI_cluster/label,0.875815
lung_atlas,randomly_missing_30,scANVI,graph_conn,0.991
lung_atlas,randomly_missing_30,scANVI,isolated_label_F1,0.96828
lung_atlas,randomly_missing_30,scANVI,isolated_label_silhouette,0.770398
lung_atlas,randomly_missing_30,scANVI,kBET,0.409209
lung_atlas,randomly_missing_30,scANVI,lisi_b,0.142633
lung_atlas,randomly_missing_30,scANVI,lisi_c,0.995154
lung_atlas,randomly_missing_30,scANVI,lisi_f1,0.249505
lung_atlas,randomly_missing_30,scANVI,pos_rate,0.959974
lung_atlas,randomly_missing_30,scANVI,truepos_rate,0.0952283
lung_atlas,randomly_missing_30,scDREAMER,ARI_cluster/label,0.880196
lung_atlas,randomly_missing_30,scDREAMER,ASW_label,0.605186
lung_atlas,randomly_missing_30,scDREAMER,ASW_label/batch,0.889359
lung_atlas,randomly_missing_30,scDREAMER,NMI_cluster/label,0.865573
lung_atlas,randomly_missing_30,scDREAMER,graph_conn,0.971337
lung_atlas,randomly_missing_30,scDREAMER,isolated_label_F1,0.95
lung_atlas,randomly_missing_30,scDREAMER,isolated_label_silhouette,0.593495
lung_atlas,randomly_missing_30,scDREAMER,kBET,0.802437
lung_atlas,randomly_missing_30,scDREAMER,lisi_b,0.238021
lung_atlas,randomly_missing_30,scDREAMER,lisi_c,0.989621
lung_atlas,randomly_missing_30,scDREAMER,lisi_f1,0.383745
lung_atlas,randomly_missing_30,scDREAMER,pos_rate,0.937312
lung_atlas,randomly_missing_30,scDREAMER,truepos_rate,0.579129
lung_atlas,randomly_missing_30,scGEN,ARI_cluster/label,0.785075
lung_atlas,randomly_missing_30,scGEN,ASW_label,0.585793
lung_atlas,randomly_missing_30,scGEN,ASW_label/batch,0.799628
lung_atlas,randomly_missing_30,scGEN,NMI_cluster/label,0.828569
lung_atlas,randomly_missing_30,scGEN,graph_conn,0.955896
lung_atlas,randomly_missing_30,scGEN,isolated_label_F1,0.830709
lung_atlas,randomly_missing_30,scGEN,isolated_label_silhouette,0.599801
lung_atlas,randomly_missing_30,scGEN,kBET,0.457895
lung_atlas,randomly_missing_30,scGEN,lisi_b,0.159409
lung_atlas,randomly_missing_30,scGEN,lisi_c,0.991748
lung_atlas,randomly_missing_30,scGEN,lisi_f1,0.274669
lung_atlas,randomly_missing_30,scGEN,pos_rate,0.949446
lung_atlas,randomly_missing_30,scGEN,truepos_rate,0.158258
lung_atlas,randomly_missing_50,ItClust,ARI_cluster/label,0.399222
lung_atlas,randomly_missing_50,ItClust,ASW_label,0.530688
lung_atlas,randomly_missing_50,ItClust,ASW_label/batch,0.447426
lung_atlas,randomly_missing_50,ItClust,NMI_cluster/label,0.618216
lung_atlas,randomly_missing_50,ItClust,graph_conn,0.574648
lung_atlas,randomly_missing_50,ItClust,isolated_label_F1,0.656101
lung_atlas,randomly_missing_50,ItClust,isolated_label_silhouette,0.497012
lung_atlas,randomly_missing_50,ItClust,kBET,0.692964
lung_atlas,randomly_missing_50,ItClust,lisi_b,0.219893
lung_atlas,randomly_missing_50,ItClust,lisi_c,0.97165
lung_atlas,randomly_missing_50,ItClust,lisi_f1,0.358626
lung_atlas,randomly_missing_50,ItClust,pos_rate,0.804655
lung_atlas,randomly_missing_50,ItClust,truepos_rate,0.419743
lung_atlas,randomly_missing_50,STACAS,ARI_cluster/label,0.597219
lung_atlas,randomly_missing_50,STACAS,ASW_label,0.584224
lung_atlas,randomly_missing_50,STACAS,ASW_label/batch,0.84785
lung_atlas,randomly_missing_50,STACAS,NMI_cluster/label,0.751288
lung_atlas,randomly_missing_50,STACAS,graph_conn,0.957764
lung_atlas,randomly_missing_50,STACAS,isolated_label_F1,0.680905
lung_atlas,randomly_missing_50,STACAS,isolated_label_silhouette,0.592323
lung_atlas,randomly_missing_50,STACAS,kBET,0.468172
lung_atlas,randomly_missing_50,STACAS,lisi_b,0.16036
lung_atlas,randomly_missing_50,STACAS,lisi_c,0.978762
lung_atlas,randomly_missing_50,STACAS,lisi_f1,0.27557
lung_atlas,randomly_missing_50,STACAS,pos_rate,0.846083
lung_atlas,randomly_missing_50,STACAS,truepos_rate,0.078548
lung_atlas,randomly_missing_50,scANVI,ARI_cluster/label,0.801957
lung_atlas,randomly_missing_50,scANVI,ASW_label,0.645392
lung_atlas,randomly_missing_50,scANVI,ASW_label/batch,0.8686
lung_atlas,randomly_missing_50,scANVI,NMI_cluster/label,0.851826
lung_atlas,randomly_missing_50,scANVI,graph_conn,0.990808
lung_atlas,randomly_missing_50,scANVI,isolated_label_F1,0.903752
lung_atlas,randomly_missing_50,scANVI,isolated_label_silhouette,0.715138
lung_atlas,randomly_missing_50,scANVI,kBET,0.426702
lung_atlas,randomly_missing_50,scANVI,lisi_b,0.144571
lung_atlas,randomly_missing_50,scANVI,lisi_c,0.994551
lung_atlas,randomly_missing_50,scANVI,lisi_f1,0.252446
lung_atlas,randomly_missing_50,scANVI,pos_rate,0.958197
lung_atlas,randomly_missing_50,scANVI,truepos_rate,0.102475
lung_atlas,randomly_missing_50,scDREAMER,ARI_cluster/label,0.767972
lung_atlas,randomly_missing_50,scDREAMER,ASW_label,0.588045
lung_atlas,randomly_missing_50,scDREAMER,ASW_label/batch,0.893866
lung_atlas,randomly_missing_50,scDREAMER,NMI_cluster/label,0.768959
lung_atlas,randomly_missing_50,scDREAMER,graph_conn,0.946112
lung_atlas,randomly_missing_50,scDREAMER,isolated_label_F1,0.890215
lung_atlas,randomly_missing_50,scDREAMER,isolated_label_silhouette,0.577981
lung_atlas,randomly_missing_50,scDREAMER,kBET,0.809897
lung_atlas,randomly_missing_50,scDREAMER,lisi_b,0.237191
lung_atlas,randomly_missing_50,scDREAMER,lisi_c,0.981754
lung_atlas,randomly_missing_50,scDREAMER,lisi_f1,0.382074
lung_atlas,randomly_missing_50,scDREAMER,pos_rate,0.883272
lung_atlas,randomly_missing_50,scDREAMER,truepos_rate,0.530934
lung_atlas,randomly_missing_50,scGEN,ARI_cluster/label,0.634294
lung_atlas,randomly_missing_50,scGEN,ASW_label,0.55916
lung_atlas,randomly_missing_50,scGEN,ASW_label/batch,0.868236
lung_atlas,randomly_missing_50,scGEN,NMI_cluster/label,0.738477
lung_atlas,randomly_missing_50,scGEN,graph_conn,0.951595
lung_atlas,randomly_missing_50,scGEN,isolated_label_F1,0.715528
lung_atlas,randomly_missing_50,scGEN,isolated_label_silhouette,0.571057
lung_atlas,randomly_missing_50,scGEN,kBET,0.378888
lung_atlas,randomly_missing_50,scGEN,lisi_b,0.141591
lung_atlas,randomly_missing_50,scGEN,lisi_c,0.989019
lung_atlas,randomly_missing_50,scGEN,lisi_f1,0.247717
lung_atlas,randomly_missing_50,scGEN,pos_rate,0.934646
lung_atlas,randomly_missing_50,scGEN,truepos_rate,0.132075
lung_atlas,randomly_missing_70,ItClust,ARI_cluster/label,0.243511
lung_atlas,randomly_missing_70,ItClust,ASW_label,0.465468
lung_atlas,randomly_missing_70,ItClust,ASW_label/batch,0.369245
lung_atlas,randomly_missing_70,ItClust,NMI_cluster/label,0.440685
lung_atlas,randomly_missing_70,ItClust,graph_conn,0.57472
lung_atlas,randomly_missing_70,ItClust,isolated_label_F1,0.420857
lung_atlas,randomly_missing_70,ItClust,isolated_label_silhouette,0.459018
lung_atlas,randomly_missing_70,ItClust,kBET,0.707348
lung_atlas,randomly_missing_70,ItClust,lisi_b,0.224593
lung_atlas,randomly_missing_70,ItClust,lisi_c,0.939394
lung_atlas,randomly_missing_70,ItClust,lisi_f1,0.362515
lung_atlas,randomly_missing_70,ItClust,pos_rate,0.652516
lung_atlas,randomly_missing_70,ItClust,truepos_rate,0.333983
lung_atlas,randomly_missing_70,STACAS,ARI_cluster/label,0.648116
lung_atlas,randomly_missing_70,STACAS,ASW_label,0.585988
lung_atlas,randomly_missing_70,STACAS,ASW_label/batch,0.847496
lung_atlas,randomly_missing_70,STACAS,NMI_cluster/label,0.744235
lung_atlas,randomly_missing_70,STACAS,graph_conn,0.958639
lung_atlas,randomly_missing_70,STACAS,isolated_label_F1,0.707097
lung_atlas,randomly_missing_70,STACAS,isolated_label_silhouette,0.601902
lung_atlas,randomly_missing_70,STACAS,kBET,0.476302
lung_atlas,randomly_missing_70,STACAS,lisi_b,0.161505
lung_atlas,randomly_missing_70,STACAS,lisi_c,0.976825
lung_atlas,randomly_missing_70,STACAS,lisi_f1,0.277181
lung_atlas,randomly_missing_70,STACAS,pos_rate,0.833709
lung_atlas,randomly_missing_70,STACAS,truepos_rate,0.0813167
lung_atlas,randomly_missing_70,scANVI,ARI_cluster/label,0.795981
lung_atlas,randomly_missing_70,scANVI,ASW_label,0.639169
lung_atlas,randomly_missing_70,scANVI,ASW_label/batch,0.868926
lung_atlas,randomly_missing_70,scANVI,NMI_cluster/label,0.850726
lung_atlas,randomly_missing_70,scANVI,graph_conn,0.990991
lung_atlas,randomly_missing_70,scANVI,isolated_label_F1,0.923077
lung_atlas,randomly_missing_70,scANVI,isolated_label_silhouette,0.762303
lung_atlas,randomly_missing_70,scANVI,kBET,0.403191
lung_atlas,randomly_missing_70,scANVI,lisi_b,0.144251
lung_atlas,randomly_missing_70,scANVI,lisi_c,0.993569
lung_atlas,randomly_missing_70,scANVI,lisi_f1,0.251926
lung_atlas,randomly_missing_70,scANVI,pos_rate,0.948421
lung_atlas,randomly_missing_70,scANVI,truepos_rate,0.091776
lung_atlas,randomly_missing_70,scDREAMER,ARI_cluster/label,0.643128
lung_atlas,randomly_missing_70,scDREAMER,ASW_label,0.566668
lung_atlas,randomly_missing_70,scDREAMER,ASW_label/batch,0.889076
lung_atlas,randomly_missing_70,scDREAMER,NMI_cluster/label,0.696843
lung_atlas,randomly_missing_70,scDREAMER,graph_conn,0.931091
lung_atlas,randomly_missing_70,scDREAMER,isolated_label_F1,0.796069
lung_atlas,randomly_missing_70,scDREAMER,isolated_label_silhouette,0.550644
lung_atlas,randomly_missing_70,scDREAMER,kBET,0.797241
lung_atlas,randomly_missing_70,scDREAMER,lisi_b,0.236394
lung_atlas,randomly_missing_70,scDREAMER,lisi_c,0.971025
lung_atlas,randomly_missing_70,scDREAMER,lisi_f1,0.380224
lung_atlas,randomly_missing_70,scDREAMER,pos_rate,0.806262
lung_atlas,randomly_missing_70,scDREAMER,truepos_rate,0.469921
lung_atlas,randomly_missing_70,scGEN,ARI_cluster/label,0.665624
lung_atlas,randomly_missing_70,scGEN,ASW_label,0.55741
lung_atlas,randomly_missing_70,scGEN,ASW_label/batch,0.863704
lung_atlas,randomly_missing_70,scGEN,NMI_cluster/label,0.745962
lung_atlas,randomly_missing_70,scGEN,graph_conn,0.915824
lung_atlas,randomly_missing_70,scGEN,isolated_label_F1,0.582317
lung_atlas,randomly_missing_70,scGEN,isolated_label_silhouette,0.55945
lung_atlas,randomly_missing_70,scGEN,kBET,0.307155
lung_atlas,randomly_missing_70,scGEN,lisi_b,0.118881
lung_atlas,randomly_missing_70,scGEN,lisi_c,0.986353
lung_atlas,randomly_missing_70,scGEN,lisi_f1,0.212187
lung_atlas,randomly_missing_70,scGEN,pos_rate,0.920803
lung_atlas,randomly_missing_70,scGEN,truepos_rate,0.107431
lung_atlas,randomly_wrong_30,ItClust,ARI_cluster/label,0.394986
lung_atlas,randomly_wrong_30,ItClust,ASW_label,0.594608
lung_atlas,randomly_wrong_30,ItClust,ASW_label/batch,0.424848
lung_atlas,randomly_wrong_30,ItClust,NMI_cluster/label,0.505547
lung_atlas,randomly_wrong_30,ItClust,graph_conn,0.792924
lung_atlas,randomly_wrong_30,ItClust,isolated_label_F1,0.538259
lung_atlas,randomly_wrong_30,ItClust,isolated_label_silhouette,0.630205
lung_atlas,randomly_wrong_30,ItClust,kBET,0.609819
lung_atlas,randomly_wrong_30,ItClust,lisi_b,0.239683
lung_atlas,randomly_wrong_30,ItClust,lisi_c,0.951067
lung_atlas,randomly_wrong_30,ItClust,lisi_f1,0.382876
lung_atlas,randomly_wrong_30,ItClust,pos_rate,0.667453
lung_atlas,randomly_wrong_30,ItClust,truepos_rate,0.388467
lung_atlas,randomly_wrong_30,STACAS,ARI_cluster/label,0.673063
lung_atlas,randomly_wrong_30,STACAS,ASW_label,0.592335
lung_atlas,randomly_wrong_30,STACAS,ASW_label/batch,0.850643
lung_atlas,randomly_wrong_30,STACAS,NMI_cluster/label,0.770381
lung_atlas,randomly_wrong_30,STACAS,graph_conn,0.961974
lung_atlas,randomly_wrong_30,STACAS,isolated_label_F1,0.786127
lung_atlas,randomly_wrong_30,STACAS,isolated_label_silhouette,0.600813
lung_atlas,randomly_wrong_30,STACAS,kBET,0.465111
lung_atlas,randomly_wrong_30,STACAS,lisi_b,0.160571
lung_atlas,randomly_wrong_30,STACAS,lisi_c,0.979839
lung_atlas,randomly_wrong_30,STACAS,lisi_f1,0.275925
lung_atlas,randomly_wrong_30,STACAS,pos_rate,0.85309
lung_atlas,randomly_wrong_30,STACAS,truepos_rate,0.0805989
lung_atlas,randomly_wrong_30,scANVI,ARI_cluster/label,0.754109
lung_atlas,randomly_wrong_30,scANVI,ASW_label,0.575583
lung_atlas,randomly_wrong_30,scANVI,ASW_label/batch,0.919301
lung_atlas,randomly_wrong_30,scANVI,NMI_cluster/label,0.804463
lung_atlas,randomly_wrong_30,scANVI,graph_conn,0.974555
lung_atlas,randomly_wrong_30,scANVI,isolated_label_F1,0.890344
lung_atlas,randomly_wrong_30,scANVI,isolated_label_silhouette,0.601677
lung_atlas,randomly_wrong_30,scANVI,kBET,0.512294
lung_atlas,randomly_wrong_30,scANVI,lisi_b,0.17702
lung_atlas,randomly_wrong_30,scANVI,lisi_c,0.986071
lung_atlas,randomly_wrong_30,scANVI,lisi_f1,0.300156
lung_atlas,randomly_wrong_30,scANVI,pos_rate,0.898824
lung_atlas,randomly_wrong_30,scANVI,truepos_rate,0.161813
lung_atlas,randomly_wrong_30,scDREAMER,ARI_cluster/label,0.597543
lung_atlas,randomly_wrong_30,scDREAMER,ASW_label,0.605668
lung_atlas,randomly_wrong_30,scDREAMER,ASW_label/batch,0.864224
lung_atlas,randomly_wrong_30,scDREAMER,NMI_cluster/label,0.653823
lung_atlas,randomly_wrong_30,scDREAMER,graph_conn,0.943542
lung_atlas,randomly_wrong_30,scDREAMER,isolated_label_F1,0.550765
lung_atlas,randomly_wrong_30,scDREAMER,isolated_label_silhouette,0.629016
lung_atlas,randomly_wrong_30,scDREAMER,kBET,0.754138
lung_atlas,randomly_wrong_30,scDREAMER,lisi_b,0.228516
lung_atlas,randomly_wrong_30,scDREAMER,lisi_c,0.985118
lung_atlas,randomly_wrong_30,scDREAMER,lisi_f1,0.370978
lung_atlas,randomly_wrong_30,scDREAMER,pos_rate,0.898927
lung_atlas,randomly_wrong_30,scDREAMER,truepos_rate,0.447156
lung_atlas,randomly_wrong_30,scGEN,ARI_cluster/label,0.580798
lung_atlas,randomly_wrong_30,scGEN,ASW_label,0.559495
lung_atlas,randomly_wrong_30,scGEN,ASW_label/batch,0.928395
lung_atlas,randomly_wrong_30,scGEN,NMI_cluster/label,0.628505
lung_atlas,randomly_wrong_30,scGEN,graph_conn,0.939697
lung_atlas,randomly_wrong_30,scGEN,isolated_label_F1,0.513602
lung_atlas,randomly_wrong_30,scGEN,isolated_label_silhouette,0.590942
lung_atlas,randomly_wrong_30,scGEN,kBET,0.570701
lung_atlas,randomly_wrong_30,scGEN,lisi_b,0.159089
lung_atlas,randomly_wrong_30,scGEN,lisi_c,0.983952
lung_atlas,randomly_wrong_30,scGEN,lisi_f1,0.273895
lung_atlas,randomly_wrong_30,scGEN,pos_rate,0.879614
lung_atlas,randomly_wrong_30,scGEN,truepos_rate,0.188782
lung_atlas,randomly_wrong_50,ItClust,ARI_cluster/label,0.182274
lung_atlas,randomly_wrong_50,ItClust,ASW_label,0.459497
lung_atlas,randomly_wrong_50,ItClust,ASW_label/batch,0.686446
lung_atlas,randomly_wrong_50,ItClust,NMI_cluster/label,0.232389
lung_atlas,randomly_wrong_50,ItClust,graph_conn,0.446445
lung_atlas,randomly_wrong_50,ItClust,isolated_label_F1,0.228296
lung_atlas,randomly_wrong_50,ItClust,isolated_label_silhouette,0.475538
lung_atlas,randomly_wrong_50,ItClust,kBET,0.118827
lung_atlas,randomly_wrong_50,ItClust,lisi_b,0.257407
lung_atlas,randomly_wrong_50,ItClust,lisi_c,0.880126
lung_atlas,randomly_wrong_50,ItClust,lisi_f1,0.398319
lung_atlas,randomly_wrong_50,ItClust,pos_rate,0.398585
lung_atlas,randomly_wrong_50,ItClust,truepos_rate,0.253589
lung_atlas,randomly_wrong_50,STACAS,ARI_cluster/label,0.673063
lung_atlas,randomly_wrong_50,STACAS,ASW_label,0.592335
lung_atlas,randomly_wrong_50,STACAS,ASW_label/batch,0.850643
lung_atlas,randomly_wrong_50,STACAS,NMI_cluster/label,0.770381
lung_atlas,randomly_wrong_50,STACAS,graph_conn,0.961974
lung_atlas,randomly_wrong_50,STACAS,isolated_label_F1,0.786127
lung_atlas,randomly_wrong_50,STACAS,isolated_label_silhouette,0.600813
lung_atlas,randomly_wrong_50,STACAS,kBET,0.465862
lung_atlas,randomly_wrong_50,STACAS,lisi_b,0.160571
lung_atlas,randomly_wrong_50,STACAS,lisi_c,0.979839
lung_atlas,randomly_wrong_50,STACAS,lisi_f1,0.275925
lung_atlas,randomly_wrong_50,STACAS,pos_rate,0.85309
lung_atlas,randomly_wrong_50,STACAS,truepos_rate,0.0805989
lung_atlas,randomly_wrong_50,scANVI,ARI_cluster/label,0.643242
lung_atlas,randomly_wrong_50,scANVI,ASW_label,0.55423
lung_atlas,randomly_wrong_50,scANVI,ASW_label/batch,0.920536
lung_atlas,randomly_wrong_50,scANVI,NMI_cluster/label,0.758121
lung_atlas,randomly_wrong_50,scANVI,graph_conn,0.971114
lung_atlas,randomly_wrong_50,scANVI,isolated_label_F1,0.857143
lung_atlas,randomly_wrong_50,scANVI,isolated_label_silhouette,0.554033
lung_atlas,randomly_wrong_50,scANVI,kBET,0.534385
lung_atlas,randomly_wrong_50,scANVI,lisi_b,0.181417
lung_atlas,randomly_wrong_50,scANVI,lisi_c,0.880126
lung_atlas,randomly_wrong_50,scANVI,lisi_f1,0.306047
lung_atlas,randomly_wrong_50,scANVI,pos_rate,0.398585
lung_atlas,randomly_wrong_50,scANVI,truepos_rate,0.170871
lung_atlas,randomly_wrong_50,scDREAMER,ARI_cluster/label,0.597543
lung_atlas,randomly_wrong_50,scDREAMER,ASW_label,0.605668
lung_atlas,randomly_wrong_50,scDREAMER,ASW_label/batch,0.864224
lung_atlas,randomly_wrong_50,scDREAMER,NMI_cluster/label,0.653823
lung_atlas,randomly_wrong_50,scDREAMER,graph_conn,0.943542
lung_atlas,randomly_wrong_50,scDREAMER,isolated_label_F1,0.550765
lung_atlas,randomly_wrong_50,scDREAMER,isolated_label_silhouette,0.629016
lung_atlas,randomly_wrong_50,scDREAMER,kBET,0.753897
lung_atlas,randomly_wrong_50,scDREAMER,lisi_b,0.228516
lung_atlas,randomly_wrong_50,scDREAMER,lisi_c,0.985118
lung_atlas,randomly_wrong_50,scDREAMER,lisi_f1,0.370978
lung_atlas,randomly_wrong_50,scDREAMER,pos_rate,0.898927
lung_atlas,randomly_wrong_50,scDREAMER,truepos_rate,0.447156
lung_atlas,randomly_wrong_50,scGEN,ARI_cluster/label,0.335303
lung_atlas,randomly_wrong_50,scGEN,ASW_label,0.536666
lung_atlas,randomly_wrong_50,scGEN,ASW_label/batch,0.927184
lung_atlas,randomly_wrong_50,scGEN,NMI_cluster/label,0.57898
lung_atlas,randomly_wrong_50,scGEN,graph_conn,0.927579
lung_atlas,randomly_wrong_50,scGEN,isolated_label_F1,0.703625
lung_atlas,randomly_wrong_50,scGEN,isolated_label_silhouette,0.516358
lung_atlas,randomly_wrong_50,scGEN,kBET,0.517721
lung_atlas,randomly_wrong_50,scGEN,lisi_b,0.151433
lung_atlas,randomly_wrong_50,scGEN,lisi_c,0.801672
lung_atlas,randomly_wrong_50,scGEN,lisi_f1,0.262231
lung_atlas,randomly_wrong_50,scGEN,pos_rate,0.149405
lung_atlas,randomly_wrong_50,scGEN,truepos_rate,0.183039
lung_atlas,randomly_wrong_70,ItClust,ARI_cluster/label,0.0526188
lung_atlas,randomly_wrong_70,ItClust,ASW_label,0.437232
lung_atlas,randomly_wrong_70,ItClust,ASW_label/batch,0.756684
lung_atlas,randomly_wrong_70,ItClust,NMI_cluster/label,0.0945234
lung_atlas,randomly_wrong_70,ItClust,graph_conn,0.256922
lung_atlas,randomly_wrong_70,ItClust,isolated_label_F1,0.089568
lung_atlas,randomly_wrong_70,ItClust,isolated_label_silhouette,0.421952
lung_atlas,randomly_wrong_70,ItClust,kBET,0.0625908
lung_atlas,randomly_wrong_70,ItClust,lisi_b,0.262445
lung_atlas,randomly_wrong_70,ItClust,lisi_c,0.801672
lung_atlas,randomly_wrong_70,ItClust,lisi_f1,0.395436
lung_atlas,randomly_wrong_70,ItClust,pos_rate,0.149405
lung_atlas,randomly_wrong_70,ItClust,truepos_rate,0.0998769
lung_atlas,randomly_wrong_70,STACAS,ARI_cluster/label,0.621298
lung_atlas,randomly_wrong_70,STACAS,ASW_label,0.587281
lung_atlas,randomly_wrong_70,STACAS,ASW_label/batch,0.863506
lung_atlas,randomly_wrong_70,STACAS,NMI_cluster/label,0.758594
lung_atlas,randomly_wrong_70,STACAS,graph_conn,0.964992
lung_atlas,randomly_wrong_70,STACAS,isolated_label_F1,0.819277
lung_atlas,randomly_wrong_70,STACAS,isolated_label_silhouette,0.608572
lung_atlas,randomly_wrong_70,STACAS,kBET,0.453673
lung_atlas,randomly_wrong_70,STACAS,lisi_b,0.150551
lung_atlas,randomly_wrong_70,STACAS,lisi_c,0.978853
lung_atlas,randomly_wrong_70,STACAS,lisi_f1,0.260965
lung_atlas,randomly_wrong_70,STACAS,pos_rate,0.853022
lung_atlas,randomly_wrong_70,STACAS,truepos_rate,0.0785138
lung_atlas,randomly_wrong_70,scANVI,ARI_cluster/label,0.616047
lung_atlas,randomly_wrong_70,scANVI,ASW_label,0.535846
lung_atlas,randomly_wrong_70,scANVI,ASW_label/batch,0.921655
lung_atlas,randomly_wrong_70,scANVI,NMI_cluster/label,0.720974
lung_atlas,randomly_wrong_70,scANVI,graph_conn,0.964002
lung_atlas,randomly_wrong_70,scANVI,isolated_label_F1,0.800633
lung_atlas,randomly_wrong_70,scANVI,isolated_label_silhouette,0.564036
lung_atlas,randomly_wrong_70,scANVI,kBET,0.563397
lung_atlas,randomly_wrong_70,scANVI,lisi_b,0.187264
lung_atlas,randomly_wrong_70,scANVI,lisi_c,0.969002
lung_atlas,randomly_wrong_70,scANVI,lisi_f1,0.313871
lung_atlas,randomly_wrong_70,scANVI,pos_rate,0.782916
lung_atlas,randomly_wrong_70,scANVI,truepos_rate,0.173947
lung_atlas,randomly_wrong_70,scDREAMER,ARI_cluster/label,0.833097
lung_atlas,randomly_wrong_70,scDREAMER,ASW_label,0.635394
lung_atlas,randomly_wrong_70,scDREAMER,ASW_label/batch,0.858108
lung_atlas,randomly_wrong_70,scDREAMER,NMI_cluster/label,0.841925
lung_atlas,randomly_wrong_70,scDREAMER,graph_conn,0.953171
lung_atlas,randomly_wrong_70,scDREAMER,isolated_label_F1,0.866557
lung_atlas,randomly_wrong_70,scDREAMER,isolated_label_silhouette,0.668029
lung_atlas,randomly_wrong_70,scDREAMER,kBET,0.672725
lung_atlas,randomly_wrong_70,scDREAMER,lisi_b,0.215693
lung_atlas,randomly_wrong_70,scDREAMER,lisi_c,0.986931
lung_atlas,randomly_wrong_70,scDREAMER,lisi_f1,0.354016
lung_atlas,randomly_wrong_70,scDREAMER,pos_rate,0.905797
lung_atlas,randomly_wrong_70,scDREAMER,truepos_rate,0.361396
lung_atlas,randomly_wrong_70,scGEN,ARI_cluster/label,0.333292
lung_atlas,randomly_wrong_70,scGEN,ASW_label,0.531303
lung_atlas,randomly_wrong_70,scGEN,ASW_label/batch,0.928388
lung_atlas,randomly_wrong_70,scGEN,NMI_cluster/label,0.588783
lung_atlas,randomly_wrong_70,scGEN,graph_conn,0.925804
lung_atlas,randomly_wrong_70,scGEN,isolated_label_F1,0.56962
lung_atlas,randomly_wrong_70,scGEN,isolated_label_silhouette,0.534347
lung_atlas,randomly_wrong_70,scGEN,kBET,0.483923
lung_atlas,randomly_wrong_70,scGEN,lisi_b,0.133043
lung_atlas,randomly_wrong_70,scGEN,lisi_c,0.975202
lung_atlas,randomly_wrong_70,scGEN,lisi_f1,0.234142
lung_atlas,randomly_wrong_70,scGEN,pos_rate,0.848578
lung_atlas,randomly_wrong_70,scGEN,truepos_rate,0.145748
lung_atlas,singleR,ItClust,ARI_cluster/label,0.361183
lung_atlas,singleR,ItClust,ASW_label,0.456278
lung_atlas,singleR,ItClust,ASW_label/batch,0.44746
lung_atlas,singleR,ItClust,NMI_cluster/label,0.494016
lung_atlas,singleR,ItClust,graph_conn,0.668959
lung_atlas,singleR,ItClust,isolated_label_F1,0.115163
lung_atlas,singleR,ItClust,isolated_label_silhouette,0.180778
lung_atlas,singleR,ItClust,kBET,0.524382
lung_atlas,singleR,ItClust,lisi_b,0.214428
lung_atlas,singleR,ItClust,lisi_c,0.929256
lung_atlas,singleR,ItClust,lisi_f1,0.34845
lung_atlas,singleR,ItClust,pos_rate,0.514185
lung_atlas,singleR,ItClust,truepos_rate,0.182356
lung_atlas,singleR,STACAS,ARI_cluster/label,0.612029
lung_atlas,singleR,STACAS,ASW_label,0.590835
lung_atlas,singleR,STACAS,ASW_label/batch,0.848605
lung_atlas,singleR,STACAS,NMI_cluster/label,0.737984
lung_atlas,singleR,STACAS,graph_conn,0.96995
lung_atlas,singleR,STACAS,isolated_label_F1,0.834138
lung_atlas,singleR,STACAS,isolated_label_silhouette,0.605186
lung_atlas,singleR,STACAS,kBET,0.448937
lung_atlas,singleR,STACAS,lisi_b,0.160066
lung_atlas,singleR,STACAS,lisi_c,0.977967
lung_atlas,singleR,STACAS,lisi_f1,0.275104
lung_atlas,singleR,STACAS,pos_rate,0.844716
lung_atlas,singleR,STACAS,truepos_rate,0.0750273
lung_atlas,singleR,scANVI,ARI_cluster/label,0.571981
lung_atlas,singleR,scANVI,ASW_label,0.571462
lung_atlas,singleR,scANVI,ASW_label/batch,0.906138
lung_atlas,singleR,scANVI,NMI_cluster/label,0.751629
lung_atlas,singleR,scANVI,graph_conn,0.973334
lung_atlas,singleR,scANVI,isolated_label_F1,0.653646
lung_atlas,singleR,scANVI,isolated_label_silhouette,0.56193
lung_atlas,singleR,scANVI,kBET,0.467109
lung_atlas,singleR,scANVI,lisi_b,0.156246
lung_atlas,singleR,scANVI,lisi_c,0.975914
lung_atlas,singleR,scANVI,lisi_f1,0.269366
lung_atlas,singleR,scANVI,pos_rate,0.819422
lung_atlas,singleR,scANVI,truepos_rate,0.0979628
lung_atlas,singleR,scDREAMER,ARI_cluster/label,0.477094
lung_atlas,singleR,scDREAMER,ASW_label,0.534265
lung_atlas,singleR,scDREAMER,ASW_label/batch,0.890947
lung_atlas,singleR,scDREAMER,NMI_cluster/label,0.55869
lung_atlas,singleR,scDREAMER,graph_conn,0.911538
lung_atlas,singleR,scDREAMER,isolated_label_F1,0.0622776
lung_atlas,singleR,scDREAMER,isolated_label_silhouette,0.458923
lung_atlas,singleR,scDREAMER,kBET,0.736007
lung_atlas,singleR,scDREAMER,lisi_b,0.221924
lung_atlas,singleR,scDREAMER,lisi_c,0.949077
lung_atlas,singleR,scDREAMER,lisi_f1,0.359732
lung_atlas,singleR,scDREAMER,pos_rate,0.639185
lung_atlas,singleR,scDREAMER,truepos_rate,0.302639
lung_atlas,singleR,scGEN,ARI_cluster/label,0.519325
lung_atlas,singleR,scGEN,ASW_label,0.54667
lung_atlas,singleR,scGEN,ASW_label/batch,0.876761
lung_atlas,singleR,scGEN,NMI_cluster/label,0.613048
lung_atlas,singleR,scGEN,graph_conn,0.916583
lung_atlas,singleR,scGEN,isolated_label_F1,0.581081
lung_atlas,singleR,scGEN,isolated_label_silhouette,0.494184
lung_atlas,singleR,scGEN,kBET,0.435719
lung_atlas,singleR,scGEN,lisi_b,0.124379
lung_atlas,singleR,scGEN,lisi_c,0.968834
lung_atlas,singleR,scGEN,lisi_f1,0.220456
lung_atlas,singleR,scGEN,pos_rate,0.806706
lung_atlas,singleR,scGEN,truepos_rate,0.0768731
lung_atlas,unsupervised,Harmony,ARI_cluster/label,0.740501
lung_atlas,unsupervised,Harmony,ASW_label,0.55292
lung_atlas,unsupervised,Harmony,ASW_label/batch,0.917367
lung_atlas,unsupervised,Harmony,NMI_cluster/label,0.790499
lung_atlas,unsupervised,Harmony,graph_conn,0.968459
lung_atlas,unsupervised,Harmony,isolated_label_F1,0.77905
lung_atlas,unsupervised,Harmony,isolated_label_silhouette,0.576747
lung_atlas,unsupervised,Harmony,kBET,0.510313
lung_atlas,unsupervised,Harmony,lisi_b,0.15253
lung_atlas,unsupervised,Harmony,lisi_c,0.97868
lung_atlas,unsupervised,Harmony,lisi_f1,0.263926
lung_atlas,unsupervised,Harmony,pos_rate,0.81761
lung_atlas,unsupervised,Harmony,truepos_rate,0.0919811
lung_atlas,unsupervised,Seurat,ARI_cluster/label,0.741512
lung_atlas,unsupervised,Seurat,ASW_label,0.556182
lung_atlas,unsupervised,Seurat,ASW_label/batch,0.906374
lung_atlas,unsupervised,Seurat,NMI_cluster/label,0.798231
lung_atlas,unsupervised,Seurat,graph_conn,0.972124
lung_atlas,unsupervised,Seurat,isolated_label_F1,0.643371
lung_atlas,unsupervised,Seurat,isolated_label_silhouette,0.554068
lung_atlas,unsupervised,Seurat,kBET,0.559978
lung_atlas,unsupervised,Seurat,lisi_b,0.178942
lung_atlas,unsupervised,Seurat,lisi_c,0.968452
lung_atlas,unsupervised,Seurat,lisi_f1,0.30207
lung_atlas,unsupervised,Seurat,pos_rate,0.756494
lung_atlas,unsupervised,Seurat,truepos_rate,0.111123
lung_atlas,unsupervised,scCRAFT,ARI_cluster/label,0.776466
lung_atlas,unsupervised,scCRAFT,ASW_label,0.579484
lung_atlas,unsupervised,scCRAFT,ASW_label/batch,0.913427
lung_atlas,unsupervised,scCRAFT,NMI_cluster/label,0.823488
lung_atlas,unsupervised,scCRAFT,graph_conn,0.943362
lung_atlas,unsupervised,scCRAFT,isolated_label_F1,0.702081
lung_atlas,unsupervised,scCRAFT,isolated_label_silhouette,0.567394
lung_atlas,unsupervised,scCRAFT,kBET,0.746334
lung_atlas,unsupervised,scCRAFT,lisi_b,0.225234
lung_atlas,unsupervised,scCRAFT,lisi_c,0.976276
lung_atlas,unsupervised,scCRAFT,lisi_f1,0.366023
lung_atlas,unsupervised,scCRAFT,pos_rate,0.805339
lung_atlas,unsupervised,scCRAFT,truepos_rate,0.335999
lung_atlas,unsupervised,scVI,ARI_cluster/label,0.741512
lung_atlas,unsupervised,scVI,ASW_label,0.548276
lung_atlas,unsupervised,scVI,ASW_label/batch,0.888456
lung_atlas,unsupervised,scVI,NMI_cluster/label,0.798231
lung_atlas,unsupervised,scVI,graph_conn,0.972124
lung_atlas,unsupervised,scVI,isolated_label_F1,0.776815
lung_atlas,unsupervised,scVI,isolated_label_silhouette,0.618877
lung_atlas,unsupervised,scVI,kBET,0.476835
lung_atlas,unsupervised,scVI,lisi_b,0.1547
lung_atlas,unsupervised,scVI,lisi_c,0.97032
lung_atlas,unsupervised,scVI,lisi_f1,0.266855
lung_atlas,unsupervised,scVI,pos_rate,0.805613
lung_atlas,unsupervised,scVI,truepos_rate,0.0832992
lung_atlas,unsupervised,scanorama,ARI_cluster/label,0.64679
lung_atlas,unsupervised,scanorama,ASW_label,0.575072
lung_atlas,unsupervised,scanorama,ASW_label/batch,0.9371
lung_atlas,unsupervised,scanorama,NMI_cluster/label,0.780156
lung_atlas,unsupervised,scanorama,graph_conn,0.970941
lung_atlas,unsupervised,scanorama,isolated_label_F1,0.638347
lung_atlas,unsupervised,scanorama,isolated_label_silhouette,0.581428
lung_atlas,unsupervised,scanorama,kBET,0.375324
lung_atlas,unsupervised,scanorama,lisi_b,0.122
lung_atlas,unsupervised,scanorama,lisi_c,0.986
lung_atlas,unsupervised,scanorama,lisi_f1,0.217
lung_atlas,unsupervised,scanorama,pos_rate,0.904737
lung_atlas,unsupervised,scanorama,truepos_rate,0.074139
lung_two_species,Azimuth,ItClust,ARI_cluster/label,0.551101
lung_two_species,Azimuth,ItClust,ASW_label,0.556016
lung_two_species,Azimuth,ItClust,ASW_label/batch,0.306818
lung_two_species,Azimuth,ItClust,NMI_cluster/label,0.741468
lung_two_species,Azimuth,ItClust,graph_conn,0.726106
lung_two_species,Azimuth,ItClust,isolated_label_F1,0.66356
lung_two_species,Azimuth,ItClust,isolated_label_silhouette,0.583339
lung_two_species,Azimuth,ItClust,kBET,0.121056
lung_two_species,Azimuth,ItClust,lisi_b,0.112089
lung_two_species,Azimuth,ItClust,lisi_c,0.973044
lung_two_species,Azimuth,ItClust,lisi_f1,0.201021
lung_two_species,Azimuth,ItClust,pos_rate,0.779335
lung_two_species,Azimuth,ItClust,truepos_rate,0.190848
lung_two_species,Azimuth,STACAS,ARI_cluster/label,0.626986
lung_two_species,Azimuth,STACAS,ASW_label,0.637145
lung_two_species,Azimuth,STACAS,ASW_label/batch,0.782779
lung_two_species,Azimuth,STACAS,NMI_cluster/label,0.810836
lung_two_species,Azimuth,STACAS,graph_conn,0.969973
lung_two_species,Azimuth,STACAS,isolated_label_F1,0.844608
lung_two_species,Azimuth,STACAS,isolated_label_silhouette,0.639853
lung_two_species,Azimuth,STACAS,kBET,0.166822
lung_two_species,Azimuth,STACAS,lisi_b,0.0924371
lung_two_species,Azimuth,STACAS,lisi_c,0.991263
lung_two_species,Azimuth,STACAS,lisi_f1,0.169105
lung_two_species,Azimuth,STACAS,pos_rate,0.929913
lung_two_species,Azimuth,STACAS,truepos_rate,0.150337
lung_two_species,Azimuth,scANVI,ARI_cluster/label,0.636167
lung_two_species,Azimuth,scANVI,ASW_label,0.603297
lung_two_species,Azimuth,scANVI,ASW_label/batch,0.825369
lung_two_species,Azimuth,scANVI,NMI_cluster/label,0.816668
lung_two_species,Azimuth,scANVI,graph_conn,0.987757
lung_two_species,Azimuth,scANVI,isolated_label_F1,0.871335
lung_two_species,Azimuth,scANVI,isolated_label_silhouette,0.60654
lung_two_species,Azimuth,scANVI,kBET,0.149304
lung_two_species,Azimuth,scANVI,lisi_b,0.111355
lung_two_species,Azimuth,scANVI,lisi_c,0.990332
lung_two_species,Azimuth,scANVI,lisi_f1,0.2002
lung_two_species,Azimuth,scANVI,pos_rate,0.930539
lung_two_species,Azimuth,scANVI,truepos_rate,0.193545
lung_two_species,Azimuth,scDREAMER,ARI_cluster/label,0.573881
lung_two_species,Azimuth,scDREAMER,ASW_label,0.617022
lung_two_species,Azimuth,scDREAMER,ASW_label/batch,0.737518
lung_two_species,Azimuth,scDREAMER,NMI_cluster/label,0.782424
lung_two_species,Azimuth,scDREAMER,graph_conn,0.975719
lung_two_species,Azimuth,scDREAMER,isolated_label_F1,0.975719
lung_two_species,Azimuth,scDREAMER,isolated_label_silhouette,0.507647
lung_two_species,Azimuth,scDREAMER,kBET,0.133073
lung_two_species,Azimuth,scDREAMER,lisi_b,0.0892363
lung_two_species,Azimuth,scDREAMER,lisi_c,0.988909
lung_two_species,Azimuth,scDREAMER,lisi_f1,0.163701
lung_two_species,Azimuth,scDREAMER,pos_rate,0.923266
lung_two_species,Azimuth,scDREAMER,truepos_rate,0.155443
lung_two_species,Azimuth,scGEN,ARI_cluster/label,0.64556
lung_two_species,Azimuth,scGEN,ASW_label,0.585317
lung_two_species,Azimuth,scGEN,ASW_label/batch,0.836446
lung_two_species,Azimuth,scGEN,NMI_cluster/label,0.791476
lung_two_species,Azimuth,scGEN,graph_conn,0.984426
lung_two_species,Azimuth,scGEN,isolated_label_F1,0.84619
lung_two_species,Azimuth,scGEN,isolated_label_silhouette,0.573726
lung_two_species,Azimuth,scGEN,kBET,0.194841
lung_two_species,Azimuth,scGEN,lisi_b,0.118801
lung_two_species,Azimuth,scGEN,lisi_c,0.989462
lung_two_species,Azimuth,scGEN,lisi_f1,0.212132
lung_two_species,Azimuth,scGEN,pos_rate,0.92736
lung_two_species,Azimuth,scGEN,truepos_rate,0.192148
lung_two_species,CellAssign,ItClust,ARI_cluster/label,0.1664
lung_two_species,CellAssign,ItClust,ASW_label,0.324886
lung_two_species,CellAssign,ItClust,ASW_label/batch,0.422423
lung_two_species,CellAssign,ItClust,NMI_cluster/label,0.301095
lung_two_species,CellAssign,ItClust,graph_conn,0.442816
lung_two_species,CellAssign,ItClust,isolated_label_F1,0.259375
lung_two_species,CellAssign,ItClust,isolated_label_silhouette,0.300973
lung_two_species,CellAssign,ItClust,kBET,0.0497311
lung_two_species,CellAssign,ItClust,lisi_b,0.142083
lung_two_species,CellAssign,ItClust,lisi_c,0.855099
lung_two_species,CellAssign,ItClust,lisi_f1,0.243677
lung_two_species,CellAssign,ItClust,pos_rate,0.329913
lung_two_species,CellAssign,ItClust,truepos_rate,0.0938825
lung_two_species,CellAssign,STACAS,ARI_cluster/label,0.600068
lung_two_species,CellAssign,STACAS,ASW_label,0.618635
lung_two_species,CellAssign,STACAS,ASW_label/batch,0.777341
lung_two_species,CellAssign,STACAS,NMI_cluster/label,0.794183
lung_two_species,CellAssign,STACAS,graph_conn,0.974312
lung_two_species,CellAssign,STACAS,isolated_label_F1,0.829496
lung_two_species,CellAssign,STACAS,isolated_label_silhouette,0.622878
lung_two_species,CellAssign,STACAS,kBET,0.137172
lung_two_species,CellAssign,STACAS,lisi_b,0.0610455
lung_two_species,CellAssign,STACAS,lisi_c,0.99101
lung_two_species,CellAssign,STACAS,lisi_f1,0.115007
lung_two_species,CellAssign,STACAS,pos_rate,0.929383
lung_two_species,CellAssign,STACAS,truepos_rate,0.151252
lung_two_species,CellAssign,scANVI,ARI_cluster/label,0.671206
lung_two_species,CellAssign,scANVI,ASW_label,0.583173
lung_two_species,CellAssign,scANVI,ASW_label/batch,0.841157
lung_two_species,CellAssign,scANVI,NMI_cluster/label,0.797302
lung_two_species,CellAssign,scANVI,graph_conn,0.988358
lung_two_species,CellAssign,scANVI,isolated_label_F1,0.853926
lung_two_species,CellAssign,scANVI,isolated_label_silhouette,0.588495
lung_two_species,CellAssign,scANVI,kBET,0.140382
lung_two_species,CellAssign,scANVI,lisi_b,0.113268
lung_two_species,CellAssign,scANVI,lisi_c,0.988541
lung_two_species,CellAssign,scANVI,lisi_f1,0.203248
lung_two_species,CellAssign,scANVI,pos_rate,0.923025
lung_two_species,CellAssign,scANVI,truepos_rate,0.208382
lung_two_species,CellAssign,scDREAMER,ARI_cluster/label,0.504449
lung_two_species,CellAssign,scDREAMER,ASW_label,0.600749
lung_two_species,CellAssign,scDREAMER,ASW_label/batch,0.769558
lung_two_species,CellAssign,scDREAMER,NMI_cluster/label,0.743388
lung_two_species,CellAssign,scDREAMER,graph_conn,0.986024
lung_two_species,CellAssign,scDREAMER,isolated_label_F1,0.986024
lung_two_species,CellAssign,scDREAMER,isolated_label_silhouette,0.475708
lung_two_species,CellAssign,scDREAMER,kBET,0.177048
lung_two_species,CellAssign,scDREAMER,lisi_b,0.155127
lung_two_species,CellAssign,scDREAMER,lisi_c,0.987788
lung_two_species,CellAssign,scDREAMER,lisi_f1,0.268143
lung_two_species,CellAssign,scDREAMER,pos_rate,0.913536
lung_two_species,CellAssign,scDREAMER,truepos_rate,0.252119
lung_two_species,CellAssign,scGEN,ARI_cluster/label,0.562547
lung_two_species,CellAssign,scGEN,ASW_label,0.574132
lung_two_species,CellAssign,scGEN,ASW_label/batch,0.703591
lung_two_species,CellAssign,scGEN,NMI_cluster/label,0.755688
lung_two_species,CellAssign,scGEN,graph_conn,0.940584
lung_two_species,CellAssign,scGEN,isolated_label_F1,0.780337
lung_two_species,CellAssign,scGEN,isolated_label_silhouette,0.569877
lung_two_species,CellAssign,scGEN,kBET,0.0700321
lung_two_species,CellAssign,scGEN,lisi_b,0.0545673
lung_two_species,CellAssign,scGEN,lisi_c,0.990257
lung_two_species,CellAssign,scGEN,lisi_f1,0.103435
lung_two_species,CellAssign,scGEN,pos_rate,0.934297
lung_two_species,CellAssign,scGEN,truepos_rate,0.135212
lung_two_species,full_annotated_supervised,ItClust,ARI_cluster/label,0.710868
lung_two_species,full_annotated_supervised,ItClust,ASW_label,0.783163
lung_two_species,full_annotated_supervised,ItClust,ASW_label/batch,0.267406
lung_two_species,full_annotated_supervised,ItClust,NMI_cluster/label,0.842206
lung_two_species,full_annotated_supervised,ItClust,graph_conn,0.86472
lung_two_species,full_annotated_supervised,ItClust,isolated_label_F1,0.862432
lung_two_species,full_annotated_supervised,ItClust,isolated_label_silhouette,0.810814
lung_two_species,full_annotated_supervised,ItClust,kBET,0.209828
lung_two_species,full_annotated_supervised,ItClust,lisi_b,0.126956
lung_two_species,full_annotated_supervised,ItClust,lisi_c,0.989571
lung_two_species,full_annotated_supervised,ItClust,lisi_f1,0.225041
lung_two_species,full_annotated_supervised,ItClust,pos_rate,0.902071
lung_two_species,full_annotated_supervised,ItClust,truepos_rate,0.207948
lung_two_species,full_annotated_supervised,STACAS,ARI_cluster/label,0.588132
lung_two_species,full_annotated_supervised,STACAS,ASW_label,0.620782
lung_two_species,full_annotated_supervised,STACAS,ASW_label/batch,0.776541
lung_two_species,full_annotated_supervised,STACAS,NMI_cluster/label,0.789562
lung_two_species,full_annotated_supervised,STACAS,graph_conn,0.984244
lung_two_species,full_annotated_supervised,STACAS,isolated_label_F1,0.82929
lung_two_species,full_annotated_supervised,STACAS,isolated_label_silhouette,0.625133
lung_two_species,full_annotated_supervised,STACAS,kBET,0.144512
lung_two_species,full_annotated_supervised,STACAS,lisi_b,0.0640827
lung_two_species,full_annotated_supervised,STACAS,lisi_c,0.991133
lung_two_species,full_annotated_supervised,STACAS,lisi_f1,0.120382
lung_two_species,full_annotated_supervised,STACAS,pos_rate,0.930539
lung_two_species,full_annotated_supervised,STACAS,truepos_rate,0.154432
lung_two_species,full_annotated_supervised,scANVI,ARI_cluster/label,0.742785
lung_two_species,full_annotated_supervised,scANVI,ASW_label,0.632002
lung_two_species,full_annotated_supervised,scANVI,ASW_label/batch,0.844839
lung_two_species,full_annotated_supervised,scANVI,NMI_cluster/label,0.852003
lung_two_species,full_annotated_supervised,scANVI,graph_conn,0.992817
lung_two_species,full_annotated_supervised,scANVI,isolated_label_F1,0.929894
lung_two_species,full_annotated_supervised,scANVI,isolated_label_silhouette,0.639669
lung_two_species,full_annotated_supervised,scANVI,kBET,0.153522
lung_two_species,full_annotated_supervised,scANVI,lisi_b,0.119961
lung_two_species,full_annotated_supervised,scANVI,lisi_c,0.994716
lung_two_species,full_annotated_supervised,scANVI,lisi_f1,0.214102
lung_two_species,full_annotated_supervised,scANVI,pos_rate,0.962331
lung_two_species,full_annotated_supervised,scANVI,truepos_rate,0.222832
lung_two_species,full_annotated_supervised,scDREAMER,ARI_cluster/label,0.816124
lung_two_species,full_annotated_supervised,scDREAMER,ASW_label,0.669729
lung_two_species,full_annotated_supervised,scDREAMER,ASW_label/batch,0.772542
lung_two_species,full_annotated_supervised,scDREAMER,NMI_cluster/label,0.913269
lung_two_species,full_annotated_supervised,scDREAMER,graph_conn,0.999133
lung_two_species,full_annotated_supervised,scDREAMER,isolated_label_F1,0.999133
lung_two_species,full_annotated_supervised,scDREAMER,isolated_label_silhouette,0.542649
lung_two_species,full_annotated_supervised,scDREAMER,kBET,0.144081
lung_two_species,full_annotated_supervised,scDREAMER,lisi_b,0.119799
lung_two_species,full_annotated_supervised,scDREAMER,lisi_c,0.997766
lung_two_species,full_annotated_supervised,scDREAMER,lisi_f1,0.213913
lung_two_species,full_annotated_supervised,scDREAMER,pos_rate,0.990077
lung_two_species,full_annotated_supervised,scDREAMER,truepos_rate,0.193738
lung_two_species,full_annotated_supervised,scGEN,ARI_cluster/label,0.762498
lung_two_species,full_annotated_supervised,scGEN,ASW_label,0.608759
lung_two_species,full_annotated_supervised,scGEN,ASW_label/batch,0.875717
lung_two_species,full_annotated_supervised,scGEN,NMI_cluster/label,0.863035
lung_two_species,full_annotated_supervised,scGEN,graph_conn,0.990761
lung_two_species,full_annotated_supervised,scGEN,isolated_label_F1,0.936764
lung_two_species,full_annotated_supervised,scGEN,isolated_label_silhouette,0.609685
lung_two_species,full_annotated_supervised,scGEN,kBET,0.313789
lung_two_species,full_annotated_supervised,scGEN,lisi_b,0.252081
lung_two_species,full_annotated_supervised,scGEN,lisi_c,0.992904
lung_two_species,full_annotated_supervised,scGEN,lisi_f1,0.40208
lung_two_species,full_annotated_supervised,scGEN,pos_rate,0.947929
lung_two_species,full_annotated_supervised,scGEN,truepos_rate,0.333237
lung_two_species,missing_and_mixing_at_edge_30,ItClust,ARI_cluster/label,0.74925
lung_two_species,missing_and_mixing_at_edge_30,ItClust,ASW_label,0.821261
lung_two_species,missing_and_mixing_at_edge_30,ItClust,ASW_label/batch,0.369687
lung_two_species,missing_and_mixing_at_edge_30,ItClust,NMI_cluster/label,0.828852
lung_two_species,missing_and_mixing_at_edge_30,ItClust,graph_conn,0.845057
lung_two_species,missing_and_mixing_at_edge_30,ItClust,kBET,0.171756
lung_two_species,missing_and_mixing_at_edge_30,ItClust,lisi_b,0.187019
lung_two_species,missing_and_mixing_at_edge_30,ItClust,lisi_c,0.985729
lung_two_species,missing_and_mixing_at_edge_30,ItClust,lisi_f1,0.31439
lung_two_species,missing_and_mixing_at_edge_30,ItClust,pos_rate,0.89263
lung_two_species,missing_and_mixing_at_edge_30,ItClust,truepos_rate,0.329913
lung_two_species,missing_and_mixing_at_edge_30,STACAS,ARI_cluster/label,0.551899
lung_two_species,missing_and_mixing_at_edge_30,STACAS,ASW_label,0.620533
lung_two_species,missing_and_mixing_at_edge_30,STACAS,ASW_label/batch,0.776742
lung_two_species,missing_and_mixing_at_edge_30,STACAS,NMI_cluster/label,0.768778
lung_two_species,missing_and_mixing_at_edge_30,STACAS,graph_conn,0.983633
lung_two_species,missing_and_mixing_at_edge_30,STACAS,kBET,0.141431
lung_two_species,missing_and_mixing_at_edge_30,STACAS,lisi_b,0.0648138
lung_two_species,missing_and_mixing_at_edge_30,STACAS,lisi_c,0.991067
lung_two_species,missing_and_mixing_at_edge_30,STACAS,lisi_f1,0.121671
lung_two_species,missing_and_mixing_at_edge_30,STACAS,pos_rate,0.929721
lung_two_species,missing_and_mixing_at_edge_30,STACAS,truepos_rate,0.15501
lung_two_species,missing_and_mixing_at_edge_30,scANVI,ARI_cluster/label,0.719669
lung_two_species,missing_and_mixing_at_edge_30,scANVI,ASW_label,0.633458
lung_two_species,missing_and_mixing_at_edge_30,scANVI,ASW_label/batch,0.845751
lung_two_species,missing_and_mixing_at_edge_30,scANVI,NMI_cluster/label,0.836432
lung_two_species,missing_and_mixing_at_edge_30,scANVI,graph_conn,0.986053
lung_two_species,missing_and_mixing_at_edge_30,scANVI,kBET,0.162516
lung_two_species,missing_and_mixing_at_edge_30,scANVI,lisi_b,0.127864
lung_two_species,missing_and_mixing_at_edge_30,scANVI,lisi_c,0.993388
lung_two_species,missing_and_mixing_at_edge_30,scANVI,lisi_f1,0.226565
lung_two_species,missing_and_mixing_at_edge_30,scANVI,pos_rate,0.948988
lung_two_species,missing_and_mixing_at_edge_30,scANVI,truepos_rate,0.220906
lung_two_species,missing_and_mixing_at_edge_30,scDREAMER,ARI_cluster/label,0.791017
lung_two_species,missing_and_mixing_at_edge_30,scDREAMER,ASW_label,0.660712
lung_two_species,missing_and_mixing_at_edge_30,scDREAMER,ASW_label/batch,0.808442
lung_two_species,missing_and_mixing_at_edge_30,scDREAMER,NMI_cluster/label,0.873033
lung_two_species,missing_and_mixing_at_edge_30,scDREAMER,graph_conn,0.982504
lung_two_species,missing_and_mixing_at_edge_30,scDREAMER,kBET,0.191427
lung_two_species,missing_and_mixing_at_edge_30,scDREAMER,lisi_b,0.159033
lung_two_species,missing_and_mixing_at_edge_30,scDREAMER,lisi_c,0.994406
lung_two_species,missing_and_mixing_at_edge_30,scDREAMER,lisi_f1,0.274212
lung_two_species,missing_and_mixing_at_edge_30,scDREAMER,pos_rate,0.956888
lung_two_species,missing_and_mixing_at_edge_30,scDREAMER,truepos_rate,0.254576
lung_two_species,missing_and_mixing_at_edge_30,scGEN,ARI_cluster/label,0.743798
lung_two_species,missing_and_mixing_at_edge_30,scGEN,ASW_label,0.606848
lung_two_species,missing_and_mixing_at_edge_30,scGEN,ASW_label/batch,0.881812
lung_two_species,missing_and_mixing_at_edge_30,scGEN,NMI_cluster/label,0.8401
lung_two_species,missing_and_mixing_at_edge_30,scGEN,graph_conn,0.98076
lung_two_species,missing_and_mixing_at_edge_30,scGEN,kBET,0.29451
lung_two_species,missing_and_mixing_at_edge_30,scGEN,lisi_b,0.263982
lung_two_species,missing_and_mixing_at_edge_30,scGEN,lisi_c,0.992243
lung_two_species,missing_and_mixing_at_edge_30,scGEN,lisi_f1,0.417018
lung_two_species,missing_and_mixing_at_edge_30,scGEN,pos_rate,0.94027
lung_two_species,missing_and_mixing_at_edge_30,scGEN,truepos_rate,0.333863
lung_two_species,missing_and_mixing_at_edge_50,ItClust,ARI_cluster/label,0.716992
lung_two_species,missing_and_mixing_at_edge_50,ItClust,ASW_label,0.809818
lung_two_species,missing_and_mixing_at_edge_50,ItClust,ASW_label/batch,0.382092
lung_two_species,missing_and_mixing_at_edge_50,ItClust,NMI_cluster/label,0.800022
lung_two_species,missing_and_mixing_at_edge_50,ItClust,graph_conn,0.865903
lung_two_species,missing_and_mixing_at_edge_50,ItClust,kBET,0.191058
lung_two_species,missing_and_mixing_at_edge_50,ItClust,lisi_b,0.196586
lung_two_species,missing_and_mixing_at_edge_50,ItClust,lisi_c,0.986682
lung_two_species,missing_and_mixing_at_edge_50,ItClust,lisi_f1,0.327851
lung_two_species,missing_and_mixing_at_edge_50,ItClust,pos_rate,0.888632
lung_two_species,missing_and_mixing_at_edge_50,ItClust,truepos_rate,0.333863
lung_two_species,missing_and_mixing_at_edge_50,STACAS,ARI_cluster/label,0.558934
lung_two_species,missing_and_mixing_at_edge_50,STACAS,ASW_label,0.620247
lung_two_species,missing_and_mixing_at_edge_50,STACAS,ASW_label/batch,0.77909
lung_two_species,missing_and_mixing_at_edge_50,STACAS,NMI_cluster/label,0.771446
lung_two_species,missing_and_mixing_at_edge_50,STACAS,graph_conn,0.983867
lung_two_species,missing_and_mixing_at_edge_50,STACAS,kBET,0.142917
lung_two_species,missing_and_mixing_at_edge_50,STACAS,lisi_b,0.0642926
lung_two_species,missing_and_mixing_at_edge_50,STACAS,lisi_c,0.991087
lung_two_species,missing_and_mixing_at_edge_50,STACAS,lisi_f1,0.120752
lung_two_species,missing_and_mixing_at_edge_50,STACAS,pos_rate,0.929672
lung_two_species,missing_and_mixing_at_edge_50,STACAS,truepos_rate,0.154094
lung_two_species,missing_and_mixing_at_edge_50,scANVI,ARI_cluster/label,0.732933
lung_two_species,missing_and_mixing_at_edge_50,scANVI,ASW_label,0.630285
lung_two_species,missing_and_mixing_at_edge_50,scANVI,ASW_label/batch,0.847368
lung_two_species,missing_and_mixing_at_edge_50,scANVI,NMI_cluster/label,0.840415
lung_two_species,missing_and_mixing_at_edge_50,scANVI,graph_conn,0.987148
lung_two_species,missing_and_mixing_at_edge_50,scANVI,kBET,0.156235
lung_two_species,missing_and_mixing_at_edge_50,scANVI,lisi_b,0.124214
lung_two_species,missing_and_mixing_at_edge_50,scANVI,lisi_c,0.992464
lung_two_species,missing_and_mixing_at_edge_50,scANVI,lisi_f1,0.220794
lung_two_species,missing_and_mixing_at_edge_50,scANVI,pos_rate,0.939788
lung_two_species,missing_and_mixing_at_edge_50,scANVI,truepos_rate,0.216378
lung_two_species,missing_and_mixing_at_edge_50,scDREAMER,ARI_cluster/label,0.697364
lung_two_species,missing_and_mixing_at_edge_50,scDREAMER,ASW_label,0.646477
lung_two_species,missing_and_mixing_at_edge_50,scDREAMER,ASW_label/batch,0.804118
lung_two_species,missing_and_mixing_at_edge_50,scDREAMER,NMI_cluster/label,0.814649
lung_two_species,missing_and_mixing_at_edge_50,scDREAMER,graph_conn,0.980821
lung_two_species,missing_and_mixing_at_edge_50,scDREAMER,kBET,0.179096
lung_two_species,missing_and_mixing_at_edge_50,scDREAMER,lisi_b,0.168228
lung_two_species,missing_and_mixing_at_edge_50,scDREAMER,lisi_c,0.989977
lung_two_species,missing_and_mixing_at_edge_50,scDREAMER,lisi_f1,0.287586
lung_two_species,missing_and_mixing_at_edge_50,scDREAMER,pos_rate,0.920231
lung_two_species,missing_and_mixing_at_edge_50,scDREAMER,truepos_rate,0.265414
lung_two_species,missing_and_mixing_at_edge_50,scGEN,ARI_cluster/label,0.742848
lung_two_species,missing_and_mixing_at_edge_50,scGEN,ASW_label,0.610616
lung_two_species,missing_and_mixing_at_edge_50,scGEN,ASW_label/batch,0.87658
lung_two_species,missing_and_mixing_at_edge_50,scGEN,NMI_cluster/label,0.841802
lung_two_species,missing_and_mixing_at_edge_50,scGEN,graph_conn,0.978753
lung_two_species,missing_and_mixing_at_edge_50,scGEN,kBET,0.317737
lung_two_species,missing_and_mixing_at_edge_50,scGEN,lisi_b,0.260256
lung_two_species,missing_and_mixing_at_edge_50,scGEN,lisi_c,0.992023
lung_two_species,missing_and_mixing_at_edge_50,scGEN,lisi_f1,0.412336
lung_two_species,missing_and_mixing_at_edge_50,scGEN,pos_rate,0.93685
lung_two_species,missing_and_mixing_at_edge_50,scGEN,truepos_rate,0.337283
lung_two_species,missing_and_mixing_at_edge_70,ItClust,ARI_cluster/label,0.699919
lung_two_species,missing_and_mixing_at_edge_70,ItClust,ASW_label,0.752984
lung_two_species,missing_and_mixing_at_edge_70,ItClust,ASW_label/batch,0.404582
lung_two_species,missing_and_mixing_at_edge_70,ItClust,NMI_cluster/label,0.777594
lung_two_species,missing_and_mixing_at_edge_70,ItClust,graph_conn,0.851853
lung_two_species,missing_and_mixing_at_edge_70,ItClust,kBET,0.18391
lung_two_species,missing_and_mixing_at_edge_70,ItClust,lisi_b,0.172672
lung_two_species,missing_and_mixing_at_edge_70,ItClust,lisi_c,0.98439
lung_two_species,missing_and_mixing_at_edge_70,ItClust,lisi_f1,0.293807
lung_two_species,missing_and_mixing_at_edge_70,ItClust,pos_rate,0.875193
lung_two_species,missing_and_mixing_at_edge_70,ItClust,truepos_rate,0.296002
lung_two_species,missing_and_mixing_at_edge_70,STACAS,ARI_cluster/label,0.644794
lung_two_species,missing_and_mixing_at_edge_70,STACAS,ASW_label,0.64019
lung_two_species,missing_and_mixing_at_edge_70,STACAS,ASW_label/batch,0.782922
lung_two_species,missing_and_mixing_at_edge_70,STACAS,NMI_cluster/label,0.808574
lung_two_species,missing_and_mixing_at_edge_70,STACAS,graph_conn,0.98381
lung_two_species,missing_and_mixing_at_edge_70,STACAS,kBET,0.182852
lung_two_species,missing_and_mixing_at_edge_70,STACAS,lisi_b,0.106255
lung_two_species,missing_and_mixing_at_edge_70,STACAS,lisi_c,0.991292
lung_two_species,missing_and_mixing_at_edge_70,STACAS,lisi_f1,0.191937
lung_two_species,missing_and_mixing_at_edge_70,STACAS,pos_rate,0.930058
lung_two_species,missing_and_mixing_at_edge_70,STACAS,truepos_rate,0.156647
lung_two_species,missing_and_mixing_at_edge_70,scANVI,ARI_cluster/label,0.698244
lung_two_species,missing_and_mixing_at_edge_70,scANVI,ASW_label,0.622748
lung_two_species,missing_and_mixing_at_edge_70,scANVI,ASW_label/batch,0.839907
lung_two_species,missing_and_mixing_at_edge_70,scANVI,NMI_cluster/label,0.823221
lung_two_species,missing_and_mixing_at_edge_70,scANVI,graph_conn,0.985112
lung_two_species,missing_and_mixing_at_edge_70,scANVI,kBET,0.152395
lung_two_species,missing_and_mixing_at_edge_70,scANVI,lisi_b,0.119285
lung_two_species,missing_and_mixing_at_edge_70,scANVI,lisi_c,0.991405
lung_two_species,missing_and_mixing_at_edge_70,scANVI,lisi_f1,0.212948
lung_two_species,missing_and_mixing_at_edge_70,scANVI,pos_rate,0.931214
lung_two_species,missing_and_mixing_at_edge_70,scANVI,truepos_rate,0.20737
lung_two_species,missing_and_mixing_at_edge_70,scDREAMER,ARI_cluster/label,0.697364
lung_two_species,missing_and_mixing_at_edge_70,scDREAMER,ASW_label,0.646477
lung_two_species,missing_and_mixing_at_edge_70,scDREAMER,ASW_label/batch,0.804118
lung_two_species,missing_and_mixing_at_edge_70,scDREAMER,NMI_cluster/label,0.814649
lung_two_species,missing_and_mixing_at_edge_70,scDREAMER,graph_conn,0.980821
lung_two_species,missing_and_mixing_at_edge_70,scDREAMER,kBET,0.177625
lung_two_species,missing_and_mixing_at_edge_70,scDREAMER,lisi_b,0.168228
lung_two_species,missing_and_mixing_at_edge_70,scDREAMER,lisi_c,0.989977
lung_two_species,missing_and_mixing_at_edge_70,scDREAMER,lisi_f1,0.287586
lung_two_species,missing_and_mixing_at_edge_70,scDREAMER,pos_rate,0.920231
lung_two_species,missing_and_mixing_at_edge_70,scDREAMER,truepos_rate,0.265414
lung_two_species,missing_and_mixing_at_edge_70,scGEN,ARI_cluster/label,0.699599
lung_two_species,missing_and_mixing_at_edge_70,scGEN,ASW_label,0.601214
lung_two_species,missing_and_mixing_at_edge_70,scGEN,ASW_label/batch,0.880425
lung_two_species,missing_and_mixing_at_edge_70,scGEN,NMI_cluster/label,0.827958
lung_two_species,missing_and_mixing_at_edge_70,scGEN,graph_conn,0.975126
lung_two_species,missing_and_mixing_at_edge_70,scGEN,kBET,0.289283
lung_two_species,missing_and_mixing_at_edge_70,scGEN,lisi_b,0.25904
lung_two_species,missing_and_mixing_at_edge_70,scGEN,lisi_c,0.991631
lung_two_species,missing_and_mixing_at_edge_70,scGEN,lisi_f1,0.410775
lung_two_species,missing_and_mixing_at_edge_70,scGEN,pos_rate,0.933237
lung_two_species,missing_and_mixing_at_edge_70,scGEN,truepos_rate,0.333719
lung_two_species,mixing_at_edge_30,ItClust,ARI_cluster/label,0.705615
lung_two_species,mixing_at_edge_30,ItClust,ASW_label,0.793004
lung_two_species,mixing_at_edge_30,ItClust,ASW_label/batch,0.463204
lung_two_species,mixing_at_edge_30,ItClust,NMI_cluster/label,0.816665
lung_two_species,mixing_at_edge_30,ItClust,graph_conn,0.892075
lung_two_species,mixing_at_edge_30,ItClust,isolated_label_F1,0.828089
lung_two_species,mixing_at_edge_30,ItClust,isolated_label_silhouette,0.779789
lung_two_species,mixing_at_edge_30,ItClust,kBET,0.171813
lung_two_species,mixing_at_edge_30,ItClust,lisi_b,0.176886
lung_two_species,mixing_at_edge_30,ItClust,lisi_c,0.98795
lung_two_species,mixing_at_edge_30,ItClust,lisi_f1,0.30005
lung_two_species,mixing_at_edge_30,ItClust,pos_rate,0.89499
lung_two_species,mixing_at_edge_30,ItClust,truepos_rate,0.272013
lung_two_species,mixing_at_edge_30,STACAS,ARI_cluster/label,0.544154
lung_two_species,mixing_at_edge_30,STACAS,ASW_label,0.619839
lung_two_species,mixing_at_edge_30,STACAS,ASW_label/batch,0.780009
lung_two_species,mixing_at_edge_30,STACAS,NMI_cluster/label,0.780318
lung_two_species,mixing_at_edge_30,STACAS,graph_conn,0.984339
lung_two_species,mixing_at_edge_30,STACAS,isolated_label_F1,0.834603
lung_two_species,mixing_at_edge_30,STACAS,isolated_label_silhouette,0.62386
lung_two_species,mixing_at_edge_30,STACAS,kBET,0.14475
lung_two_species,mixing_at_edge_30,STACAS,lisi_b,0.0641877
lung_two_species,mixing_at_edge_30,STACAS,lisi_c,0.991
lung_two_species,mixing_at_edge_30,STACAS,lisi_f1,0.120566
lung_two_species,mixing_at_edge_30,STACAS,pos_rate,0.929576
lung_two_species,mixing_at_edge_30,STACAS,truepos_rate,0.154721
lung_two_species,mixing_at_edge_30,scANVI,ARI_cluster/label,0.724002
lung_two_species,mixing_at_edge_30,scANVI,ASW_label,0.628203
lung_two_species,mixing_at_edge_30,scANVI,ASW_label/batch,0.845503
lung_two_species,mixing_at_edge_30,scANVI,NMI_cluster/label,0.834398
lung_two_species,mixing_at_edge_30,scANVI,graph_conn,0.976693
lung_two_species,mixing_at_edge_30,scANVI,isolated_label_F1,0.900722
lung_two_species,mixing_at_edge_30,scANVI,isolated_label_silhouette,0.633773
lung_two_species,mixing_at_edge_30,scANVI,kBET,0.158305
lung_two_species,mixing_at_edge_30,scANVI,lisi_b,0.123788
lung_two_species,mixing_at_edge_30,scANVI,lisi_c,0.992229
lung_two_species,mixing_at_edge_30,scANVI,lisi_f1,0.220114
lung_two_species,mixing_at_edge_30,scANVI,pos_rate,0.937861
lung_two_species,mixing_at_edge_30,scANVI,truepos_rate,0.219894
lung_two_species,mixing_at_edge_30,scDREAMER,ARI_cluster/label,0.552436
lung_two_species,mixing_at_edge_30,scDREAMER,ASW_label,0.533348
lung_two_species,mixing_at_edge_30,scDREAMER,ASW_label/batch,0.829128
lung_two_species,mixing_at_edge_30,scDREAMER,NMI_cluster/label,0.616827
lung_two_species,mixing_at_edge_30,scDREAMER,graph_conn,0.917607
lung_two_species,mixing_at_edge_30,scDREAMER,isolated_label_F1,0.661281
lung_two_species,mixing_at_edge_30,scDREAMER,isolated_label_silhouette,0.531809
lung_two_species,mixing_at_edge_30,scDREAMER,kBET,0.444763
lung_two_species,mixing_at_edge_30,scDREAMER,lisi_b,0.348675
lung_two_species,mixing_at_edge_30,scDREAMER,lisi_c,0.936988
lung_two_species,mixing_at_edge_30,scDREAMER,lisi_f1,0.508227
lung_two_species,mixing_at_edge_30,scDREAMER,pos_rate,0.685116
lung_two_species,mixing_at_edge_30,scDREAMER,truepos_rate,0.479576
lung_two_species,mixing_at_edge_30,scGEN,ARI_cluster/label,0.7419
lung_two_species,mixing_at_edge_30,scGEN,ASW_label,0.603686
lung_two_species,mixing_at_edge_30,scGEN,ASW_label/batch,0.865531
lung_two_species,mixing_at_edge_30,scGEN,NMI_cluster/label,0.846012
lung_two_species,mixing_at_edge_30,scGEN,graph_conn,0.971171
lung_two_species,mixing_at_edge_30,scGEN,isolated_label_F1,0.918593
lung_two_species,mixing_at_edge_30,scGEN,isolated_label_silhouette,0.603908
lung_two_species,mixing_at_edge_30,scGEN,kBET,0.322211
lung_two_species,mixing_at_edge_30,scGEN,lisi_b,0.265934
lung_two_species,mixing_at_edge_30,scGEN,lisi_c,0.991694
lung_two_species,mixing_at_edge_30,scGEN,lisi_f1,0.419401
lung_two_species,mixing_at_edge_30,scGEN,pos_rate,0.935212
lung_two_species,mixing_at_edge_30,scGEN,truepos_rate,0.337524
lung_two_species,mixing_at_edge_50,ItClust,ARI_cluster/label,0.676039
lung_two_species,mixing_at_edge_50,ItClust,ASW_label,0.746037
lung_two_species,mixing_at_edge_50,ItClust,ASW_label/batch,0.382426
lung_two_species,mixing_at_edge_50,ItClust,NMI_cluster/label,0.808737
lung_two_species,mixing_at_edge_50,ItClust,graph_conn,0.851996
lung_two_species,mixing_at_edge_50,ItClust,isolated_label_F1,0.847987
lung_two_species,mixing_at_edge_50,ItClust,isolated_label_silhouette,0.773148
lung_two_species,mixing_at_edge_50,ItClust,kBET,0.197861
lung_two_species,mixing_at_edge_50,ItClust,lisi_b,0.184988
lung_two_species,mixing_at_edge_50,ItClust,lisi_c,0.984873
lung_two_species,mixing_at_edge_50,ItClust,lisi_f1,0.311473
lung_two_species,mixing_at_edge_50,ItClust,pos_rate,0.875145
lung_two_species,mixing_at_edge_50,ItClust,truepos_rate,0.2829
lung_two_species,mixing_at_edge_50,STACAS,ARI_cluster/label,0.545421
lung_two_species,mixing_at_edge_50,STACAS,ASW_label,0.620205
lung_two_species,mixing_at_edge_50,STACAS,ASW_label/batch,0.778758
lung_two_species,mixing_at_edge_50,STACAS,NMI_cluster/label,0.784578
lung_two_species,mixing_at_edge_50,STACAS,graph_conn,0.984042
lung_two_species,mixing_at_edge_50,STACAS,isolated_label_F1,0.834217
lung_two_species,mixing_at_edge_50,STACAS,isolated_label_silhouette,0.624617
lung_two_species,mixing_at_edge_50,STACAS,kBET,0.145011
lung_two_species,mixing_at_edge_50,STACAS,lisi_b,0.0655263
lung_two_species,mixing_at_edge_50,STACAS,lisi_c,0.991079
lung_two_species,mixing_at_edge_50,STACAS,lisi_f1,0.122925
lung_two_species,mixing_at_edge_50,STACAS,pos_rate,0.929672
lung_two_species,mixing_at_edge_50,STACAS,truepos_rate,0.155491
lung_two_species,mixing_at_edge_50,scANVI,ARI_cluster/label,0.732676
lung_two_species,mixing_at_edge_50,scANVI,ASW_label,0.632326
lung_two_species,mixing_at_edge_50,scANVI,ASW_label/batch,0.847061
lung_two_species,mixing_at_edge_50,scANVI,NMI_cluster/label,0.840357
lung_two_species,mixing_at_edge_50,scANVI,graph_conn,0.986733
lung_two_species,mixing_at_edge_50,scANVI,isolated_label_F1,0.920436
lung_two_species,mixing_at_edge_50,scANVI,isolated_label_silhouette,0.63709
lung_two_species,mixing_at_edge_50,scANVI,kBET,0.15812
lung_two_species,mixing_at_edge_50,scANVI,lisi_b,0.123592
lung_two_species,mixing_at_edge_50,scANVI,lisi_c,0.992991
lung_two_species,mixing_at_edge_50,scANVI,lisi_f1,0.219824
lung_two_species,mixing_at_edge_50,scANVI,pos_rate,0.94475
lung_two_species,mixing_at_edge_50,scANVI,truepos_rate,0.213776
lung_two_species,mixing_at_edge_50,scDREAMER,ARI_cluster/label,0.540677
lung_two_species,mixing_at_edge_50,scDREAMER,ASW_label,0.526384
lung_two_species,mixing_at_edge_50,scDREAMER,ASW_label/batch,0.818823
lung_two_species,mixing_at_edge_50,scDREAMER,NMI_cluster/label,0.594351
lung_two_species,mixing_at_edge_50,scDREAMER,graph_conn,0.904401
lung_two_species,mixing_at_edge_50,scDREAMER,isolated_label_F1,0.646313
lung_two_species,mixing_at_edge_50,scDREAMER,isolated_label_silhouette,0.523424
lung_two_species,mixing_at_edge_50,scDREAMER,kBET,0.463998
lung_two_species,mixing_at_edge_50,scDREAMER,lisi_b,0.336485
lung_two_species,mixing_at_edge_50,scDREAMER,lisi_c,0.931811
lung_two_species,mixing_at_edge_50,scDREAMER,lisi_f1,0.494428
lung_two_species,mixing_at_edge_50,scDREAMER,pos_rate,0.6592
lung_two_species,mixing_at_edge_50,scDREAMER,truepos_rate,0.424904
lung_two_species,mixing_at_edge_50,scGEN,ARI_cluster/label,0.707897
lung_two_species,mixing_at_edge_50,scGEN,ASW_label,0.608324
lung_two_species,mixing_at_edge_50,scGEN,ASW_label/batch,0.86796
lung_two_species,mixing_at_edge_50,scGEN,NMI_cluster/label,0.836532
lung_two_species,mixing_at_edge_50,scGEN,graph_conn,0.978808
lung_two_species,mixing_at_edge_50,scGEN,isolated_label_F1,0.925628
lung_two_species,mixing_at_edge_50,scGEN,isolated_label_silhouette,0.607572
lung_two_species,mixing_at_edge_50,scGEN,kBET,0.321361
lung_two_species,mixing_at_edge_50,scGEN,lisi_b,0.261439
lung_two_species,mixing_at_edge_50,scGEN,lisi_c,0.99179
lung_two_species,mixing_at_edge_50,scGEN,lisi_f1,0.413799
lung_two_species,mixing_at_edge_50,scGEN,pos_rate,0.93738
lung_two_species,mixing_at_edge_50,scGEN,truepos_rate,0.331262
lung_two_species,mixing_at_edge_70,ItClust,ARI_cluster/label,0.831926
lung_two_species,mixing_at_edge_70,ItClust,ASW_label,0.837
lung_two_species,mixing_at_edge_70,ItClust,ASW_label/batch,0.44447
lung_two_species,mixing_at_edge_70,ItClust,NMI_cluster/label,0.865253
lung_two_species,mixing_at_edge_70,ItClust,graph_conn,0.894064
lung_two_species,mixing_at_edge_70,ItClust,isolated_label_F1,0.880753
lung_two_species,mixing_at_edge_70,ItClust,isolated_label_silhouette,0.80945
lung_two_species,mixing_at_edge_70,ItClust,kBET,0.207828
lung_two_species,mixing_at_edge_70,ItClust,lisi_b,0.191806
lung_two_species,mixing_at_edge_70,ItClust,lisi_c,0.990593
lung_two_species,mixing_at_edge_70,ItClust,lisi_f1,0.321384
lung_two_species,mixing_at_edge_70,ItClust,pos_rate,0.920568
lung_two_species,mixing_at_edge_70,ItClust,truepos_rate,0.293208
lung_two_species,mixing_at_edge_70,STACAS,ARI_cluster/label,0.545334
lung_two_species,mixing_at_edge_70,STACAS,ASW_label,0.619901
lung_two_species,mixing_at_edge_70,STACAS,ASW_label/batch,0.778929
lung_two_species,mixing_at_edge_70,STACAS,NMI_cluster/label,0.784229
lung_two_species,mixing_at_edge_70,STACAS,graph_conn,0.984373
lung_two_species,mixing_at_edge_70,STACAS,isolated_label_F1,0.832972
lung_two_species,mixing_at_edge_70,STACAS,isolated_label_silhouette,0.624276
lung_two_species,mixing_at_edge_70,STACAS,kBET,0.146174
lung_two_species,mixing_at_edge_70,STACAS,lisi_b,0.0655981
lung_two_species,mixing_at_edge_70,STACAS,lisi_c,0.991063
lung_two_species,mixing_at_edge_70,STACAS,lisi_f1,0.123051
lung_two_species,mixing_at_edge_70,STACAS,pos_rate,0.929913
lung_two_species,mixing_at_edge_70,STACAS,truepos_rate,0.154913
lung_two_species,mixing_at_edge_70,scANVI,ARI_cluster/label,0.747007
lung_two_species,mixing_at_edge_70,scANVI,ASW_label,0.634746
lung_two_species,mixing_at_edge_70,scANVI,ASW_label/batch,0.840788
lung_two_species,mixing_at_edge_70,scANVI,NMI_cluster/label,0.85121
lung_two_species,mixing_at_edge_70,scANVI,graph_conn,0.986451
lung_two_species,mixing_at_edge_70,scANVI,isolated_label_F1,0.919168
lung_two_species,mixing_at_edge_70,scANVI,isolated_label_silhouette,0.640345
lung_two_species,mixing_at_edge_70,scANVI,kBET,0.15404
lung_two_species,mixing_at_edge_70,scANVI,lisi_b,0.122349
lung_two_species,mixing_at_edge_70,scANVI,lisi_c,0.993782
lung_two_species,mixing_at_edge_70,scANVI,lisi_f1,0.217875
lung_two_species,mixing_at_edge_70,scANVI,pos_rate,0.951493
lung_two_species,mixing_at_edge_70,scANVI,truepos_rate,0.216956
lung_two_species,mixing_at_edge_70,scDREAMER,ARI_cluster/label,0.568141
lung_two_species,mixing_at_edge_70,scDREAMER,ASW_label,0.536306
lung_two_species,mixing_at_edge_70,scDREAMER,ASW_label/batch,0.833234
lung_two_species,mixing_at_edge_70,scDREAMER,NMI_cluster/label,0.616196
lung_two_species,mixing_at_edge_70,scDREAMER,graph_conn,0.917489
lung_two_species,mixing_at_edge_70,scDREAMER,isolated_label_F1,0.693815
lung_two_species,mixing_at_edge_70,scDREAMER,isolated_label_silhouette,0.534684
lung_two_species,mixing_at_edge_70,scDREAMER,kBET,0.442492
lung_two_species,mixing_at_edge_70,scDREAMER,lisi_b,0.345919
lung_two_species,mixing_at_edge_70,scDREAMER,lisi_c,0.936287
lung_two_species,mixing_at_edge_70,scDREAMER,lisi_f1,0.505191
lung_two_species,mixing_at_edge_70,scDREAMER,pos_rate,0.686464
lung_two_species,mixing_at_edge_70,scDREAMER,truepos_rate,0.466474
lung_two_species,mixing_at_edge_70,scGEN,ARI_cluster/label,0.716833
lung_two_species,mixing_at_edge_70,scGEN,ASW_label,0.608826
lung_two_species,mixing_at_edge_70,scGEN,ASW_label/batch,0.862014
lung_two_species,mixing_at_edge_70,scGEN,NMI_cluster/label,0.842553
lung_two_species,mixing_at_edge_70,scGEN,graph_conn,0.983405
lung_two_species,mixing_at_edge_70,scGEN,isolated_label_F1,0.927303
lung_two_species,mixing_at_edge_70,scGEN,isolated_label_silhouette,0.608707
lung_two_species,mixing_at_edge_70,scGEN,kBET,0.32019
lung_two_species,mixing_at_edge_70,scGEN,lisi_b,0.258412
lung_two_species,mixing_at_edge_70,scGEN,lisi_c,0.992038
lung_two_species,mixing_at_edge_70,scGEN,lisi_f1,0.410019
lung_two_species,mixing_at_edge_70,scGEN,pos_rate,0.940366
lung_two_species,mixing_at_edge_70,scGEN,truepos_rate,0.34027
lung_two_species,partially_annotated_batches_0,ItClust,ARI_cluster/label,0.619421
lung_two_species,partially_annotated_batches_0,ItClust,ASW_label,0.669304
lung_two_species,partially_annotated_batches_0,ItClust,ASW_label/batch,0.182621
lung_two_species,partially_annotated_batches_0,ItClust,NMI_cluster/label,0.811445
lung_two_species,partially_annotated_batches_0,ItClust,graph_conn,0.838507
lung_two_species,partially_annotated_batches_0,ItClust,lisi_b,0.021
lung_two_species,partially_annotated_batches_0,ItClust,lisi_c,0.982
lung_two_species,partially_annotated_batches_0,ItClust,lisi_f1,0.041
lung_two_species,partially_annotated_batches_0,ItClust,pos_rate,0.850482
lung_two_species,partially_annotated_batches_0,ItClust,truepos_rate,0.0913295
lung_two_species,partially_annotated_batches_0,scANVI,ARI_cluster/label,0.714804
lung_two_species,partially_annotated_batches_0,scANVI,ASW_label,0.604865
lung_two_species,partially_annotated_batches_0,scANVI,ASW_label/batch,0.810175
lung_two_species,partially_annotated_batches_0,scANVI,NMI_cluster/label,0.817431
lung_two_species,partially_annotated_batches_0,scANVI,graph_conn,0.989525
lung_two_species,partially_annotated_batches_0,scANVI,lisi_b,0.094
lung_two_species,partially_annotated_batches_0,scANVI,lisi_c,0.991
lung_two_species,partially_annotated_batches_0,scANVI,lisi_f1,0.172
lung_two_species,partially_annotated_batches_0,scANVI,pos_rate,0.932081
lung_two_species,partially_annotated_batches_0,scANVI,truepos_rate,0.185645
lung_two_species,partially_annotated_batches_0,scDREAMER,ARI_cluster/label,0.619758
lung_two_species,partially_annotated_batches_0,scDREAMER,ASW_label,0.613432
lung_two_species,partially_annotated_batches_0,scDREAMER,ASW_label/batch,0.504121
lung_two_species,partially_annotated_batches_0,scDREAMER,NMI_cluster/label,0.834108
lung_two_species,partially_annotated_batches_0,scDREAMER,graph_conn,0.826072
lung_two_species,partially_annotated_batches_0,scDREAMER,lisi_b,0.002
lung_two_species,partially_annotated_batches_0,scDREAMER,lisi_c,0.997
lung_two_species,partially_annotated_batches_0,scDREAMER,lisi_f1,0.003
lung_two_species,partially_annotated_batches_0,scDREAMER,pos_rate,0.983285
lung_two_species,partially_annotated_batches_0,scDREAMER,truepos_rate,0.0821291
lung_two_species,partially_annotated_batches_0,scGEN,ARI_cluster/label,0.524199
lung_two_species,partially_annotated_batches_0,scGEN,ASW_label,0.568876
lung_two_species,partially_annotated_batches_0,scGEN,ASW_label/batch,0.645468
lung_two_species,partially_annotated_batches_0,scGEN,NMI_cluster/label,0.762762
lung_two_species,partially_annotated_batches_0,scGEN,graph_conn,0.887266
lung_two_species,partially_annotated_batches_0,scGEN,lisi_b,0.003
lung_two_species,partially_annotated_batches_0,scGEN,lisi_c,0.991
lung_two_species,partially_annotated_batches_0,scGEN,lisi_f1,0.007
lung_two_species,partially_annotated_batches_0,scGEN,pos_rate,0.937572
lung_two_species,partially_annotated_batches_0,scGEN,truepos_rate,0.0906069
lung_two_species,partially_annotated_batches_1,ItClust,ARI_cluster/label,0.192169
lung_two_species,partially_annotated_batches_1,ItClust,ASW_label,0.290814
lung_two_species,partially_annotated_batches_1,ItClust,ASW_label/batch,0.0380181
lung_two_species,partially_annotated_batches_1,ItClust,NMI_cluster/label,0.430046
lung_two_species,partially_annotated_batches_1,ItClust,graph_conn,0.677036
lung_two_species,partially_annotated_batches_1,ItClust,lisi_b,0
lung_two_species,partially_annotated_batches_1,ItClust,lisi_c,0.932
lung_two_species,partially_annotated_batches_1,ItClust,lisi_f1,0
lung_two_species,partially_annotated_batches_1,ItClust,pos_rate,0.587909
lung_two_species,partially_annotated_batches_1,ItClust,truepos_rate,0.114114
lung_two_species,partially_annotated_batches_1,scANVI,ARI_cluster/label,0.694988
lung_two_species,partially_annotated_batches_1,scANVI,ASW_label,0.600726
lung_two_species,partially_annotated_batches_1,scANVI,ASW_label/batch,0.822741
lung_two_species,partially_annotated_batches_1,scANVI,NMI_cluster/label,0.812705
lung_two_species,partially_annotated_batches_1,scANVI,graph_conn,0.987959
lung_two_species,partially_annotated_batches_1,scANVI,lisi_b,0.106
lung_two_species,partially_annotated_batches_1,scANVI,lisi_c,0.991
lung_two_species,partially_annotated_batches_1,scANVI,lisi_f1,0.192
lung_two_species,partially_annotated_batches_1,scANVI,pos_rate,0.932852
lung_two_species,partially_annotated_batches_1,scANVI,truepos_rate,0.202938
lung_two_species,partially_annotated_batches_1,scDREAMER,ARI_cluster/label,0.497056
lung_two_species,partially_annotated_batches_1,scDREAMER,ASW_label,0.601983
lung_two_species,partially_annotated_batches_1,scDREAMER,ASW_label/batch,0.525848
lung_two_species,partially_annotated_batches_1,scDREAMER,NMI_cluster/label,0.758813
lung_two_species,partially_annotated_batches_1,scDREAMER,graph_conn,0.90946
lung_two_species,partially_annotated_batches_1,scDREAMER,lisi_b,0.002
lung_two_species,partially_annotated_batches_1,scDREAMER,lisi_c,0.991
lung_two_species,partially_annotated_batches_1,scDREAMER,lisi_f1,0.004
lung_two_species,partially_annotated_batches_1,scDREAMER,pos_rate,0.937765
lung_two_species,partially_annotated_batches_1,scDREAMER,truepos_rate,0.08579
lung_two_species,partially_annotated_batches_1,scGEN,ARI_cluster/label,0.529101
lung_two_species,partially_annotated_batches_1,scGEN,ASW_label,0.5658
lung_two_species,partially_annotated_batches_1,scGEN,ASW_label/batch,0.640081
lung_two_species,partially_annotated_batches_1,scGEN,NMI_cluster/label,0.767255
lung_two_species,partially_annotated_batches_1,scGEN,graph_conn,0.855526
lung_two_species,partially_annotated_batches_1,scGEN,lisi_b,0.003
lung_two_species,partially_annotated_batches_1,scGEN,lisi_c,0.991
lung_two_species,partially_annotated_batches_1,scGEN,lisi_f1,0.007
lung_two_species,partially_annotated_batches_1,scGEN,pos_rate,0.939066
lung_two_species,partially_annotated_batches_1,scGEN,truepos_rate,0.0885838
lung_two_species,randomly_missing_30,ItClust,ARI_cluster/label,0.498968
lung_two_species,randomly_missing_30,ItClust,ASW_label,0.585226
lung_two_species,randomly_missing_30,ItClust,ASW_label/batch,0.490678
lung_two_species,randomly_missing_30,ItClust,NMI_cluster/label,0.685309
lung_two_species,randomly_missing_30,ItClust,graph_conn,0.608915
lung_two_species,randomly_missing_30,ItClust,isolated_label_F1,0.706944
lung_two_species,randomly_missing_30,ItClust,isolated_label_silhouette,0.562892
lung_two_species,randomly_missing_30,ItClust,kBET,0.087678
lung_two_species,randomly_missing_30,ItClust,lisi_b,0.147464
lung_two_species,randomly_missing_30,ItClust,lisi_c,0.97889
lung_two_species,randomly_missing_30,ItClust,lisi_f1,0.256315
lung_two_species,randomly_missing_30,ItClust,pos_rate,0.861898
lung_two_species,randomly_missing_30,ItClust,truepos_rate,0.236224
lung_two_species,randomly_missing_30,STACAS,ARI_cluster/label,0.55595
lung_two_species,randomly_missing_30,STACAS,ASW_label,0.617166
lung_two_species,randomly_missing_30,STACAS,ASW_label/batch,0.785212
lung_two_species,randomly_missing_30,STACAS,NMI_cluster/label,0.797051
lung_two_species,randomly_missing_30,STACAS,graph_conn,0.984741
lung_two_species,randomly_missing_30,STACAS,isolated_label_F1,0.831634
lung_two_species,randomly_missing_30,STACAS,isolated_label_silhouette,0.623434
lung_two_species,randomly_missing_30,STACAS,kBET,0.146899
lung_two_species,randomly_missing_30,STACAS,lisi_b,0.06129
lung_two_species,randomly_missing_30,STACAS,lisi_c,0.990974
lung_two_species,randomly_missing_30,STACAS,lisi_f1,0.11544
lung_two_species,randomly_missing_30,STACAS,pos_rate,0.930732
lung_two_species,randomly_missing_30,STACAS,truepos_rate,0.148844
lung_two_species,randomly_missing_30,scANVI,ARI_cluster/label,0.755349
lung_two_species,randomly_missing_30,scANVI,ASW_label,0.634756
lung_two_species,randomly_missing_30,scANVI,ASW_label/batch,0.844912
lung_two_species,randomly_missing_30,scANVI,NMI_cluster/label,0.860581
lung_two_species,randomly_missing_30,scANVI,graph_conn,0.991789
lung_two_species,randomly_missing_30,scANVI,isolated_label_F1,0.922339
lung_two_species,randomly_missing_30,scANVI,isolated_label_silhouette,0.640256
lung_two_species,randomly_missing_30,scANVI,kBET,0.156522
lung_two_species,randomly_missing_30,scANVI,lisi_b,0.120399
lung_two_species,randomly_missing_30,scANVI,lisi_c,0.994468
lung_two_species,randomly_missing_30,scANVI,lisi_f1,0.214793
lung_two_species,randomly_missing_30,scANVI,pos_rate,0.959393
lung_two_species,randomly_missing_30,scANVI,truepos_rate,0.216522
lung_two_species,randomly_missing_30,scDREAMER,ARI_cluster/label,0.593656
lung_two_species,randomly_missing_30,scDREAMER,ASW_label,0.648612
lung_two_species,randomly_missing_30,scDREAMER,ASW_label/batch,0.81532
lung_two_species,randomly_missing_30,scDREAMER,NMI_cluster/label,0.804572
lung_two_species,randomly_missing_30,scDREAMER,graph_conn,0.99414
lung_two_species,randomly_missing_30,scDREAMER,isolated_label_F1,0.99414
lung_two_species,randomly_missing_30,scDREAMER,isolated_label_silhouette,0.518448
lung_two_species,randomly_missing_30,scDREAMER,kBET,0.233749
lung_two_species,randomly_missing_30,scDREAMER,lisi_b,0.181455
lung_two_species,randomly_missing_30,scDREAMER,lisi_c,0.995002
lung_two_species,randomly_missing_30,scDREAMER,lisi_f1,0.306935
lung_two_species,randomly_missing_30,scDREAMER,pos_rate,0.970376
lung_two_species,randomly_missing_30,scDREAMER,truepos_rate,0.312524
lung_two_species,randomly_missing_30,scGEN,ARI_cluster/label,0.664061
lung_two_species,randomly_missing_30,scGEN,ASW_label,0.589209
lung_two_species,randomly_missing_30,scGEN,ASW_label/batch,0.903845
lung_two_species,randomly_missing_30,scGEN,NMI_cluster/label,0.804879
lung_two_species,randomly_missing_30,scGEN,graph_conn,0.976503
lung_two_species,randomly_missing_30,scGEN,isolated_label_F1,0.900893
lung_two_species,randomly_missing_30,scGEN,isolated_label_silhouette,0.592279
lung_two_species,randomly_missing_30,scGEN,kBET,0.317587
lung_two_species,randomly_missing_30,scGEN,lisi_b,0.229714
lung_two_species,randomly_missing_30,scGEN,lisi_c,0.992107
lung_two_species,randomly_missing_30,scGEN,lisi_f1,0.373051
lung_two_species,randomly_missing_30,scGEN,pos_rate,0.945135
lung_two_species,randomly_missing_30,scGEN,truepos_rate,0.385694
lung_two_species,randomly_missing_50,ItClust,ARI_cluster/label,0.378201
lung_two_species,randomly_missing_50,ItClust,ASW_label,0.493479
lung_two_species,randomly_missing_50,ItClust,ASW_label/batch,0.506076
lung_two_species,randomly_missing_50,ItClust,NMI_cluster/label,0.620579
lung_two_species,randomly_missing_50,ItClust,graph_conn,0.474327
lung_two_species,randomly_missing_50,ItClust,isolated_label_F1,0.563297
lung_two_species,randomly_missing_50,ItClust,isolated_label_silhouette,0.472229
lung_two_species,randomly_missing_50,ItClust,kBET,0.143344
lung_two_species,randomly_missing_50,ItClust,lisi_b,0.137793
lung_two_species,randomly_missing_50,ItClust,lisi_c,0.965836
lung_two_species,randomly_missing_50,ItClust,lisi_f1,0.241179
lung_two_species,randomly_missing_50,ItClust,pos_rate,0.78632
lung_two_species,randomly_missing_50,ItClust,truepos_rate,0.238391
lung_two_species,randomly_missing_50,STACAS,ARI_cluster/label,0.569432
lung_two_species,randomly_missing_50,STACAS,ASW_label,0.617066
lung_two_species,randomly_missing_50,STACAS,ASW_label/batch,0.769606
lung_two_species,randomly_missing_50,STACAS,NMI_cluster/label,0.788507
lung_two_species,randomly_missing_50,STACAS,graph_conn,0.983872
lung_two_species,randomly_missing_50,STACAS,isolated_label_F1,0.821191
lung_two_species,randomly_missing_50,STACAS,isolated_label_silhouette,0.621989
lung_two_species,randomly_missing_50,STACAS,kBET,0.138071
lung_two_species,randomly_missing_50,STACAS,lisi_b,0.0544745
lung_two_species,randomly_missing_50,STACAS,lisi_c,0.991026
lung_two_species,randomly_missing_50,STACAS,lisi_f1,0.103272
lung_two_species,randomly_missing_50,STACAS,pos_rate,0.929094
lung_two_species,randomly_missing_50,STACAS,truepos_rate,0.143304
lung_two_species,randomly_missing_50,scANVI,ARI_cluster/label,0.73185
lung_two_species,randomly_missing_50,scANVI,ASW_label,0.63066
lung_two_species,randomly_missing_50,scANVI,ASW_label/batch,0.848662
lung_two_species,randomly_missing_50,scANVI,NMI_cluster/label,0.845687
lung_two_species,randomly_missing_50,scANVI,graph_conn,0.990171
lung_two_species,randomly_missing_50,scANVI,isolated_label_F1,0.929923
lung_two_species,randomly_missing_50,scANVI,isolated_label_silhouette,0.636064
lung_two_species,randomly_missing_50,scANVI,kBET,0.157193
lung_two_species,randomly_missing_50,scANVI,lisi_b,0.123799
lung_two_species,randomly_missing_50,scANVI,lisi_c,0.994107
lung_two_species,randomly_missing_50,scANVI,lisi_f1,0.220178
lung_two_species,randomly_missing_50,scANVI,pos_rate,0.955925
lung_two_species,randomly_missing_50,scANVI,truepos_rate,0.221628
lung_two_species,randomly_missing_50,scDREAMER,ARI_cluster/label,0.540337
lung_two_species,randomly_missing_50,scDREAMER,ASW_label,0.642438
lung_two_species,randomly_missing_50,scDREAMER,ASW_label/batch,0.829302
lung_two_species,randomly_missing_50,scDREAMER,NMI_cluster/label,0.781103
lung_two_species,randomly_missing_50,scDREAMER,graph_conn,0.989941
lung_two_species,randomly_missing_50,scDREAMER,isolated_label_F1,0.989941
lung_two_species,randomly_missing_50,scDREAMER,isolated_label_silhouette,0.508863
lung_two_species,randomly_missing_50,scDREAMER,kBET,0.236827
lung_two_species,randomly_missing_50,scDREAMER,lisi_b,0.19987
lung_two_species,randomly_missing_50,scDREAMER,lisi_c,0.993338
lung_two_species,randomly_missing_50,scDREAMER,lisi_f1,0.332781
lung_two_species,randomly_missing_50,scDREAMER,pos_rate,0.959827
lung_two_species,randomly_missing_50,scDREAMER,truepos_rate,0.337813
lung_two_species,randomly_missing_50,scGEN,ARI_cluster/label,0.588858
lung_two_species,randomly_missing_50,scGEN,ASW_label,0.578378
lung_two_species,randomly_missing_50,scGEN,ASW_label/batch,0.862582
lung_two_species,randomly_missing_50,scGEN,NMI_cluster/label,0.780384
lung_two_species,randomly_missing_50,scGEN,graph_conn,0.976346
lung_two_species,randomly_missing_50,scGEN,isolated_label_F1,0.852578
lung_two_species,randomly_missing_50,scGEN,isolated_label_silhouette,0.579546
lung_two_species,randomly_missing_50,scGEN,kBET,0.319623
lung_two_species,randomly_missing_50,scGEN,lisi_b,0.199443
lung_two_species,randomly_missing_50,scGEN,lisi_c,0.991203
lung_two_species,randomly_missing_50,scGEN,lisi_f1,0.332069
lung_two_species,randomly_missing_50,scGEN,pos_rate,0.939933
lung_two_species,randomly_missing_50,scGEN,truepos_rate,0.375048
lung_two_species,randomly_missing_70,ItClust,ARI_cluster/label,0.355495
lung_two_species,randomly_missing_70,ItClust,ASW_label,0.406018
lung_two_species,randomly_missing_70,ItClust,ASW_label/batch,0.412743
lung_two_species,randomly_missing_70,ItClust,NMI_cluster/label,0.607164
lung_two_species,randomly_missing_70,ItClust,graph_conn,0.599744
lung_two_species,randomly_missing_70,ItClust,isolated_label_F1,0.546747
lung_two_species,randomly_missing_70,ItClust,isolated_label_silhouette,0.39081
lung_two_species,randomly_missing_70,ItClust,kBET,0.105295
lung_two_species,randomly_missing_70,ItClust,lisi_b,0.112948
lung_two_species,randomly_missing_70,ItClust,lisi_c,0.972485
lung_two_species,randomly_missing_70,ItClust,lisi_f1,0.202389
lung_two_species,randomly_missing_70,ItClust,pos_rate,0.730299
lung_two_species,randomly_missing_70,ItClust,truepos_rate,0.214258
lung_two_species,randomly_missing_70,STACAS,ARI_cluster/label,0.591763
lung_two_species,randomly_missing_70,STACAS,ASW_label,0.616403
lung_two_species,randomly_missing_70,STACAS,ASW_label/batch,0.785733
lung_two_species,randomly_missing_70,STACAS,NMI_cluster/label,0.79083
lung_two_species,randomly_missing_70,STACAS,graph_conn,0.983333
lung_two_species,randomly_missing_70,STACAS,isolated_label_F1,0.832149
lung_two_species,randomly_missing_70,STACAS,isolated_label_silhouette,0.62209
lung_two_species,randomly_missing_70,STACAS,kBET,0.146771
lung_two_species,randomly_missing_70,STACAS,lisi_b,0.0599421
lung_two_species,randomly_missing_70,STACAS,lisi_c,0.99092
lung_two_species,randomly_missing_70,STACAS,lisi_f1,0.113046
lung_two_species,randomly_missing_70,STACAS,pos_rate,0.92789
lung_two_species,randomly_missing_70,STACAS,truepos_rate,0.149566
lung_two_species,randomly_missing_70,scANVI,ARI_cluster/label,0.725178
lung_two_species,randomly_missing_70,scANVI,ASW_label,0.629744
lung_two_species,randomly_missing_70,scANVI,ASW_label/batch,0.846467
lung_two_species,randomly_missing_70,scANVI,NMI_cluster/label,0.840593
lung_two_species,randomly_missing_70,scANVI,graph_conn,0.989351
lung_two_species,randomly_missing_70,scANVI,isolated_label_F1,0.919982
lung_two_species,randomly_missing_70,scANVI,isolated_label_silhouette,0.634669
lung_two_species,randomly_missing_70,scANVI,kBET,0.159561
lung_two_species,randomly_missing_70,scANVI,lisi_b,0.121195
lung_two_species,randomly_missing_70,scANVI,lisi_c,0.993661
lung_two_species,randomly_missing_70,scANVI,lisi_f1,0.21604
lung_two_species,randomly_missing_70,scANVI,pos_rate,0.953565
lung_two_species,randomly_missing_70,scANVI,truepos_rate,0.215173
lung_two_species,randomly_missing_70,scDREAMER,ARI_cluster/label,0.489962
lung_two_species,randomly_missing_70,scDREAMER,ASW_label,0.635196
lung_two_species,randomly_missing_70,scDREAMER,ASW_label/batch,0.831635
lung_two_species,randomly_missing_70,scDREAMER,NMI_cluster/label,0.762998
lung_two_species,randomly_missing_70,scDREAMER,graph_conn,0.988903
lung_two_species,randomly_missing_70,scDREAMER,isolated_label_F1,0.988903
lung_two_species,randomly_missing_70,scDREAMER,isolated_label_silhouette,0.502851
lung_two_species,randomly_missing_70,scDREAMER,kBET,0.252588
lung_two_species,randomly_missing_70,scDREAMER,lisi_b,0.187776
lung_two_species,randomly_missing_70,scDREAMER,lisi_c,0.991704
lung_two_species,randomly_missing_70,scDREAMER,lisi_f1,0.315764
lung_two_species,randomly_missing_70,scDREAMER,pos_rate,0.945809
lung_two_species,randomly_missing_70,scDREAMER,truepos_rate,0.326927
lung_two_species,randomly_missing_70,scGEN,ARI_cluster/label,0.555742
lung_two_species,randomly_missing_70,scGEN,ASW_label,0.575155
lung_two_species,randomly_missing_70,scGEN,ASW_label/batch,0.802752
lung_two_species,randomly_missing_70,scGEN,NMI_cluster/label,0.770143
lung_two_species,randomly_missing_70,scGEN,graph_conn,0.959531
lung_two_species,randomly_missing_70,scGEN,isolated_label_F1,0.82824
lung_two_species,randomly_missing_70,scGEN,isolated_label_silhouette,0.575956
lung_two_species,randomly_missing_70,scGEN,kBET,0.283426
lung_two_species,randomly_missing_70,scGEN,lisi_b,0.150197
lung_two_species,randomly_missing_70,scGEN,lisi_c,0.990714
lung_two_species,randomly_missing_70,scGEN,lisi_f1,0.260848
lung_two_species,randomly_missing_70,scGEN,pos_rate,0.937909
lung_two_species,randomly_missing_70,scGEN,truepos_rate,0.342389
lung_two_species,randomly_wrong_30,ItClust,ARI_cluster/label,0.456108
lung_two_species,randomly_wrong_30,ItClust,ASW_label,0.568941
lung_two_species,randomly_wrong_30,ItClust,ASW_label/batch,0.435829
lung_two_species,randomly_wrong_30,ItClust,NMI_cluster/label,0.499528
lung_two_species,randomly_wrong_30,ItClust,graph_conn,0.654614
lung_two_species,randomly_wrong_30,ItClust,kBET,0.0842181
lung_two_species,randomly_wrong_30,ItClust,lisi_b,0.178625
lung_two_species,randomly_wrong_30,ItClust,lisi_c,0.948217
lung_two_species,randomly_wrong_30,ItClust,lisi_f1,0.300619
lung_two_species,randomly_wrong_30,ItClust,pos_rate,0.648459
lung_two_species,randomly_wrong_30,ItClust,truepos_rate,0.1592
lung_two_species,randomly_wrong_30,STACAS,ARI_cluster/label,0.610512
lung_two_species,randomly_wrong_30,STACAS,ASW_label,0.63539
lung_two_species,randomly_wrong_30,STACAS,ASW_label/batch,0.78272
lung_two_species,randomly_wrong_30,STACAS,NMI_cluster/label,0.798047
lung_two_species,randomly_wrong_30,STACAS,graph_conn,0.984087
lung_two_species,randomly_wrong_30,STACAS,kBET,0.16882
lung_two_species,randomly_wrong_30,STACAS,lisi_b,0.0851638
lung_two_species,randomly_wrong_30,STACAS,lisi_c,0.991145
lung_two_species,randomly_wrong_30,STACAS,lisi_f1,0.15685
lung_two_species,randomly_wrong_30,STACAS,pos_rate,0.929143
lung_two_species,randomly_wrong_30,STACAS,truepos_rate,0.143256
lung_two_species,randomly_wrong_30,scANVI,ARI_cluster/label,0.770476
lung_two_species,randomly_wrong_30,scANVI,ASW_label,0.635785
lung_two_species,randomly_wrong_30,scANVI,ASW_label/batch,0.838474
lung_two_species,randomly_wrong_30,scANVI,NMI_cluster/label,0.844687
lung_two_species,randomly_wrong_30,scANVI,graph_conn,0.982213
lung_two_species,randomly_wrong_30,scANVI,kBET,0.291766
lung_two_species,randomly_wrong_30,scANVI,lisi_b,0.217368
lung_two_species,randomly_wrong_30,scANVI,lisi_c,0.990459
lung_two_species,randomly_wrong_30,scANVI,lisi_f1,0.356498
lung_two_species,randomly_wrong_30,scANVI,pos_rate,0.927023
lung_two_species,randomly_wrong_30,scANVI,truepos_rate,0.297929
lung_two_species,randomly_wrong_30,scDREAMER,ARI_cluster/label,0.658455
lung_two_species,randomly_wrong_30,scDREAMER,ASW_label,0.629992
lung_two_species,randomly_wrong_30,scDREAMER,ASW_label/batch,0.876432
lung_two_species,randomly_wrong_30,scDREAMER,NMI_cluster/label,0.78716
lung_two_species,randomly_wrong_30,scDREAMER,graph_conn,0.986598
lung_two_species,randomly_wrong_30,scDREAMER,kBET,0.424119
lung_two_species,randomly_wrong_30,scDREAMER,lisi_b,0.388482
lung_two_species,randomly_wrong_30,scDREAMER,lisi_c,0.989977
lung_two_species,randomly_wrong_30,scDREAMER,lisi_f1,0.557998
lung_two_species,randomly_wrong_30,scDREAMER,pos_rate,0.933478
lung_two_species,randomly_wrong_30,scDREAMER,truepos_rate,0.556262
lung_two_species,randomly_wrong_30,scGEN,ARI_cluster/label,0.645838
lung_two_species,randomly_wrong_30,scGEN,ASW_label,0.571446
lung_two_species,randomly_wrong_30,scGEN,ASW_label/batch,0.833855
lung_two_species,randomly_wrong_30,scGEN,NMI_cluster/label,0.77926
lung_two_species,randomly_wrong_30,scGEN,graph_conn,0.981611
lung_two_species,randomly_wrong_30,scGEN,kBET,0.126131
lung_two_species,randomly_wrong_30,scGEN,lisi_b,0.142391
lung_two_species,randomly_wrong_30,scGEN,lisi_c,0.989888
lung_two_species,randomly_wrong_30,scGEN,lisi_f1,0.248969
lung_two_species,randomly_wrong_30,scGEN,pos_rate,0.930395
lung_two_species,randomly_wrong_30,scGEN,truepos_rate,0.255058
lung_two_species,randomly_wrong_50,ItClust,ARI_cluster/label,0.230741
lung_two_species,randomly_wrong_50,ItClust,ASW_label,0.477043
lung_two_species,randomly_wrong_50,ItClust,ASW_label/batch,0.634391
lung_two_species,randomly_wrong_50,ItClust,NMI_cluster/label,0.290954
lung_two_species,randomly_wrong_50,ItClust,graph_conn,0.481895
lung_two_species,randomly_wrong_50,ItClust,kBET,0.101923
lung_two_species,randomly_wrong_50,ItClust,lisi_b,0.185793
lung_two_species,randomly_wrong_50,ItClust,lisi_c,0.888349
lung_two_species,randomly_wrong_50,ItClust,lisi_f1,0.307313
lung_two_species,randomly_wrong_50,ItClust,pos_rate,0.454624
lung_two_species,randomly_wrong_50,ItClust,truepos_rate,0.135164
lung_two_species,randomly_wrong_50,STACAS,ARI_cluster/label,0.573376
lung_two_species,randomly_wrong_50,STACAS,ASW_label,0.61744
lung_two_species,randomly_wrong_50,STACAS,ASW_label/batch,0.761817
lung_two_species,randomly_wrong_50,STACAS,NMI_cluster/label,0.780401
lung_two_species,randomly_wrong_50,STACAS,graph_conn,0.984297
lung_two_species,randomly_wrong_50,STACAS,kBET,0.142887
lung_two_species,randomly_wrong_50,STACAS,lisi_b,0.0544109
lung_two_species,randomly_wrong_50,STACAS,lisi_c,0.991108
lung_two_species,randomly_wrong_50,STACAS,lisi_f1,0.103159
lung_two_species,randomly_wrong_50,STACAS,pos_rate,0.930588
lung_two_species,randomly_wrong_50,STACAS,truepos_rate,0.145087
lung_two_species,randomly_wrong_50,scANVI,ARI_cluster/label,0.728764
lung_two_species,randomly_wrong_50,scANVI,ASW_label,0.604793
lung_two_species,randomly_wrong_50,scANVI,ASW_label/batch,0.853886
lung_two_species,randomly_wrong_50,scANVI,NMI_cluster/label,0.819026
lung_two_species,randomly_wrong_50,scANVI,graph_conn,0.979681
lung_two_species,randomly_wrong_50,scANVI,kBET,0.246975
lung_two_species,randomly_wrong_50,scANVI,lisi_b,0.200266
lung_two_species,randomly_wrong_50,scANVI,lisi_c,0.986205
lung_two_species,randomly_wrong_50,scANVI,lisi_f1,0.332925
lung_two_species,randomly_wrong_50,scANVI,pos_rate,0.89817
lung_two_species,randomly_wrong_50,scANVI,truepos_rate,0.276638
lung_two_species,randomly_wrong_50,scDREAMER,ARI_cluster/label,0.437214
lung_two_species,randomly_wrong_50,scDREAMER,ASW_label,0.597531
lung_two_species,randomly_wrong_50,scDREAMER,ASW_label/batch,0.901764
lung_two_species,randomly_wrong_50,scDREAMER,NMI_cluster/label,0.659566
lung_two_species,randomly_wrong_50,scDREAMER,graph_conn,0.98385
lung_two_species,randomly_wrong_50,scDREAMER,kBET,0.55479
lung_two_species,randomly_wrong_50,scDREAMER,lisi_b,0.388915
lung_two_species,randomly_wrong_50,scDREAMER,lisi_c,0.986624
lung_two_species,randomly_wrong_50,scDREAMER,lisi_f1,0.557909
lung_two_species,randomly_wrong_50,scDREAMER,pos_rate,0.910356
lung_two_species,randomly_wrong_50,scDREAMER,truepos_rate,0.589355
lung_two_species,randomly_wrong_50,scGEN,ARI_cluster/label,0.619104
lung_two_species,randomly_wrong_50,scGEN,ASW_label,0.564488
lung_two_species,randomly_wrong_50,scGEN,ASW_label/batch,0.800551
lung_two_species,randomly_wrong_50,scGEN,NMI_cluster/label,0.776638
lung_two_species,randomly_wrong_50,scGEN,graph_conn,0.986503
lung_two_species,randomly_wrong_50,scGEN,kBET,0.0911983
lung_two_species,randomly_wrong_50,scGEN,lisi_b,0.0749931
lung_two_species,randomly_wrong_50,scGEN,lisi_c,0.98956
lung_two_species,randomly_wrong_50,scGEN,lisi_f1,0.13942
lung_two_species,randomly_wrong_50,scGEN,pos_rate,0.930684
lung_two_species,randomly_wrong_50,scGEN,truepos_rate,0.154721
lung_two_species,randomly_wrong_70,ItClust,ARI_cluster/label,0.0735751
lung_two_species,randomly_wrong_70,ItClust,ASW_label,0.435683
lung_two_species,randomly_wrong_70,ItClust,ASW_label/batch,0.780937
lung_two_species,randomly_wrong_70,ItClust,NMI_cluster/label,0.151693
lung_two_species,randomly_wrong_70,ItClust,graph_conn,0.336309
lung_two_species,randomly_wrong_70,ItClust,kBET,0.0124269
lung_two_species,randomly_wrong_70,ItClust,lisi_b,0.224819
lung_two_species,randomly_wrong_70,ItClust,lisi_c,0.800349
lung_two_species,randomly_wrong_70,ItClust,lisi_f1,0.351033
lung_two_species,randomly_wrong_70,ItClust,pos_rate,0.184152
lung_two_species,randomly_wrong_70,ItClust,truepos_rate,0.0570328
lung_two_species,randomly_wrong_70,STACAS,ARI_cluster/label,0.608131
lung_two_species,randomly_wrong_70,STACAS,ASW_label,0.635064
lung_two_species,randomly_wrong_70,STACAS,ASW_label/batch,0.781256
lung_two_species,randomly_wrong_70,STACAS,NMI_cluster/label,0.789519
lung_two_species,randomly_wrong_70,STACAS,graph_conn,0.975287
lung_two_species,randomly_wrong_70,STACAS,kBET,0.159233
lung_two_species,randomly_wrong_70,STACAS,lisi_b,0.0819396
lung_two_species,randomly_wrong_70,STACAS,lisi_c,0.991164
lung_two_species,randomly_wrong_70,STACAS,lisi_f1,0.151366
lung_two_species,randomly_wrong_70,STACAS,pos_rate,0.929287
lung_two_species,randomly_wrong_70,STACAS,truepos_rate,0.144798
lung_two_species,randomly_wrong_70,scANVI,ARI_cluster/label,0.711154
lung_two_species,randomly_wrong_70,scANVI,ASW_label,0.569096
lung_two_species,randomly_wrong_70,scANVI,ASW_label/batch,0.865907
lung_two_species,randomly_wrong_70,scANVI,NMI_cluster/label,0.824324
lung_two_species,randomly_wrong_70,scANVI,graph_conn,0.987637
lung_two_species,randomly_wrong_70,scANVI,kBET,0.175463
lung_two_species,randomly_wrong_70,scANVI,lisi_b,0.164709
lung_two_species,randomly_wrong_70,scANVI,lisi_c,0.987677
lung_two_species,randomly_wrong_70,scANVI,lisi_f1,0.282335
lung_two_species,randomly_wrong_70,scANVI,pos_rate,0.921676
lung_two_species,randomly_wrong_70,scANVI,truepos_rate,0.254769
lung_two_species,randomly_wrong_70,scDREAMER,ARI_cluster/label,0.326418
lung_two_species,randomly_wrong_70,scDREAMER,ASW_label,0.565152
lung_two_species,randomly_wrong_70,scDREAMER,ASW_label/batch,0.911065
lung_two_species,randomly_wrong_70,scDREAMER,NMI_cluster/label,0.615128
lung_two_species,randomly_wrong_70,scDREAMER,graph_conn,0.980413
lung_two_species,randomly_wrong_70,scDREAMER,kBET,0.589702
lung_two_species,randomly_wrong_70,scDREAMER,lisi_b,0.377249
lung_two_species,randomly_wrong_70,scDREAMER,lisi_c,0.983353
lung_two_species,randomly_wrong_70,scDREAMER,lisi_f1,0.545302
lung_two_species,randomly_wrong_70,scDREAMER,pos_rate,0.887813
lung_two_species,randomly_wrong_70,scDREAMER,truepos_rate,0.599277
lung_two_species,randomly_wrong_70,scGEN,ARI_cluster/label,0.531117
lung_two_species,randomly_wrong_70,scGEN,ASW_label,0.569588
lung_two_species,randomly_wrong_70,scGEN,ASW_label/batch,0.746399
lung_two_species,randomly_wrong_70,scGEN,NMI_cluster/label,0.761911
lung_two_species,randomly_wrong_70,scGEN,graph_conn,0.961826
lung_two_species,randomly_wrong_70,scGEN,kBET,0.0667936
lung_two_species,randomly_wrong_70,scGEN,lisi_b,0.0231596
lung_two_species,randomly_wrong_70,scGEN,lisi_c,0.990284
lung_two_species,randomly_wrong_70,scGEN,lisi_f1,0.0452607
lung_two_species,randomly_wrong_70,scGEN,pos_rate,0.93738
lung_two_species,randomly_wrong_70,scGEN,truepos_rate,0.107755
lung_two_species,singleR,ItClust,ARI_cluster/label,0.363981
lung_two_species,singleR,ItClust,ASW_label,0.471856
lung_two_species,singleR,ItClust,ASW_label/batch,0.458863
lung_two_species,singleR,ItClust,NMI_cluster/label,0.533651
lung_two_species,singleR,ItClust,graph_conn,0.635871
lung_two_species,singleR,ItClust,isolated_label_F1,0.43128
lung_two_species,singleR,ItClust,isolated_label_silhouette,0.459402
lung_two_species,singleR,ItClust,kBET,0.0704023
lung_two_species,singleR,ItClust,lisi_b,0.199653
lung_two_species,singleR,ItClust,lisi_c,0.938328
lung_two_species,singleR,ItClust,lisi_f1,0.32925
lung_two_species,singleR,ItClust,pos_rate,0.528324
lung_two_species,singleR,ItClust,truepos_rate,0.150723
lung_two_species,singleR,STACAS,ARI_cluster/label,0.607344
lung_two_species,singleR,STACAS,ASW_label,0.617063
lung_two_species,singleR,STACAS,ASW_label/batch,0.779652
lung_two_species,singleR,STACAS,NMI_cluster/label,0.794347
lung_two_species,singleR,STACAS,graph_conn,0.984494
lung_two_species,singleR,STACAS,isolated_label_F1,0.829689
lung_two_species,singleR,STACAS,isolated_label_silhouette,0.621683
lung_two_species,singleR,STACAS,kBET,0.138671
lung_two_species,singleR,STACAS,lisi_b,0.0599106
lung_two_species,singleR,STACAS,lisi_c,0.991013
lung_two_species,singleR,STACAS,lisi_f1,0.11299
lung_two_species,singleR,STACAS,pos_rate,0.930299
lung_two_species,singleR,STACAS,truepos_rate,0.149229
lung_two_species,singleR,scANVI,ARI_cluster/label,0.699444
lung_two_species,singleR,scANVI,ASW_label,0.570077
lung_two_species,singleR,scANVI,ASW_label/batch,0.852928
lung_two_species,singleR,scANVI,NMI_cluster/label,0.801235
lung_two_species,singleR,scANVI,graph_conn,0.98636
lung_two_species,singleR,scANVI,isolated_label_F1,0.873469
lung_two_species,singleR,scANVI,isolated_label_silhouette,0.5747
lung_two_species,singleR,scANVI,kBET,0.163158
lung_two_species,singleR,scANVI,lisi_b,0.128508
lung_two_species,singleR,scANVI,lisi_c,0.987403
lung_two_species,singleR,scANVI,lisi_f1,0.227419
lung_two_species,singleR,scANVI,pos_rate,0.918304
lung_two_species,singleR,scANVI,truepos_rate,0.230443
lung_two_species,singleR,scDREAMER,ARI_cluster/label,0.545559
lung_two_species,singleR,scDREAMER,ASW_label,0.579164
lung_two_species,singleR,scDREAMER,ASW_label/batch,0.777556
lung_two_species,singleR,scDREAMER,NMI_cluster/label,0.749991
lung_two_species,singleR,scDREAMER,graph_conn,0.984701
lung_two_species,singleR,scDREAMER,isolated_label_F1,0.436984
lung_two_species,singleR,scDREAMER,isolated_label_silhouette,0.476848
lung_two_species,singleR,scDREAMER,kBET,0.198322
lung_two_species,singleR,scDREAMER,lisi_b,0.134326
lung_two_species,singleR,scDREAMER,lisi_c,0.985868
lung_two_species,singleR,scDREAMER,lisi_f1,0.236437
lung_two_species,singleR,scDREAMER,pos_rate,0.907852
lung_two_species,singleR,scDREAMER,truepos_rate,0.213247
lung_two_species,singleR,scGEN,ARI_cluster/label,0.539049
lung_two_species,singleR,scGEN,ASW_label,0.559521
lung_two_species,singleR,scGEN,ASW_label/batch,0.774972
lung_two_species,singleR,scGEN,NMI_cluster/label,0.73176
lung_two_species,singleR,scGEN,graph_conn,0.9848
lung_two_species,singleR,scGEN,isolated_label_F1,0.786426
lung_two_species,singleR,scGEN,isolated_label_silhouette,0.554925
lung_two_species,singleR,scGEN,kBET,0.0973558
lung_two_species,singleR,scGEN,lisi_b,0.0802969
lung_two_species,singleR,scGEN,lisi_c,0.988353
lung_two_species,singleR,scGEN,lisi_f1,0.148527
lung_two_species,singleR,scGEN,pos_rate,0.925048
lung_two_species,singleR,scGEN,truepos_rate,0.163247
lung_two_species,unsupervised,Harmony,ARI_cluster/label,0.682092
lung_two_species,unsupervised,Harmony,ASW_label,0.619405
lung_two_species,unsupervised,Harmony,ASW_label/batch,0.837538
lung_two_species,unsupervised,Harmony,NMI_cluster/label,0.80385
lung_two_species,unsupervised,Harmony,graph_conn,0.964832
lung_two_species,unsupervised,Harmony,isolated_label_F1,0.860047
lung_two_species,unsupervised,Harmony,isolated_label_silhouette,0.617895
lung_two_species,unsupervised,Harmony,kBET,0.241204
lung_two_species,unsupervised,Harmony,lisi_b,0.163414
lung_two_species,unsupervised,Harmony,lisi_c,0.989873
lung_two_species,unsupervised,Harmony,lisi_f1,0.280518
lung_two_species,unsupervised,Harmony,pos_rate,0.916859
lung_two_species,unsupervised,Harmony,truepos_rate,0.229913
lung_two_species,unsupervised,Seurat,ARI_cluster/label,0.535594
lung_two_species,unsupervised,Seurat,ASW_label,0.614285
lung_two_species,unsupervised,Seurat,ASW_label/batch,0.611092
lung_two_species,unsupervised,Seurat,NMI_cluster/label,0.764373
lung_two_species,unsupervised,Seurat,graph_conn,0.944794
lung_two_species,unsupervised,Seurat,isolated_label_F1,0.806709
lung_two_species,unsupervised,Seurat,isolated_label_silhouette,0.614936
lung_two_species,unsupervised,Seurat,kBET,0.068524
lung_two_species,unsupervised,Seurat,lisi_b,0.010674
lung_two_species,unsupervised,Seurat,lisi_c,0.990908
lung_two_species,unsupervised,Seurat,lisi_f1,0.02112
lung_two_species,unsupervised,Seurat,pos_rate,0.938198
lung_two_species,unsupervised,Seurat,truepos_rate,0.09157
lung_two_species,unsupervised,scCRAFT,ARI_cluster/label,0.593073
lung_two_species,unsupervised,scCRAFT,ASW_label,0.600176
lung_two_species,unsupervised,scCRAFT,ASW_label/batch,0.835347
lung_two_species,unsupervised,scCRAFT,NMI_cluster/label,0.808731
lung_two_species,unsupervised,scCRAFT,graph_conn,0.976643
lung_two_species,unsupervised,scCRAFT,isolated_label_F1,0.839496
lung_two_species,unsupervised,scCRAFT,isolated_label_silhouette,0.605085
lung_two_species,unsupervised,scCRAFT,kBET,0.240253
lung_two_species,unsupervised,scCRAFT,lisi_b,0.305647
lung_two_species,unsupervised,scCRAFT,lisi_c,0.988255
lung_two_species,unsupervised,scCRAFT,lisi_f1,0.466893
lung_two_species,unsupervised,scCRAFT,pos_rate,0.905636
lung_two_species,unsupervised,scCRAFT,truepos_rate,0.286609
lung_two_species,unsupervised,scVI,ARI_cluster/label,0.592917
lung_two_species,unsupervised,scVI,ASW_label,0.578636
lung_two_species,unsupervised,scVI,ASW_label/batch,0.857767
lung_two_species,unsupervised,scVI,NMI_cluster/label,0.789137
lung_two_species,unsupervised,scVI,graph_conn,0.985357
lung_two_species,unsupervised,scVI,isolated_label_F1,0.832876
lung_two_species,unsupervised,scVI,isolated_label_silhouette,0.585027
lung_two_species,unsupervised,scVI,kBET,0.164297
lung_two_species,unsupervised,scVI,lisi_b,0.145504
lung_two_species,unsupervised,scVI,lisi_c,0.988075
lung_two_species,unsupervised,scVI,lisi_f1,0.253655
lung_two_species,unsupervised,scVI,pos_rate,0.917245
lung_two_species,unsupervised,scVI,truepos_rate,0.256166
lung_two_species,unsupervised,scanorama,ARI_cluster/label,0.604866
lung_two_species,unsupervised,scanorama,ASW_label,0.601007
lung_two_species,unsupervised,scanorama,ASW_label/batch,0.846855
lung_two_species,unsupervised,scanorama,NMI_cluster/label,0.81344
lung_two_species,unsupervised,scanorama,graph_conn,0.971239
lung_two_species,unsupervised,scanorama,isolated_label_F1,0.864557
lung_two_species,unsupervised,scanorama,isolated_label_silhouette,0.605807
lung_two_species,unsupervised,scanorama,kBET,0.198972
lung_two_species,unsupervised,scanorama,lisi_b,0.152
lung_two_species,unsupervised,scanorama,lisi_c,0.99
lung_two_species,unsupervised,scanorama,lisi_f1,0.264
lung_two_species,unsupervised,scanorama,pos_rate,0.928083
lung_two_species,unsupervised,scanorama,truepos_rate,0.173603
macaque,full_annotated_supervised,ItClust,ARI_cluster/label,0.989491
macaque,full_annotated_supervised,ItClust,ASW_label,0.963801
macaque,full_annotated_supervised,ItClust,ASW_label/batch,0.752885
macaque,full_annotated_supervised,ItClust,NMI_cluster/label,0.982547
macaque,full_annotated_supervised,ItClust,graph_conn,0.994099
macaque,full_annotated_supervised,ItClust,isolated_label_F1,0.900322
macaque,full_annotated_supervised,ItClust,isolated_label_silhouette,0.885882
macaque,full_annotated_supervised,ItClust,kBET,0.459408
macaque,full_annotated_supervised,ItClust,lisi_b,0.226703
macaque,full_annotated_supervised,ItClust,lisi_c,0.999399
macaque,full_annotated_supervised,ItClust,lisi_f1,0.369573
macaque,full_annotated_supervised,ItClust,pos_rate,0.994555
macaque,full_annotated_supervised,ItClust,truepos_rate,0.384529
macaque,full_annotated_supervised,STACAS,ARI_cluster/label,0.979482
macaque,full_annotated_supervised,STACAS,ASW_label,0.674865
macaque,full_annotated_supervised,STACAS,ASW_label/batch,0.874626
macaque,full_annotated_supervised,STACAS,NMI_cluster/label,0.966707
macaque,full_annotated_supervised,STACAS,graph_conn,0.992038
macaque,full_annotated_supervised,STACAS,isolated_label_F1,0.834395
macaque,full_annotated_supervised,STACAS,isolated_label_silhouette,0.558003
macaque,full_annotated_supervised,STACAS,kBET,0.324063
macaque,full_annotated_supervised,STACAS,lisi_b,0.245601
macaque,full_annotated_supervised,STACAS,lisi_c,0.998514
macaque,full_annotated_supervised,STACAS,lisi_f1,0.394234
macaque,full_annotated_supervised,STACAS,pos_rate,0.989506
macaque,full_annotated_supervised,STACAS,truepos_rate,0.182925
macaque,full_annotated_supervised,scANVI,ARI_cluster/label,0.98467
macaque,full_annotated_supervised,scANVI,ASW_label,0.699197
macaque,full_annotated_supervised,scANVI,ASW_label/batch,0.850416
macaque,full_annotated_supervised,scANVI,NMI_cluster/label,0.976125
macaque,full_annotated_supervised,scANVI,graph_conn,0.997651
macaque,full_annotated_supervised,scANVI,isolated_label_F1,0.911392
macaque,full_annotated_supervised,scANVI,isolated_label_silhouette,0.700019
macaque,full_annotated_supervised,scANVI,kBET,0.281618
macaque,full_annotated_supervised,scANVI,lisi_b,0.208112
macaque,full_annotated_supervised,scANVI,lisi_c,0.998436
macaque,full_annotated_supervised,scANVI,lisi_f1,0.344431
macaque,full_annotated_supervised,scANVI,pos_rate,0.991387
macaque,full_annotated_supervised,scANVI,truepos_rate,0.170352
macaque,full_annotated_supervised,scDREAMER,ARI_cluster/label,0.999148
macaque,full_annotated_supervised,scDREAMER,ASW_label,0.567615
macaque,full_annotated_supervised,scDREAMER,ASW_label/batch,0.888122
macaque,full_annotated_supervised,scDREAMER,NMI_cluster/label,0.997911
macaque,full_annotated_supervised,scDREAMER,graph_conn,1
macaque,full_annotated_supervised,scDREAMER,isolated_label_F1,1
macaque,full_annotated_supervised,scDREAMER,isolated_label_silhouette,0.665804
macaque,full_annotated_supervised,scDREAMER,kBET,0.933765
macaque,full_annotated_supervised,scDREAMER,lisi_b,0.256892
macaque,full_annotated_supervised,scDREAMER,lisi_c,0.994045
macaque,full_annotated_supervised,scDREAMER,lisi_f1,0.408273
macaque,full_annotated_supervised,scDREAMER,pos_rate,0.997921
macaque,full_annotated_supervised,scDREAMER,truepos_rate,0.821134
macaque,full_annotated_supervised,scGEN,ARI_cluster/label,0.988239
macaque,full_annotated_supervised,scGEN,ASW_label,0.569669
macaque,full_annotated_supervised,scGEN,ASW_label/batch,0.878485
macaque,full_annotated_supervised,scGEN,NMI_cluster/label,0.983035
macaque,full_annotated_supervised,scGEN,graph_conn,0.999394
macaque,full_annotated_supervised,scGEN,isolated_label_F1,0.914286
macaque,full_annotated_supervised,scGEN,isolated_label_silhouette,0.611575
macaque,full_annotated_supervised,scGEN,kBET,0.619131
macaque,full_annotated_supervised,scGEN,lisi_b,0.235869
macaque,full_annotated_supervised,scGEN,lisi_c,0.996774
macaque,full_annotated_supervised,scGEN,lisi_f1,0.38147
macaque,full_annotated_supervised,scGEN,pos_rate,0.99307
macaque,full_annotated_supervised,scGEN,truepos_rate,0.672431
macaque,mixing_at_edge_30,ItClust,ARI_cluster/label,0.989805
macaque,mixing_at_edge_30,ItClust,ASW_label,0.970934
macaque,mixing_at_edge_30,ItClust,ASW_label/batch,0.724304
macaque,mixing_at_edge_30,ItClust,NMI_cluster/label,0.982238
macaque,mixing_at_edge_30,ItClust,graph_conn,0.99699
macaque,mixing_at_edge_30,ItClust,isolated_label_F1,0.893891
macaque,mixing_at_edge_30,ItClust,isolated_label_silhouette,0.891901
macaque,mixing_at_edge_30,ItClust,kBET,0.514197
macaque,mixing_at_edge_30,ItClust,lisi_b,0.234961
macaque,mixing_at_edge_30,ItClust,lisi_c,0.99939
macaque,mixing_at_edge_30,ItClust,lisi_f1,0.380471
macaque,mixing_at_edge_30,ItClust,pos_rate,0.99439
macaque,mixing_at_edge_30,ItClust,truepos_rate,0.411227
macaque,mixing_at_edge_30,STACAS,ARI_cluster/label,0.978236
macaque,mixing_at_edge_30,STACAS,ASW_label,0.673388
macaque,mixing_at_edge_30,STACAS,ASW_label/batch,0.874767
macaque,mixing_at_edge_30,STACAS,NMI_cluster/label,0.964135
macaque,mixing_at_edge_30,STACAS,graph_conn,0.991894
macaque,mixing_at_edge_30,STACAS,isolated_label_F1,0.702703
macaque,mixing_at_edge_30,STACAS,isolated_label_silhouette,0.550718
macaque,mixing_at_edge_30,STACAS,kBET,0.323655
macaque,mixing_at_edge_30,STACAS,lisi_b,0.245175
macaque,mixing_at_edge_30,STACAS,lisi_c,0.998328
macaque,mixing_at_edge_30,STACAS,lisi_f1,0.393671
macaque,mixing_at_edge_30,STACAS,pos_rate,0.988714
macaque,mixing_at_edge_30,STACAS,truepos_rate,0.196357
macaque,mixing_at_edge_30,scANVI,ARI_cluster/label,0.975804
macaque,mixing_at_edge_30,scANVI,ASW_label,0.695698
macaque,mixing_at_edge_30,scANVI,ASW_label/batch,0.853252
macaque,mixing_at_edge_30,scANVI,NMI_cluster/label,0.960214
macaque,mixing_at_edge_30,scANVI,graph_conn,0.990355
macaque,mixing_at_edge_30,scANVI,isolated_label_F1,0.81672
macaque,mixing_at_edge_30,scANVI,isolated_label_silhouette,0.599044
macaque,mixing_at_edge_30,scANVI,kBET,0.297915
macaque,mixing_at_edge_30,scANVI,lisi_b,0.209362
macaque,mixing_at_edge_30,scANVI,lisi_c,0.997885
macaque,mixing_at_edge_30,scANVI,lisi_f1,0.346108
macaque,mixing_at_edge_30,scANVI,pos_rate,0.985942
macaque,mixing_at_edge_30,scANVI,truepos_rate,0.174246
macaque,mixing_at_edge_30,scDREAMER,ARI_cluster/label,0.966594
macaque,mixing_at_edge_30,scDREAMER,ASW_label,0.56584
macaque,mixing_at_edge_30,scDREAMER,ASW_label/batch,0.886096
macaque,mixing_at_edge_30,scDREAMER,NMI_cluster/label,0.949108
macaque,mixing_at_edge_30,scDREAMER,graph_conn,0.92332
macaque,mixing_at_edge_30,scDREAMER,isolated_label_F1,0.42268
macaque,mixing_at_edge_30,scDREAMER,isolated_label_silhouette,0.500469
macaque,mixing_at_edge_30,scDREAMER,kBET,0.852584
macaque,mixing_at_edge_30,scDREAMER,lisi_b,0.25761
macaque,mixing_at_edge_30,scDREAMER,lisi_c,0.989875
macaque,mixing_at_edge_30,scDREAMER,lisi_f1,0.408826
macaque,mixing_at_edge_30,scDREAMER,pos_rate,0.978945
macaque,mixing_at_edge_30,scDREAMER,truepos_rate,0.807471
macaque,mixing_at_edge_30,scGEN,ARI_cluster/label,0.966877
macaque,mixing_at_edge_30,scGEN,ASW_label,0.57611
macaque,mixing_at_edge_30,scGEN,ASW_label/batch,0.892673
macaque,mixing_at_edge_30,scGEN,NMI_cluster/label,0.948712
macaque,mixing_at_edge_30,scGEN,graph_conn,0.974006
macaque,mixing_at_edge_30,scGEN,isolated_label_F1,0.626087
macaque,mixing_at_edge_30,scGEN,isolated_label_silhouette,0.510919
macaque,mixing_at_edge_30,scGEN,kBET,0.544458
macaque,mixing_at_edge_30,scGEN,lisi_b,0.232101
macaque,mixing_at_edge_30,scGEN,lisi_c,0.996608
macaque,mixing_at_edge_30,scGEN,lisi_f1,0.376515
macaque,mixing_at_edge_30,scGEN,pos_rate,0.981882
macaque,mixing_at_edge_30,scGEN,truepos_rate,0.638638
macaque,mixing_at_edge_50,ItClust,ARI_cluster/label,0.98954
macaque,mixing_at_edge_50,ItClust,ASW_label,0.968789
macaque,mixing_at_edge_50,ItClust,ASW_label/batch,0.732058
macaque,mixing_at_edge_50,ItClust,NMI_cluster/label,0.981941
macaque,mixing_at_edge_50,ItClust,graph_conn,0.996931
macaque,mixing_at_edge_50,ItClust,isolated_label_F1,0.886792
macaque,mixing_at_edge_50,ItClust,isolated_label_silhouette,0.900844
macaque,mixing_at_edge_50,ItClust,lisi_b,0.228491
macaque,mixing_at_edge_50,ItClust,lisi_c,0.999366
macaque,mixing_at_edge_50,ItClust,lisi_f1,0.371942
macaque,mixing_at_edge_50,ItClust,pos_rate,0.994225
macaque,mixing_at_edge_50,ItClust,truepos_rate,0.41027
macaque,mixing_at_edge_50,STACAS,ARI_cluster/label,0.977774
macaque,mixing_at_edge_50,STACAS,ASW_label,0.672767
macaque,mixing_at_edge_50,STACAS,ASW_label/batch,0.881907
macaque,mixing_at_edge_50,STACAS,NMI_cluster/label,0.963676
macaque,mixing_at_edge_50,STACAS,graph_conn,0.991266
macaque,mixing_at_edge_50,STACAS,isolated_label_F1,0.834951
macaque,mixing_at_edge_50,STACAS,isolated_label_silhouette,0.548108
macaque,mixing_at_edge_50,STACAS,kBET,0.322989
macaque,mixing_at_edge_50,STACAS,lisi_b,0.245342
macaque,mixing_at_edge_50,STACAS,lisi_c,0.998311
macaque,mixing_at_edge_50,STACAS,lisi_f1,0.393884
macaque,mixing_at_edge_50,STACAS,pos_rate,0.988021
macaque,mixing_at_edge_50,STACAS,truepos_rate,0.206422
macaque,mixing_at_edge_50,scANVI,ARI_cluster/label,0.976998
macaque,mixing_at_edge_50,scANVI,ASW_label,0.6963
macaque,mixing_at_edge_50,scANVI,ASW_label/batch,0.858971
macaque,mixing_at_edge_50,scANVI,NMI_cluster/label,0.96185
macaque,mixing_at_edge_50,scANVI,graph_conn,0.989906
macaque,mixing_at_edge_50,scANVI,isolated_label_F1,0.841424
macaque,mixing_at_edge_50,scANVI,isolated_label_silhouette,0.60244
macaque,mixing_at_edge_50,scANVI,kBET,0.304044
macaque,mixing_at_edge_50,scANVI,lisi_b,0.21021
macaque,mixing_at_edge_50,scANVI,lisi_c,0.997982
macaque,mixing_at_edge_50,scANVI,lisi_f1,0.347273
macaque,mixing_at_edge_50,scANVI,pos_rate,0.987097
macaque,mixing_at_edge_50,scANVI,truepos_rate,0.177711
macaque,mixing_at_edge_50,scDREAMER,ARI_cluster/label,0.971786
macaque,mixing_at_edge_50,scDREAMER,ASW_label,0.568805
macaque,mixing_at_edge_50,scDREAMER,ASW_label/batch,0.886196
macaque,mixing_at_edge_50,scDREAMER,NMI_cluster/label,0.954932
macaque,mixing_at_edge_50,scDREAMER,graph_conn,0.932092
macaque,mixing_at_edge_50,scDREAMER,isolated_label_F1,0.472362
macaque,mixing_at_edge_50,scDREAMER,isolated_label_silhouette,0.501798
macaque,mixing_at_edge_50,scDREAMER,lisi_b,0.257332
macaque,mixing_at_edge_50,scDREAMER,lisi_c,0.990791
macaque,mixing_at_edge_50,scDREAMER,lisi_f1,0.408553
macaque,mixing_at_edge_50,scDREAMER,pos_rate,0.981981
macaque,mixing_at_edge_50,scDREAMER,truepos_rate,0.796548
macaque,mixing_at_edge_50,scGEN,ARI_cluster/label,0.971589
macaque,mixing_at_edge_50,scGEN,ASW_label,0.572038
macaque,mixing_at_edge_50,scGEN,ASW_label/batch,0.902659
macaque,mixing_at_edge_50,scGEN,NMI_cluster/label,0.955483
macaque,mixing_at_edge_50,scGEN,graph_conn,0.964076
macaque,mixing_at_edge_50,scGEN,isolated_label_F1,0.511848
macaque,mixing_at_edge_50,scGEN,isolated_label_silhouette,0.505534
macaque,mixing_at_edge_50,scGEN,kBET,0.646759
macaque,mixing_at_edge_50,scGEN,lisi_b,0.226965
macaque,mixing_at_edge_50,scGEN,lisi_c,0.99531
macaque,mixing_at_edge_50,scGEN,lisi_f1,0.36964
macaque,mixing_at_edge_50,scGEN,pos_rate,0.982707
macaque,mixing_at_edge_50,scGEN,truepos_rate,0.651343
macaque,mixing_at_edge_70,ItClust,ARI_cluster/label,0.989745
macaque,mixing_at_edge_70,ItClust,ASW_label,0.970036
macaque,mixing_at_edge_70,ItClust,ASW_label/batch,0.728917
macaque,mixing_at_edge_70,ItClust,NMI_cluster/label,0.982578
macaque,mixing_at_edge_70,ItClust,graph_conn,0.994397
macaque,mixing_at_edge_70,ItClust,isolated_label_F1,0.895238
macaque,mixing_at_edge_70,ItClust,isolated_label_silhouette,0.896276
macaque,mixing_at_edge_70,ItClust,lisi_b,0.230374
macaque,mixing_at_edge_70,ItClust,lisi_c,0.999348
macaque,mixing_at_edge_70,ItClust,lisi_f1,0.374433
macaque,mixing_at_edge_70,ItClust,pos_rate,0.994456
macaque,mixing_at_edge_70,ItClust,truepos_rate,0.414725
macaque,mixing_at_edge_70,STACAS,ARI_cluster/label,0.978595
macaque,mixing_at_edge_70,STACAS,ASW_label,0.673455
macaque,mixing_at_edge_70,STACAS,ASW_label/batch,0.878349
macaque,mixing_at_edge_70,STACAS,NMI_cluster/label,0.965231
macaque,mixing_at_edge_70,STACAS,graph_conn,0.992948
macaque,mixing_at_edge_70,STACAS,isolated_label_F1,0.828479
macaque,mixing_at_edge_70,STACAS,isolated_label_silhouette,0.550315
macaque,mixing_at_edge_70,STACAS,kBET,0.288061
macaque,mixing_at_edge_70,STACAS,lisi_b,0.244293
macaque,mixing_at_edge_70,STACAS,lisi_c,0.99831
macaque,mixing_at_edge_70,STACAS,lisi_f1,0.392532
macaque,mixing_at_edge_70,STACAS,pos_rate,0.988615
macaque,mixing_at_edge_70,STACAS,truepos_rate,0.195796
macaque,mixing_at_edge_70,scANVI,ARI_cluster/label,0.978753
macaque,mixing_at_edge_70,scANVI,ASW_label,0.707631
macaque,mixing_at_edge_70,scANVI,ASW_label/batch,0.861655
macaque,mixing_at_edge_70,scANVI,NMI_cluster/label,0.96566
macaque,mixing_at_edge_70,scANVI,graph_conn,0.992102
macaque,mixing_at_edge_70,scANVI,isolated_label_F1,0.81457
macaque,mixing_at_edge_70,scANVI,isolated_label_silhouette,0.619672
macaque,mixing_at_edge_70,scANVI,kBET,0.295399
macaque,mixing_at_edge_70,scANVI,lisi_b,0.208832
macaque,mixing_at_edge_70,scANVI,lisi_c,0.998211
macaque,mixing_at_edge_70,scANVI,lisi_f1,0.345404
macaque,mixing_at_edge_70,scANVI,pos_rate,0.988483
macaque,mixing_at_edge_70,scANVI,truepos_rate,0.180714
macaque,mixing_at_edge_70,scDREAMER,ARI_cluster/label,0.97822
macaque,mixing_at_edge_70,scDREAMER,ASW_label,0.571733
macaque,mixing_at_edge_70,scDREAMER,ASW_label/batch,0.88681
macaque,mixing_at_edge_70,scDREAMER,NMI_cluster/label,0.965259
macaque,mixing_at_edge_70,scDREAMER,graph_conn,0.953466
macaque,mixing_at_edge_70,scDREAMER,isolated_label_F1,0.627803
macaque,mixing_at_edge_70,scDREAMER,isolated_label_silhouette,0.54355
macaque,mixing_at_edge_70,scDREAMER,lisi_b,0.256591
macaque,mixing_at_edge_70,scDREAMER,lisi_c,0.993426
macaque,mixing_at_edge_70,scDREAMER,lisi_f1,0.407842
macaque,mixing_at_edge_70,scDREAMER,pos_rate,0.986767
macaque,mixing_at_edge_70,scDREAMER,truepos_rate,0.804666
macaque,mixing_at_edge_70,scGEN,ARI_cluster/label,0.976384
macaque,mixing_at_edge_70,scGEN,ASW_label,0.575338
macaque,mixing_at_edge_70,scGEN,ASW_label/batch,0.895112
macaque,mixing_at_edge_70,scGEN,NMI_cluster/label,0.963684
macaque,mixing_at_edge_70,scGEN,graph_conn,0.975731
macaque,mixing_at_edge_70,scGEN,isolated_label_F1,0.637555
macaque,mixing_at_edge_70,scGEN,isolated_label_silhouette,0.53149
macaque,mixing_at_edge_70,scGEN,kBET,0.593244
macaque,mixing_at_edge_70,scGEN,lisi_b,0.229755
macaque,mixing_at_edge_70,scGEN,lisi_c,0.996986
macaque,mixing_at_edge_70,scGEN,lisi_f1,0.373448
macaque,mixing_at_edge_70,scGEN,pos_rate,0.987328
macaque,mixing_at_edge_70,scGEN,truepos_rate,0.655567
macaque,partially_annotated_batches_30,ItClust,ARI_cluster/label,0.71446
macaque,partially_annotated_batches_30,ItClust,ASW_label,0.737581
macaque,partially_annotated_batches_30,ItClust,ASW_label/batch,0.738503
macaque,partially_annotated_batches_30,ItClust,NMI_cluster/label,0.82545
macaque,partially_annotated_batches_30,ItClust,graph_conn,0.822592
macaque,partially_annotated_batches_30,ItClust,isolated_label_F1,0.659091
macaque,partially_annotated_batches_30,ItClust,isolated_label_silhouette,0.515152
macaque,partially_annotated_batches_30,ItClust,kBET,0.336633
macaque,partially_annotated_batches_30,ItClust,lisi_b,0.163391
macaque,partially_annotated_batches_30,ItClust,lisi_c,0.995389
macaque,partially_annotated_batches_30,ItClust,lisi_f1,0.280705
macaque,partially_annotated_batches_30,ItClust,pos_rate,0.977691
macaque,partially_annotated_batches_30,ItClust,truepos_rate,0.029602
macaque,partially_annotated_batches_30,STACAS,ARI_cluster/label,0.979488
macaque,partially_annotated_batches_30,STACAS,ASW_label,0.668652
macaque,partially_annotated_batches_30,STACAS,ASW_label/batch,0.890445
macaque,partially_annotated_batches_30,STACAS,NMI_cluster/label,0.966377
macaque,partially_annotated_batches_30,STACAS,graph_conn,0.993813
macaque,partially_annotated_batches_30,STACAS,isolated_label_F1,0.829114
macaque,partially_annotated_batches_30,STACAS,isolated_label_silhouette,0.566997
macaque,partially_annotated_batches_30,STACAS,kBET,0.336539
macaque,partially_annotated_batches_30,STACAS,lisi_b,0.233866
macaque,partially_annotated_batches_30,STACAS,lisi_c,0.998414
macaque,partially_annotated_batches_30,STACAS,lisi_f1,0.378965
macaque,partially_annotated_batches_30,STACAS,pos_rate,0.989209
macaque,partially_annotated_batches_30,STACAS,truepos_rate,0.188007
macaque,partially_annotated_batches_30,scANVI,ARI_cluster/label,0.984714
macaque,partially_annotated_batches_30,scANVI,ASW_label,0.693061
macaque,partially_annotated_batches_30,scANVI,ASW_label/batch,0.855562
macaque,partially_annotated_batches_30,scANVI,NMI_cluster/label,0.975607
macaque,partially_annotated_batches_30,scANVI,graph_conn,0.995788
macaque,partially_annotated_batches_30,scANVI,isolated_label_F1,0.935593
macaque,partially_annotated_batches_30,scANVI,isolated_label_silhouette,0.664885
macaque,partially_annotated_batches_30,scANVI,kBET,0.276025
macaque,partially_annotated_batches_30,scANVI,lisi_b,0.208675
macaque,partially_annotated_batches_30,scANVI,lisi_c,0.99837
macaque,partially_annotated_batches_30,scANVI,lisi_f1,0.345198
macaque,partially_annotated_batches_30,scANVI,pos_rate,0.991189
macaque,partially_annotated_batches_30,scANVI,truepos_rate,0.172332
macaque,partially_annotated_batches_30,scDREAMER,ARI_cluster/label,0.680989
macaque,partially_annotated_batches_30,scDREAMER,ASW_label,0.523256
macaque,partially_annotated_batches_30,scDREAMER,ASW_label/batch,0.906463
macaque,partially_annotated_batches_30,scDREAMER,NMI_cluster/label,0.766208
macaque,partially_annotated_batches_30,scDREAMER,graph_conn,0.904164
macaque,partially_annotated_batches_30,scDREAMER,isolated_label_F1,0.764706
macaque,partially_annotated_batches_30,scDREAMER,isolated_label_silhouette,0.581136
macaque,partially_annotated_batches_30,scDREAMER,kBET,0.595099
macaque,partially_annotated_batches_30,scDREAMER,lisi_b,0.200033
macaque,partially_annotated_batches_30,scDREAMER,lisi_c,0.954659
macaque,partially_annotated_batches_30,scDREAMER,lisi_f1,0.330761
macaque,partially_annotated_batches_30,scDREAMER,pos_rate,0.857435
macaque,partially_annotated_batches_30,scDREAMER,truepos_rate,0.419774
macaque,partially_annotated_batches_30,scGEN,ARI_cluster/label,0.746831
macaque,partially_annotated_batches_30,scGEN,ASW_label,0.55419
macaque,partially_annotated_batches_30,scGEN,ASW_label/batch,0.906124
macaque,partially_annotated_batches_30,scGEN,NMI_cluster/label,0.866596
macaque,partially_annotated_batches_30,scGEN,graph_conn,0.996554
macaque,partially_annotated_batches_30,scGEN,isolated_label_F1,0.713725
macaque,partially_annotated_batches_30,scGEN,isolated_label_silhouette,0.570831
macaque,partially_annotated_batches_30,scGEN,kBET,0.328931
macaque,partially_annotated_batches_30,scGEN,lisi_b,0.176803
macaque,partially_annotated_batches_30,scGEN,lisi_c,0.993731
macaque,partially_annotated_batches_30,scGEN,lisi_f1,0.300196
macaque,partially_annotated_batches_30,scGEN,pos_rate,0.988879
macaque,partially_annotated_batches_30,scGEN,truepos_rate,0.250248
macaque,partially_annotated_batches_50,ItClust,ARI_cluster/label,0.588925
macaque,partially_annotated_batches_50,ItClust,ASW_label,0.634417
macaque,partially_annotated_batches_50,ItClust,ASW_label/batch,0.66482
macaque,partially_annotated_batches_50,ItClust,NMI_cluster/label,0.765161
macaque,partially_annotated_batches_50,ItClust,graph_conn,0.785193
macaque,partially_annotated_batches_50,ItClust,isolated_label_F1,0.43949
macaque,partially_annotated_batches_50,ItClust,isolated_label_silhouette,0.462395
macaque,partially_annotated_batches_50,ItClust,kBET,0.383633
macaque,partially_annotated_batches_50,ItClust,lisi_b,0.165522
macaque,partially_annotated_batches_50,ItClust,lisi_c,0.990469
macaque,partially_annotated_batches_50,ItClust,lisi_f1,0.283643
macaque,partially_annotated_batches_50,ItClust,pos_rate,0.96426
macaque,partially_annotated_batches_50,ItClust,truepos_rate,0.00904231
macaque,partially_annotated_batches_50,STACAS,ARI_cluster/label,0.978414
macaque,partially_annotated_batches_50,STACAS,ASW_label,0.665809
macaque,partially_annotated_batches_50,STACAS,ASW_label/batch,0.901726
macaque,partially_annotated_batches_50,STACAS,NMI_cluster/label,0.964534
macaque,partially_annotated_batches_50,STACAS,graph_conn,0.991934
macaque,partially_annotated_batches_50,STACAS,isolated_label_F1,0.810811
macaque,partially_annotated_batches_50,STACAS,isolated_label_silhouette,0.569571
macaque,partially_annotated_batches_50,STACAS,kBET,0.320368
macaque,partially_annotated_batches_50,STACAS,lisi_b,0.229093
macaque,partially_annotated_batches_50,STACAS,lisi_c,0.99831
macaque,partially_annotated_batches_50,STACAS,lisi_f1,0.372666
macaque,partially_annotated_batches_50,STACAS,pos_rate,0.988582
macaque,partially_annotated_batches_50,STACAS,truepos_rate,0.204772
macaque,partially_annotated_batches_50,scANVI,ARI_cluster/label,0.985573
macaque,partially_annotated_batches_50,scANVI,ASW_label,0.715572
macaque,partially_annotated_batches_50,scANVI,ASW_label/batch,0.866708
macaque,partially_annotated_batches_50,scANVI,NMI_cluster/label,0.976825
macaque,partially_annotated_batches_50,scANVI,graph_conn,0.994887
macaque,partially_annotated_batches_50,scANVI,isolated_label_F1,0.905537
macaque,partially_annotated_batches_50,scANVI,isolated_label_silhouette,0.68759
macaque,partially_annotated_batches_50,scANVI,kBET,0.306391
macaque,partially_annotated_batches_50,scANVI,lisi_b,0.207193
macaque,partially_annotated_batches_50,scANVI,lisi_c,0.998644
macaque,partially_annotated_batches_50,scANVI,lisi_f1,0.343185
macaque,partially_annotated_batches_50,scANVI,pos_rate,0.992179
macaque,partially_annotated_batches_50,scANVI,truepos_rate,0.175566
macaque,partially_annotated_batches_50,scDREAMER,ARI_cluster/label,0.465602
macaque,partially_annotated_batches_50,scDREAMER,ASW_label,0.50237
macaque,partially_annotated_batches_50,scDREAMER,ASW_label/batch,0.917916
macaque,partially_annotated_batches_50,scDREAMER,NMI_cluster/label,0.636777
macaque,partially_annotated_batches_50,scDREAMER,graph_conn,0.899266
macaque,partially_annotated_batches_50,scDREAMER,isolated_label_F1,0.669683
macaque,partially_annotated_batches_50,scDREAMER,isolated_label_silhouette,0.557403
macaque,partially_annotated_batches_50,scDREAMER,kBET,0.613889
macaque,partially_annotated_batches_50,scDREAMER,lisi_b,0.184786
macaque,partially_annotated_batches_50,scDREAMER,lisi_c,0.924357
macaque,partially_annotated_batches_50,scDREAMER,lisi_f1,0.308
macaque,partially_annotated_batches_50,scDREAMER,pos_rate,0.744274
macaque,partially_annotated_batches_50,scDREAMER,truepos_rate,0.0793017
macaque,partially_annotated_batches_50,scGEN,ARI_cluster/label,0.867609
macaque,partially_annotated_batches_50,scGEN,ASW_label,0.553425
macaque,partially_annotated_batches_50,scGEN,ASW_label/batch,0.909732
macaque,partially_annotated_batches_50,scGEN,NMI_cluster/label,0.889109
macaque,partially_annotated_batches_50,scGEN,graph_conn,0.98408
macaque,partially_annotated_batches_50,scGEN,isolated_label_F1,0.452459
macaque,partially_annotated_batches_50,scGEN,isolated_label_silhouette,0.577995
macaque,partially_annotated_batches_50,scGEN,kBET,0.400972
macaque,partially_annotated_batches_50,scGEN,lisi_b,0.179221
macaque,partially_annotated_batches_50,scGEN,lisi_c,0.992565
macaque,partially_annotated_batches_50,scGEN,lisi_f1,0.303619
macaque,partially_annotated_batches_50,scGEN,pos_rate,0.984027
macaque,partially_annotated_batches_50,scGEN,truepos_rate,0.193684
macaque,partially_annotated_batches_70,ItClust,ARI_cluster/label,0.405998
macaque,partially_annotated_batches_70,ItClust,ASW_label,0.379417
macaque,partially_annotated_batches_70,ItClust,ASW_label/batch,0.57695
macaque,partially_annotated_batches_70,ItClust,NMI_cluster/label,0.601618
macaque,partially_annotated_batches_70,ItClust,graph_conn,0.735995
macaque,partially_annotated_batches_70,ItClust,isolated_label_F1,0.43299
macaque,partially_annotated_batches_70,ItClust,isolated_label_silhouette,0.258707
macaque,partially_annotated_batches_70,ItClust,kBET,0.500161
macaque,partially_annotated_batches_70,ItClust,lisi_b,0.172947
macaque,partially_annotated_batches_70,ItClust,lisi_c,0.954178
macaque,partially_annotated_batches_70,ItClust,lisi_f1,0.29282
macaque,partially_annotated_batches_70,ItClust,pos_rate,0.840869
macaque,partially_annotated_batches_70,ItClust,truepos_rate,0.0624051
macaque,partially_annotated_batches_70,STACAS,ARI_cluster/label,0.977001
macaque,partially_annotated_batches_70,STACAS,ASW_label,0.684804
macaque,partially_annotated_batches_70,STACAS,ASW_label/batch,0.904143
macaque,partially_annotated_batches_70,STACAS,NMI_cluster/label,0.961891
macaque,partially_annotated_batches_70,STACAS,graph_conn,0.991433
macaque,partially_annotated_batches_70,STACAS,isolated_label_F1,0.801242
macaque,partially_annotated_batches_70,STACAS,isolated_label_silhouette,0.556307
macaque,partially_annotated_batches_70,STACAS,kBET,0.417115
macaque,partially_annotated_batches_70,STACAS,lisi_b,0.233206
macaque,partially_annotated_batches_70,STACAS,lisi_c,0.99815
macaque,partially_annotated_batches_70,STACAS,lisi_f1,0.378078
macaque,partially_annotated_batches_70,STACAS,pos_rate,0.987724
macaque,partially_annotated_batches_70,STACAS,truepos_rate,0.235595
macaque,partially_annotated_batches_70,scANVI,ARI_cluster/label,0.984373
macaque,partially_annotated_batches_70,scANVI,ASW_label,0.697682
macaque,partially_annotated_batches_70,scANVI,ASW_label/batch,0.860846
macaque,partially_annotated_batches_70,scANVI,NMI_cluster/label,0.97509
macaque,partially_annotated_batches_70,scANVI,graph_conn,0.994593
macaque,partially_annotated_batches_70,scANVI,isolated_label_F1,0.896321
macaque,partially_annotated_batches_70,scANVI,isolated_label_silhouette,0.660185
macaque,partially_annotated_batches_70,scANVI,kBET,0.313596
macaque,partially_annotated_batches_70,scANVI,lisi_b,0.208756
macaque,partially_annotated_batches_70,scANVI,lisi_c,0.998307
macaque,partially_annotated_batches_70,scANVI,lisi_f1,0.345306
macaque,partially_annotated_batches_70,scANVI,pos_rate,0.99109
macaque,partially_annotated_batches_70,scANVI,truepos_rate,0.176523
macaque,partially_annotated_batches_70,scDREAMER,ARI_cluster/label,0.290027
macaque,partially_annotated_batches_70,scDREAMER,ASW_label,0.500459
macaque,partially_annotated_batches_70,scDREAMER,ASW_label/batch,0.914344
macaque,partially_annotated_batches_70,scDREAMER,NMI_cluster/label,0.471455
macaque,partially_annotated_batches_70,scDREAMER,graph_conn,0.83953
macaque,partially_annotated_batches_70,scDREAMER,isolated_label_F1,0.507614
macaque,partially_annotated_batches_70,scDREAMER,isolated_label_silhouette,0.51861
macaque,partially_annotated_batches_70,scDREAMER,kBET,0.459487
macaque,partially_annotated_batches_70,scDREAMER,lisi_b,0.180947
macaque,partially_annotated_batches_70,scDREAMER,lisi_c,0.880089
macaque,partially_annotated_batches_70,scDREAMER,lisi_f1,0.300177
macaque,partially_annotated_batches_70,scDREAMER,pos_rate,0.586265
macaque,partially_annotated_batches_70,scDREAMER,truepos_rate,0.0325061
macaque,partially_annotated_batches_70,scGEN,ARI_cluster/label,0.632268
macaque,partially_annotated_batches_70,scGEN,ASW_label,0.540237
macaque,partially_annotated_batches_70,scGEN,ASW_label/batch,0.94881
macaque,partially_annotated_batches_70,scGEN,NMI_cluster/label,0.824418
macaque,partially_annotated_batches_70,scGEN,graph_conn,0.995231
macaque,partially_annotated_batches_70,scGEN,isolated_label_F1,0.477612
macaque,partially_annotated_batches_70,scGEN,isolated_label_silhouette,0.564945
macaque,partially_annotated_batches_70,scGEN,kBET,0.194813
macaque,partially_annotated_batches_70,scGEN,lisi_b,0.125812
macaque,partially_annotated_batches_70,scGEN,lisi_c,0.990361
macaque,partially_annotated_batches_70,scGEN,lisi_f1,0.223262
macaque,partially_annotated_batches_70,scGEN,pos_rate,0.982542
macaque,partially_annotated_batches_70,scGEN,truepos_rate,0.00409214
macaque,randomly_missing_30,ItClust,ARI_cluster/label,0.671242
macaque,randomly_missing_30,ItClust,ASW_label,0.719042
macaque,randomly_missing_30,ItClust,ASW_label/batch,0.44617
macaque,randomly_missing_30,ItClust,NMI_cluster/label,0.779168
macaque,randomly_missing_30,ItClust,graph_conn,0.798795
macaque,randomly_missing_30,ItClust,isolated_label_F1,0.540943
macaque,randomly_missing_30,ItClust,isolated_label_silhouette,0.634913
macaque,randomly_missing_30,ItClust,kBET,0.635251
macaque,randomly_missing_30,ItClust,lisi_b,0.243084
macaque,randomly_missing_30,ItClust,lisi_c,0.99357
macaque,randomly_missing_30,ItClust,lisi_f1,0.390604
macaque,randomly_missing_30,ItClust,pos_rate,0.966273
macaque,randomly_missing_30,ItClust,truepos_rate,0.493466
macaque,randomly_missing_30,STACAS,ARI_cluster/label,0.979038
macaque,randomly_missing_30,STACAS,ASW_label,0.666999
macaque,randomly_missing_30,STACAS,ASW_label/batch,0.896404
macaque,randomly_missing_30,STACAS,NMI_cluster/label,0.965257
macaque,randomly_missing_30,STACAS,graph_conn,0.993448
macaque,randomly_missing_30,STACAS,isolated_label_F1,0.785498
macaque,randomly_missing_30,STACAS,isolated_label_silhouette,0.559381
macaque,randomly_missing_30,STACAS,kBET,0.312801
macaque,randomly_missing_30,STACAS,lisi_b,0.23832
macaque,randomly_missing_30,STACAS,lisi_c,0.998428
macaque,randomly_missing_30,STACAS,lisi_f1,0.384792
macaque,randomly_missing_30,STACAS,pos_rate,0.988549
macaque,randomly_missing_30,STACAS,truepos_rate,0.240017
macaque,randomly_missing_30,scANVI,ARI_cluster/label,0.985688
macaque,randomly_missing_30,scANVI,ASW_label,0.704576
macaque,randomly_missing_30,scANVI,ASW_label/batch,0.859791
macaque,randomly_missing_30,scANVI,NMI_cluster/label,0.977044
macaque,randomly_missing_30,scANVI,graph_conn,0.997413
macaque,randomly_missing_30,scANVI,isolated_label_F1,0.932886
macaque,randomly_missing_30,scANVI,isolated_label_silhouette,0.685447
macaque,randomly_missing_30,scANVI,kBET,0.291389
macaque,randomly_missing_30,scANVI,lisi_b,0.207951
macaque,randomly_missing_30,scANVI,lisi_c,0.998504
macaque,randomly_missing_30,scANVI,lisi_f1,0.344214
macaque,randomly_missing_30,scANVI,pos_rate,0.991156
macaque,randomly_missing_30,scANVI,truepos_rate,0.16725
macaque,randomly_missing_30,scDREAMER,ARI_cluster/label,0.597255
macaque,randomly_missing_30,scDREAMER,ASW_label,0.537498
macaque,randomly_missing_30,scDREAMER,ASW_label/batch,0.881489
macaque,randomly_missing_30,scDREAMER,NMI_cluster/label,0.698243
macaque,randomly_missing_30,scDREAMER,graph_conn,0.938556
macaque,randomly_missing_30,scDREAMER,isolated_label_F1,0.22833
macaque,randomly_missing_30,scDREAMER,isolated_label_silhouette,0.579051
macaque,randomly_missing_30,scDREAMER,kBET,0.888949
macaque,randomly_missing_30,scDREAMER,lisi_b,0.256143
macaque,randomly_missing_30,scDREAMER,lisi_c,0.94518
macaque,randomly_missing_30,scDREAMER,lisi_f1,0.403058
macaque,randomly_missing_30,scDREAMER,pos_rate,0.822586
macaque,randomly_missing_30,scDREAMER,truepos_rate,0.661838
macaque,randomly_missing_30,scGEN,ARI_cluster/label,0.912607
macaque,randomly_missing_30,scGEN,ASW_label,0.553644
macaque,randomly_missing_30,scGEN,ASW_label/batch,0.889213
macaque,randomly_missing_30,scGEN,NMI_cluster/label,0.928966
macaque,randomly_missing_30,scGEN,graph_conn,0.995971
macaque,randomly_missing_30,scGEN,isolated_label_F1,0.442623
macaque,randomly_missing_30,scGEN,isolated_label_silhouette,0.587594
macaque,randomly_missing_30,scGEN,kBET,0.474898
macaque,randomly_missing_30,scGEN,lisi_b,0.217749
macaque,randomly_missing_30,scGEN,lisi_c,0.991948
macaque,randomly_missing_30,scGEN,lisi_f1,0.357107
macaque,randomly_missing_30,scGEN,pos_rate,0.982443
macaque,randomly_missing_30,scGEN,truepos_rate,0.541053
macaque,randomly_missing_50,ItClust,ARI_cluster/label,0.557309
macaque,randomly_missing_50,ItClust,ASW_label,0.579167
macaque,randomly_missing_50,ItClust,ASW_label/batch,0.501544
macaque,randomly_missing_50,ItClust,NMI_cluster/label,0.737747
macaque,randomly_missing_50,ItClust,graph_conn,0.61844
macaque,randomly_missing_50,ItClust,isolated_label_F1,0.364078
macaque,randomly_missing_50,ItClust,isolated_label_silhouette,0.418854
macaque,randomly_missing_50,ItClust,kBET,0.625024
macaque,randomly_missing_50,ItClust,lisi_b,0.241554
macaque,randomly_missing_50,ItClust,lisi_c,0.988847
macaque,randomly_missing_50,ItClust,lisi_f1,0.388263
macaque,randomly_missing_50,ItClust,pos_rate,0.949937
macaque,randomly_missing_50,ItClust,truepos_rate,0.501353
macaque,randomly_missing_50,STACAS,ARI_cluster/label,0.978999
macaque,randomly_missing_50,STACAS,ASW_label,0.665458
macaque,randomly_missing_50,STACAS,ASW_label/batch,0.89543
macaque,randomly_missing_50,STACAS,NMI_cluster/label,0.965324
macaque,randomly_missing_50,STACAS,graph_conn,0.991885
macaque,randomly_missing_50,STACAS,isolated_label_F1,0.813333
macaque,randomly_missing_50,STACAS,isolated_label_silhouette,0.562424
macaque,randomly_missing_50,STACAS,kBET,0.333702
macaque,randomly_missing_50,STACAS,lisi_b,0.238237
macaque,randomly_missing_50,STACAS,lisi_c,0.998234
macaque,randomly_missing_50,STACAS,lisi_f1,0.384669
macaque,randomly_missing_50,STACAS,pos_rate,0.98911
macaque,randomly_missing_50,STACAS,truepos_rate,0.246782
macaque,randomly_missing_50,scANVI,ARI_cluster/label,0.982898
macaque,randomly_missing_50,scANVI,ASW_label,0.707627
macaque,randomly_missing_50,scANVI,ASW_label/batch,0.862858
macaque,randomly_missing_50,scANVI,NMI_cluster/label,0.972162
macaque,randomly_missing_50,scANVI,graph_conn,0.995702
macaque,randomly_missing_50,scANVI,isolated_label_F1,0.876972
macaque,randomly_missing_50,scANVI,isolated_label_silhouette,0.684447
macaque,randomly_missing_50,scANVI,kBET,0.303886
macaque,randomly_missing_50,scANVI,lisi_b,0.210132
macaque,randomly_missing_50,scANVI,lisi_c,0.998384
macaque,randomly_missing_50,scANVI,lisi_f1,0.34719
macaque,randomly_missing_50,scANVI,pos_rate,0.990331
macaque,randomly_missing_50,scANVI,truepos_rate,0.186225
macaque,randomly_missing_50,scDREAMER,ARI_cluster/label,0.351241
macaque,randomly_missing_50,scDREAMER,ASW_label,0.522155
macaque,randomly_missing_50,scDREAMER,ASW_label/batch,0.884202
macaque,randomly_missing_50,scDREAMER,NMI_cluster/label,0.557933
macaque,randomly_missing_50,scDREAMER,graph_conn,0.884861
macaque,randomly_missing_50,scDREAMER,isolated_label_F1,0.710526
macaque,randomly_missing_50,scDREAMER,isolated_label_silhouette,0.548136
macaque,randomly_missing_50,scDREAMER,kBET,0.806573
macaque,randomly_missing_50,scDREAMER,lisi_b,0.257656
macaque,randomly_missing_50,scDREAMER,lisi_c,0.910246
macaque,randomly_missing_50,scDREAMER,lisi_f1,0.401627
macaque,randomly_missing_50,scDREAMER,pos_rate,0.695565
macaque,randomly_missing_50,scDREAMER,truepos_rate,0.548248
macaque,randomly_missing_50,scGEN,ARI_cluster/label,0.873103
macaque,randomly_missing_50,scGEN,ASW_label,0.556691
macaque,randomly_missing_50,scGEN,ASW_label/batch,0.895105
macaque,randomly_missing_50,scGEN,NMI_cluster/label,0.903479
macaque,randomly_missing_50,scGEN,graph_conn,0.995418
macaque,randomly_missing_50,scGEN,isolated_label_F1,0.345342
macaque,randomly_missing_50,scGEN,isolated_label_silhouette,0.574767
macaque,randomly_missing_50,scGEN,kBET,0.494953
macaque,randomly_missing_50,scGEN,lisi_b,0.221702
macaque,randomly_missing_50,scGEN,lisi_c,0.990997
macaque,randomly_missing_50,scGEN,lisi_f1,0.362342
macaque,randomly_missing_50,scGEN,pos_rate,0.978318
macaque,randomly_missing_50,scGEN,truepos_rate,0.477724
macaque,randomly_missing_70,ItClust,ARI_cluster/label,0.526247
macaque,randomly_missing_70,ItClust,ASW_label,0.502298
macaque,randomly_missing_70,ItClust,ASW_label/batch,0.452717
macaque,randomly_missing_70,ItClust,NMI_cluster/label,0.717933
macaque,randomly_missing_70,ItClust,graph_conn,0.776083
macaque,randomly_missing_70,ItClust,isolated_label_F1,0.39485
macaque,randomly_missing_70,ItClust,isolated_label_silhouette,0.397602
macaque,randomly_missing_70,ItClust,kBET,0.731264
macaque,randomly_missing_70,ItClust,lisi_b,0.251188
macaque,randomly_missing_70,ItClust,lisi_c,0.984126
macaque,randomly_missing_70,ItClust,lisi_f1,0.400223
macaque,randomly_missing_70,ItClust,pos_rate,0.945713
macaque,randomly_missing_70,ItClust,truepos_rate,0.585242
macaque,randomly_missing_70,STACAS,ARI_cluster/label,0.977807
macaque,randomly_missing_70,STACAS,ASW_label,0.6654
macaque,randomly_missing_70,STACAS,ASW_label/batch,0.896125
macaque,randomly_missing_70,STACAS,NMI_cluster/label,0.963747
macaque,randomly_missing_70,STACAS,graph_conn,0.994478
macaque,randomly_missing_70,STACAS,isolated_label_F1,0.804954
macaque,randomly_missing_70,STACAS,isolated_label_silhouette,0.558982
macaque,randomly_missing_70,STACAS,kBET,0.32989
macaque,randomly_missing_70,STACAS,lisi_b,0.241275
macaque,randomly_missing_70,STACAS,lisi_c,0.998172
macaque,randomly_missing_70,STACAS,lisi_f1,0.388615
macaque,randomly_missing_70,STACAS,pos_rate,0.988252
macaque,randomly_missing_70,STACAS,truepos_rate,0.268662
macaque,randomly_missing_70,scANVI,ARI_cluster/label,0.982891
macaque,randomly_missing_70,scANVI,ASW_label,0.691756
macaque,randomly_missing_70,scANVI,ASW_label/batch,0.850491
macaque,randomly_missing_70,scANVI,NMI_cluster/label,0.971177
macaque,randomly_missing_70,scANVI,graph_conn,0.99285
macaque,randomly_missing_70,scANVI,isolated_label_F1,0.8375
macaque,randomly_missing_70,scANVI,isolated_label_silhouette,0.650718
macaque,randomly_missing_70,scANVI,kBET,0.291585
macaque,randomly_missing_70,scANVI,lisi_b,0.208967
macaque,randomly_missing_70,scANVI,lisi_c,0.998162
macaque,randomly_missing_70,scANVI,lisi_f1,0.345585
macaque,randomly_missing_70,scANVI,pos_rate,0.989704
macaque,randomly_missing_70,scANVI,truepos_rate,0.175632
macaque,randomly_missing_70,scDREAMER,ARI_cluster/label,0.230407
macaque,randomly_missing_70,scDREAMER,ASW_label,0.515142
macaque,randomly_missing_70,scDREAMER,ASW_label/batch,0.885912
macaque,randomly_missing_70,scDREAMER,NMI_cluster/label,0.433392
macaque,randomly_missing_70,scDREAMER,graph_conn,0.826711
macaque,randomly_missing_70,scDREAMER,isolated_label_F1,0.507614
macaque,randomly_missing_70,scDREAMER,isolated_label_silhouette,0.495535
macaque,randomly_missing_70,scDREAMER,kBET,0.781528
macaque,randomly_missing_70,scDREAMER,lisi_b,0.25637
macaque,randomly_missing_70,scDREAMER,lisi_c,0.876178
macaque,randomly_missing_70,scDREAMER,lisi_f1,0.396673
macaque,randomly_missing_70,scDREAMER,pos_rate,0.56983
macaque,randomly_missing_70,scDREAMER,truepos_rate,0.4272
macaque,randomly_missing_70,scGEN,ARI_cluster/label,0.904028
macaque,randomly_missing_70,scGEN,ASW_label,0.54425
macaque,randomly_missing_70,scGEN,ASW_label/batch,0.912735
macaque,randomly_missing_70,scGEN,NMI_cluster/label,0.917884
macaque,randomly_missing_70,scGEN,graph_conn,0.993787
macaque,randomly_missing_70,scGEN,isolated_label_F1,0.276276
macaque,randomly_missing_70,scGEN,isolated_label_silhouette,0.586336
macaque,randomly_missing_70,scGEN,kBET,0.301812
macaque,randomly_missing_70,scGEN,lisi_b,0.20253
macaque,randomly_missing_70,scGEN,lisi_c,0.989671
macaque,randomly_missing_70,scGEN,lisi_f1,0.336249
macaque,randomly_missing_70,scGEN,pos_rate,0.977196
macaque,randomly_missing_70,scGEN,truepos_rate,0.320144
macaque,randomly_wrong_30,ItClust,ARI_cluster/label,0.529375
macaque,randomly_wrong_30,ItClust,ASW_label,0.651335
macaque,randomly_wrong_30,ItClust,ASW_label/batch,0.499135
macaque,randomly_wrong_30,ItClust,NMI_cluster/label,0.497573
macaque,randomly_wrong_30,ItClust,graph_conn,0.799642
macaque,randomly_wrong_30,ItClust,isolated_label_F1,0.208017
macaque,randomly_wrong_30,ItClust,isolated_label_silhouette,0.559005
macaque,randomly_wrong_30,ItClust,kBET,0.577877
macaque,randomly_wrong_30,ItClust,lisi_b,0.26103
macaque,randomly_wrong_30,ItClust,lisi_c,0.939711
macaque,randomly_wrong_30,ItClust,lisi_f1,0.408569
macaque,randomly_wrong_30,ItClust,pos_rate,0.732526
macaque,randomly_wrong_30,ItClust,truepos_rate,0.454458
macaque,randomly_wrong_30,STACAS,ARI_cluster/label,0.975866
macaque,randomly_wrong_30,STACAS,ASW_label,0.6706
macaque,randomly_wrong_30,STACAS,ASW_label/batch,0.89793
macaque,randomly_wrong_30,STACAS,NMI_cluster/label,0.961905
macaque,randomly_wrong_30,STACAS,graph_conn,0.991408
macaque,randomly_wrong_30,STACAS,isolated_label_F1,0.82623
macaque,randomly_wrong_30,STACAS,isolated_label_silhouette,0.565695
macaque,randomly_wrong_30,STACAS,kBET,0.325854
macaque,randomly_wrong_30,STACAS,lisi_b,0.221844
macaque,randomly_wrong_30,STACAS,lisi_c,0.998417
macaque,randomly_wrong_30,STACAS,lisi_f1,0.363025
macaque,randomly_wrong_30,STACAS,pos_rate,0.987955
macaque,randomly_wrong_30,STACAS,truepos_rate,0.191539
macaque,randomly_wrong_30,scANVI,ARI_cluster/label,0.971486
macaque,randomly_wrong_30,scANVI,ASW_label,0.634268
macaque,randomly_wrong_30,scANVI,ASW_label/batch,0.898518
macaque,randomly_wrong_30,scANVI,NMI_cluster/label,0.954214
macaque,randomly_wrong_30,scANVI,graph_conn,0.989035
macaque,randomly_wrong_30,scANVI,isolated_label_F1,0.812081
macaque,randomly_wrong_30,scANVI,isolated_label_silhouette,0.615538
macaque,randomly_wrong_30,scANVI,kBET,0.430345
macaque,randomly_wrong_30,scANVI,lisi_b,0.217448
macaque,randomly_wrong_30,scANVI,lisi_c,0.996748
macaque,randomly_wrong_30,scANVI,lisi_f1,0.357011
macaque,randomly_wrong_30,scANVI,pos_rate,0.981552
macaque,randomly_wrong_30,scANVI,truepos_rate,0.286384
macaque,randomly_wrong_30,scDREAMER,ARI_cluster/label,0.483264
macaque,randomly_wrong_30,scDREAMER,ASW_label,0.525489
macaque,randomly_wrong_30,scDREAMER,ASW_label/batch,0.876561
macaque,randomly_wrong_30,scDREAMER,NMI_cluster/label,0.456259
macaque,randomly_wrong_30,scDREAMER,graph_conn,0.828527
macaque,randomly_wrong_30,scDREAMER,isolated_label_F1,0.184615
macaque,randomly_wrong_30,scDREAMER,isolated_label_silhouette,0.541344
macaque,randomly_wrong_30,scDREAMER,kBET,0.765503
macaque,randomly_wrong_30,scDREAMER,lisi_b,0.256677
macaque,randomly_wrong_30,scDREAMER,lisi_c,0.90959
macaque,randomly_wrong_30,scDREAMER,lisi_f1,0.400373
macaque,randomly_wrong_30,scDREAMER,pos_rate,0.653059
macaque,randomly_wrong_30,scDREAMER,truepos_rate,0.499208
macaque,randomly_wrong_30,scGEN,ARI_cluster/label,0.836098
macaque,randomly_wrong_30,scGEN,ASW_label,0.555863
macaque,randomly_wrong_30,scGEN,ASW_label/batch,0.941629
macaque,randomly_wrong_30,scGEN,NMI_cluster/label,0.865657
macaque,randomly_wrong_30,scGEN,graph_conn,0.985566
macaque,randomly_wrong_30,scGEN,isolated_label_F1,0.461864
macaque,randomly_wrong_30,scGEN,isolated_label_silhouette,0.560121
macaque,randomly_wrong_30,scGEN,kBET,0.551097
macaque,randomly_wrong_30,scGEN,lisi_b,0.217114
macaque,randomly_wrong_30,scGEN,lisi_c,0.988541
macaque,randomly_wrong_30,scGEN,lisi_f1,0.356033
macaque,randomly_wrong_30,scGEN,pos_rate,0.963897
macaque,randomly_wrong_30,scGEN,truepos_rate,0.489077
macaque,randomly_wrong_50,ItClust,ARI_cluster/label,0.218252
macaque,randomly_wrong_50,ItClust,ASW_label,0.484274
macaque,randomly_wrong_50,ItClust,ASW_label/batch,0.670277
macaque,randomly_wrong_50,ItClust,NMI_cluster/label,0.223573
macaque,randomly_wrong_50,ItClust,graph_conn,0.5072
macaque,randomly_wrong_50,ItClust,isolated_label_F1,0.056242
macaque,randomly_wrong_50,ItClust,isolated_label_silhouette,0.423682
macaque,randomly_wrong_50,ItClust,kBET,0.374928
macaque,randomly_wrong_50,ItClust,lisi_b,0.264857
macaque,randomly_wrong_50,ItClust,lisi_c,0.823467
macaque,randomly_wrong_50,ItClust,lisi_f1,0.400801
macaque,randomly_wrong_50,ItClust,pos_rate,0.40994
macaque,randomly_wrong_50,ItClust,truepos_rate,0.253284
macaque,randomly_wrong_50,STACAS,ARI_cluster/label,0.975336
macaque,randomly_wrong_50,STACAS,ASW_label,0.663009
macaque,randomly_wrong_50,STACAS,ASW_label/batch,0.897195
macaque,randomly_wrong_50,STACAS,NMI_cluster/label,0.961257
macaque,randomly_wrong_50,STACAS,graph_conn,0.992084
macaque,randomly_wrong_50,STACAS,isolated_label_F1,0.803797
macaque,randomly_wrong_50,STACAS,isolated_label_silhouette,0.57001
macaque,randomly_wrong_50,STACAS,kBET,0.350406
macaque,randomly_wrong_50,STACAS,lisi_b,0.219353
macaque,randomly_wrong_50,STACAS,lisi_c,0.998192
macaque,randomly_wrong_50,STACAS,lisi_f1,0.359669
macaque,randomly_wrong_50,STACAS,pos_rate,0.987625
macaque,randomly_wrong_50,STACAS,truepos_rate,0.172893
macaque,randomly_wrong_50,scANVI,ARI_cluster/label,0.961484
macaque,randomly_wrong_50,scANVI,ASW_label,0.607857
macaque,randomly_wrong_50,scANVI,ASW_label/batch,0.911505
macaque,randomly_wrong_50,scANVI,NMI_cluster/label,0.93834
macaque,randomly_wrong_50,scANVI,graph_conn,0.988398
macaque,randomly_wrong_50,scANVI,isolated_label_F1,0.203547
macaque,randomly_wrong_50,scANVI,isolated_label_silhouette,0.585214
macaque,randomly_wrong_50,scANVI,kBET,0.484278
macaque,randomly_wrong_50,scANVI,lisi_b,0.22284
macaque,randomly_wrong_50,scANVI,lisi_c,0.994048
macaque,randomly_wrong_50,scANVI,lisi_f1,0.364066
macaque,randomly_wrong_50,scANVI,pos_rate,0.973533
macaque,randomly_wrong_50,scANVI,truepos_rate,0.337205
macaque,randomly_wrong_50,scDREAMER,ARI_cluster/label,0.231771
macaque,randomly_wrong_50,scDREAMER,ASW_label,0.50263
macaque,randomly_wrong_50,scDREAMER,ASW_label/batch,0.883707
macaque,randomly_wrong_50,scDREAMER,NMI_cluster/label,0.234112
macaque,randomly_wrong_50,scDREAMER,graph_conn,0.71356
macaque,randomly_wrong_50,scDREAMER,isolated_label_F1,0.083386
macaque,randomly_wrong_50,scDREAMER,isolated_label_silhouette,0.493371
macaque,randomly_wrong_50,scDREAMER,kBET,0.628794
macaque,randomly_wrong_50,scDREAMER,lisi_b,0.259639
macaque,randomly_wrong_50,scDREAMER,lisi_c,0.83862
macaque,randomly_wrong_50,scDREAMER,lisi_f1,0.396516
macaque,randomly_wrong_50,scDREAMER,pos_rate,0.417035
macaque,randomly_wrong_50,scDREAMER,truepos_rate,0.304996
macaque,randomly_wrong_50,scGEN,ARI_cluster/label,0.667953
macaque,randomly_wrong_50,scGEN,ASW_label,0.543177
macaque,randomly_wrong_50,scGEN,ASW_label/batch,0.945179
macaque,randomly_wrong_50,scGEN,NMI_cluster/label,0.784604
macaque,randomly_wrong_50,scGEN,graph_conn,0.989584
macaque,randomly_wrong_50,scGEN,isolated_label_F1,0.357964
macaque,randomly_wrong_50,scGEN,isolated_label_silhouette,0.562129
macaque,randomly_wrong_50,scGEN,kBET,0.372342
macaque,randomly_wrong_50,scGEN,lisi_b,0.199487
macaque,randomly_wrong_50,scGEN,lisi_c,0.982508
macaque,randomly_wrong_50,scGEN,lisi_f1,0.331639
macaque,randomly_wrong_50,scGEN,pos_rate,0.95832
macaque,randomly_wrong_50,scGEN,truepos_rate,0.338526
macaque,randomly_wrong_70,ItClust,ARI_cluster/label,0.0276331
macaque,randomly_wrong_70,ItClust,ASW_label,0.444428
macaque,randomly_wrong_70,ItClust,ASW_label/batch,0.76552
macaque,randomly_wrong_70,ItClust,NMI_cluster/label,0.0676505
macaque,randomly_wrong_70,ItClust,graph_conn,0.295233
macaque,randomly_wrong_70,ItClust,isolated_label_F1,0.0500928
macaque,randomly_wrong_70,ItClust,isolated_label_silhouette,0.427681
macaque,randomly_wrong_70,ItClust,kBET,0.239809
macaque,randomly_wrong_70,ItClust,lisi_b,0.266928
macaque,randomly_wrong_70,ItClust,lisi_c,0.703932
macaque,randomly_wrong_70,ItClust,lisi_f1,0.387078
macaque,randomly_wrong_70,ItClust,pos_rate,0.105604
macaque,randomly_wrong_70,ItClust,truepos_rate,0.0671573
macaque,randomly_wrong_70,STACAS,ARI_cluster/label,0.974681
macaque,randomly_wrong_70,STACAS,ASW_label,0.659409
macaque,randomly_wrong_70,STACAS,ASW_label/batch,0.898475
macaque,randomly_wrong_70,STACAS,NMI_cluster/label,0.960427
macaque,randomly_wrong_70,STACAS,graph_conn,0.992848
macaque,randomly_wrong_70,STACAS,isolated_label_F1,0.822785
macaque,randomly_wrong_70,STACAS,isolated_label_silhouette,0.571631
macaque,randomly_wrong_70,STACAS,kBET,0.335425
macaque,randomly_wrong_70,STACAS,lisi_b,0.21703
macaque,randomly_wrong_70,STACAS,lisi_c,0.998155
macaque,randomly_wrong_70,STACAS,lisi_f1,0.356537
macaque,randomly_wrong_70,STACAS,pos_rate,0.987262
macaque,randomly_wrong_70,STACAS,truepos_rate,0.181737
macaque,randomly_wrong_70,scANVI,ARI_cluster/label,0.954228
macaque,randomly_wrong_70,scANVI,ASW_label,0.593231
macaque,randomly_wrong_70,scANVI,ASW_label/batch,0.905391
macaque,randomly_wrong_70,scANVI,NMI_cluster/label,0.930938
macaque,randomly_wrong_70,scANVI,graph_conn,0.985156
macaque,randomly_wrong_70,scANVI,isolated_label_F1,0.187749
macaque,randomly_wrong_70,scANVI,isolated_label_silhouette,0.554404
macaque,randomly_wrong_70,scANVI,kBET,0.508255
macaque,randomly_wrong_70,scANVI,lisi_b,0.226403
macaque,randomly_wrong_70,scANVI,lisi_c,0.993032
macaque,randomly_wrong_70,scANVI,lisi_f1,0.368737
macaque,randomly_wrong_70,scANVI,pos_rate,0.969837
macaque,randomly_wrong_70,scANVI,truepos_rate,0.388027
macaque,randomly_wrong_70,scDREAMER,ARI_cluster/label,0.0639334
macaque,randomly_wrong_70,scDREAMER,ASW_label,0.490717
macaque,randomly_wrong_70,scDREAMER,ASW_label/batch,0.883555
macaque,randomly_wrong_70,scDREAMER,NMI_cluster/label,0.0783473
macaque,randomly_wrong_70,scDREAMER,graph_conn,0.618623
macaque,randomly_wrong_70,scDREAMER,isolated_label_F1,0.0347323
macaque,randomly_wrong_70,scDREAMER,isolated_label_silhouette,0.478548
macaque,randomly_wrong_70,scDREAMER,kBET,0.600141
macaque,randomly_wrong_70,scDREAMER,lisi_b,0.2637
macaque,randomly_wrong_70,scDREAMER,lisi_c,0.770444
macaque,randomly_wrong_70,scDREAMER,lisi_f1,0.392916
macaque,randomly_wrong_70,scDREAMER,pos_rate,0.21652
macaque,randomly_wrong_70,scDREAMER,truepos_rate,0.156425
macaque,randomly_wrong_70,scGEN,ARI_cluster/label,0.678105
macaque,randomly_wrong_70,scGEN,ASW_label,0.538209
macaque,randomly_wrong_70,scGEN,ASW_label/batch,0.950642
macaque,randomly_wrong_70,scGEN,NMI_cluster/label,0.814133
macaque,randomly_wrong_70,scGEN,graph_conn,0.988343
macaque,randomly_wrong_70,scGEN,isolated_label_F1,0.198347
macaque,randomly_wrong_70,scGEN,isolated_label_silhouette,0.561429
macaque,randomly_wrong_70,scGEN,kBET,0.232268
macaque,randomly_wrong_70,scGEN,lisi_b,0.181124
macaque,randomly_wrong_70,scGEN,lisi_c,0.983131
macaque,randomly_wrong_70,scGEN,lisi_f1,0.305892
macaque,randomly_wrong_70,scGEN,pos_rate,0.964392
macaque,randomly_wrong_70,scGEN,truepos_rate,0.203089
macaque,unsupervised,Harmony,ARI_cluster/label,0.963835
macaque,unsupervised,Harmony,ASW_label,0.581351
macaque,unsupervised,Harmony,ASW_label/batch,0.935686
macaque,unsupervised,Harmony,NMI_cluster/label,0.950354
macaque,unsupervised,Harmony,graph_conn,0.986072
macaque,unsupervised,Harmony,isolated_label_F1,0.133878
macaque,unsupervised,Harmony,isolated_label_silhouette,0.521229
macaque,unsupervised,Harmony,kBET,0.183816
macaque,unsupervised,Harmony,lisi_b,0.202339
macaque,unsupervised,Harmony,lisi_c,0.995521
macaque,unsupervised,Harmony,lisi_f1,0.336321
macaque,unsupervised,Harmony,pos_rate,0.980727
macaque,unsupervised,Harmony,truepos_rate,0.539304
macaque,unsupervised,Seurat,ARI_cluster/label,0.914907
macaque,unsupervised,Seurat,ASW_label,0.674725
macaque,unsupervised,Seurat,ASW_label/batch,0.721677
macaque,unsupervised,Seurat,NMI_cluster/label,0.901509
macaque,unsupervised,Seurat,graph_conn,0.988149
macaque,unsupervised,Seurat,isolated_label_F1,0.184295
macaque,unsupervised,Seurat,isolated_label_silhouette,0.518851
macaque,unsupervised,Seurat,kBET,0.195819
macaque,unsupervised,Seurat,lisi_b,0.200133
macaque,unsupervised,Seurat,lisi_c,0.992199
macaque,unsupervised,Seurat,lisi_f1,0.333082
macaque,unsupervised,Seurat,pos_rate,0.965712
macaque,unsupervised,Seurat,truepos_rate,0.044783
macaque,unsupervised,scCRAFT,ARI_cluster/label,0.966228
macaque,unsupervised,scCRAFT,ASW_label,0.731881
macaque,unsupervised,scCRAFT,ASW_label/batch,0.933887
macaque,unsupervised,scCRAFT,NMI_cluster/label,0.948358
macaque,unsupervised,scCRAFT,graph_conn,0.974881
macaque,unsupervised,scCRAFT,isolated_label_F1,0.216
macaque,unsupervised,scCRAFT,isolated_label_silhouette,0.481771
macaque,unsupervised,scCRAFT,kBET,0.49409
macaque,unsupervised,scCRAFT,lisi_b,0.236519
macaque,unsupervised,scCRAFT,lisi_c,0.998189
macaque,unsupervised,scCRAFT,lisi_f1,0.382424
macaque,unsupervised,scCRAFT,pos_rate,0.978978
macaque,unsupervised,scCRAFT,truepos_rate,0.733219
macaque,unsupervised,scVI,ARI_cluster/label,0.965796
macaque,unsupervised,scVI,ASW_label,0.544716
macaque,unsupervised,scVI,ASW_label/batch,0.933489
macaque,unsupervised,scVI,NMI_cluster/label,0.948758
macaque,unsupervised,scVI,graph_conn,0.989228
macaque,unsupervised,scVI,isolated_label_F1,0.809365
macaque,unsupervised,scVI,isolated_label_silhouette,0.552566
macaque,unsupervised,scVI,kBET,0.418109
macaque,unsupervised,scVI,lisi_b,0.214427
macaque,unsupervised,scVI,lisi_c,0.986704
macaque,unsupervised,scVI,lisi_f1,0.352295
macaque,unsupervised,scVI,pos_rate,0.97515
macaque,unsupervised,scVI,truepos_rate,0.404825
macaque,unsupervised,scanorama,ARI_cluster/label,0.548408
macaque,unsupervised,scanorama,ASW_label,0.554462
macaque,unsupervised,scanorama,ASW_label/batch,0.954916
macaque,unsupervised,scanorama,NMI_cluster/label,0.787783
macaque,unsupervised,scanorama,graph_conn,0.932836
macaque,unsupervised,scanorama,isolated_label_F1,0.319249
macaque,unsupervised,scanorama,isolated_label_silhouette,0.530129
macaque,unsupervised,scanorama,kBET,0.173162
macaque,unsupervised,scanorama,lisi_b,0.127
macaque,unsupervised,scanorama,lisi_c,0.995
macaque,unsupervised,scanorama,lisi_f1,0.226
macaque,unsupervised,scanorama,pos_rate,0.979539
macaque,unsupervised,scanorama,truepos_rate,0.004488
